ISO-10303-21;
HEADER;
FILE_DESCRIPTION(('FreeCAD Model'),'2;1');
FILE_NAME('Open CASCADE Shape Model','2026-05-15T18:25:17',('Author'),(
    ''),'Open CASCADE STEP processor 7.8','FreeCAD','Unknown');
FILE_SCHEMA(('AUTOMOTIVE_DESIGN { 1 0 10303 214 1 1 1 1 }'));
ENDSEC;
DATA;
#1 = APPLICATION_PROTOCOL_DEFINITION('international standard',
  'automotive_design',2000,#2);
#2 = APPLICATION_CONTEXT(
  'core data for automotive mechanical design processes');
#3 = SHAPE_DEFINITION_REPRESENTATION(#4,#10);
#4 = PRODUCT_DEFINITION_SHAPE('','',#5);
#5 = PRODUCT_DEFINITION('design','',#6,#9);
#6 = PRODUCT_DEFINITION_FORMATION('','',#7);
#7 = PRODUCT('2195SM-10G-K-TY_ASM','2195SM-10G-K-TY_ASM','',(#8));
#8 = PRODUCT_CONTEXT('',#2,'mechanical');
#9 = PRODUCT_DEFINITION_CONTEXT('part definition',#2,'design');
#10 = SHAPE_REPRESENTATION('',(#11,#15,#19,#23,#27,#31,#35,#39,#43,#47,
    #51,#55),#59);
#11 = AXIS2_PLACEMENT_3D('',#12,#13,#14);
#12 = CARTESIAN_POINT('',(0.,0.,0.));
#13 = DIRECTION('',(0.,0.,1.));
#14 = DIRECTION('',(1.,0.,-0.));
#15 = AXIS2_PLACEMENT_3D('',#16,#17,#18);
#16 = CARTESIAN_POINT('',(0.100393700787,0.25,-9.645669291339E-02));
#17 = DIRECTION('',(0.,0.,1.));
#18 = DIRECTION('',(1.,0.,0.));
#19 = AXIS2_PLACEMENT_3D('',#20,#21,#22);
#20 = CARTESIAN_POINT('',(0.935393700787,2.59,2.653543307087));
#21 = DIRECTION('',(0.,1.,2.22044604925E-16));
#22 = DIRECTION('',(1.,0.,-0.));
#23 = AXIS2_PLACEMENT_3D('',#24,#25,#26);
#24 = CARTESIAN_POINT('',(-0.734606299213,2.99,2.653543307087));
#25 = DIRECTION('',(-0.,-1.,-2.22044604925E-16));
#26 = DIRECTION('',(-1.,0.,0.));
#27 = AXIS2_PLACEMENT_3D('',#28,#29,#30);
#28 = CARTESIAN_POINT('',(0.935393700787,1.32,2.653543307087));
#29 = DIRECTION('',(0.,1.,2.22044604925E-16));
#30 = DIRECTION('',(1.,0.,-0.));
#31 = AXIS2_PLACEMENT_3D('',#32,#33,#34);
#32 = CARTESIAN_POINT('',(-0.734606299213,1.72,2.653543307087));
#33 = DIRECTION('',(-0.,-1.,-2.22044604925E-16));
#34 = DIRECTION('',(-1.,0.,0.));
#35 = AXIS2_PLACEMENT_3D('',#36,#37,#38);
#36 = CARTESIAN_POINT('',(0.935393700787,5.E-02,2.653543307087));
#37 = DIRECTION('',(0.,1.,2.22044604925E-16));
#38 = DIRECTION('',(1.,0.,-0.));
#39 = AXIS2_PLACEMENT_3D('',#40,#41,#42);
#40 = CARTESIAN_POINT('',(-0.734606299213,0.45,2.653543307087));
#41 = DIRECTION('',(-0.,-1.,-2.22044604925E-16));
#42 = DIRECTION('',(-1.,0.,0.));
#43 = AXIS2_PLACEMENT_3D('',#44,#45,#46);
#44 = CARTESIAN_POINT('',(0.935393700787,-1.22,2.653543307087));
#45 = DIRECTION('',(0.,1.,2.22044604925E-16));
#46 = DIRECTION('',(1.,0.,-0.));
#47 = AXIS2_PLACEMENT_3D('',#48,#49,#50);
#48 = CARTESIAN_POINT('',(-0.734606299213,-0.82,2.653543307087));
#49 = DIRECTION('',(-0.,-1.,-2.22044604925E-16));
#50 = DIRECTION('',(-1.,0.,0.));
#51 = AXIS2_PLACEMENT_3D('',#52,#53,#54);
#52 = CARTESIAN_POINT('',(0.935393700787,-2.49,2.653543307087));
#53 = DIRECTION('',(0.,1.,2.22044604925E-16));
#54 = DIRECTION('',(1.,0.,-0.));
#55 = AXIS2_PLACEMENT_3D('',#56,#57,#58);
#56 = CARTESIAN_POINT('',(-0.734606299213,-2.09,2.653543307087));
#57 = DIRECTION('',(-0.,-1.,-2.22044604925E-16));
#58 = DIRECTION('',(-1.,0.,0.));
#59 = ( GEOMETRIC_REPRESENTATION_CONTEXT(3) 
GLOBAL_UNCERTAINTY_ASSIGNED_CONTEXT((#63)) GLOBAL_UNIT_ASSIGNED_CONTEXT(
(#60,#61,#62)) REPRESENTATION_CONTEXT('Context #1',
  '3D Context with UNIT and UNCERTAINTY') );
#60 = ( LENGTH_UNIT() NAMED_UNIT(*) SI_UNIT(.MILLI.,.METRE.) );
#61 = ( NAMED_UNIT(*) PLANE_ANGLE_UNIT() SI_UNIT($,.RADIAN.) );
#62 = ( NAMED_UNIT(*) SI_UNIT($,.STERADIAN.) SOLID_ANGLE_UNIT() );
#63 = UNCERTAINTY_MEASURE_WITH_UNIT(LENGTH_MEASURE(1.E-07),#60,
  'distance_accuracy_value','confusion accuracy');
#64 = PRODUCT_RELATED_PRODUCT_CATEGORY('part',$,(#7));
#65 = SHAPE_DEFINITION_REPRESENTATION(#66,#72);
#66 = PRODUCT_DEFINITION_SHAPE('','',#67);
#67 = PRODUCT_DEFINITION('design','',#68,#71);
#68 = PRODUCT_DEFINITION_FORMATION('','',#69);
#69 = PRODUCT('801-2195-10-K','801-2195-10-K','',(#70));
#70 = PRODUCT_CONTEXT('',#2,'mechanical');
#71 = PRODUCT_DEFINITION_CONTEXT('part definition',#2,'design');
#72 = ADVANCED_BREP_SHAPE_REPRESENTATION('',(#11,#73),#4035);
#73 = MANIFOLD_SOLID_BREP('',#74);
#74 = CLOSED_SHELL('',(#75,#147,#582,#613,#644,#675,#767,#1007,#1038,
    #1062,#1079,#1090,#1129,#1153,#1200,#1224,#1271,#1334,#1360,#1390,
    #1423,#1448,#1465,#1489,#1506,#1523,#1540,#1553,#1577,#1594,#1618,
    #1642,#1660,#1672,#1689,#1702,#1870,#1892,#1977,#1994,#2011,#2033,
    #2055,#2077,#2094,#2106,#2118,#2135,#2220,#2232,#2263,#2285,#2309,
    #2326,#2350,#2367,#2384,#2396,#2427,#2451,#2475,#2497,#2519,#2531,
    #2548,#2560,#2572,#2589,#2674,#2686,#2717,#2739,#2763,#2780,#2804,
    #2821,#2838,#2850,#2881,#2905,#2929,#2951,#2973,#2985,#3002,#3014,
    #3031,#3116,#3128,#3159,#3181,#3205,#3222,#3246,#3263,#3280,#3292,
    #3323,#3347,#3371,#3393,#3415,#3427,#3444,#3456,#3487,#3509,#3533,
    #3550,#3574,#3591,#3608,#3620,#3651,#3675,#3699,#3721,#3743,#3755,
    #3772,#3784,#3815,#3837,#3861,#3878,#3902,#3919,#3936,#3948,#3972,
    #3994,#4006,#4023));
#75 = ADVANCED_FACE('',(#76),#142,.F.);
#76 = FACE_BOUND('',#77,.F.);
#77 = EDGE_LOOP('',(#78,#88,#96,#104,#112,#120,#128,#136));
#78 = ORIENTED_EDGE('',*,*,#79,.F.);
#79 = EDGE_CURVE('',#80,#82,#84,.T.);
#80 = VERTEX_POINT('',#81);
#81 = CARTESIAN_POINT('',(-0.9,-6.35,0.65));
#82 = VERTEX_POINT('',#83);
#83 = CARTESIAN_POINT('',(0.9,-6.35,0.65));
#84 = LINE('',#85,#86);
#85 = CARTESIAN_POINT('',(-0.9,-6.35,0.65));
#86 = VECTOR('',#87,1.);
#87 = DIRECTION('',(1.,0.,0.));
#88 = ORIENTED_EDGE('',*,*,#89,.F.);
#89 = EDGE_CURVE('',#90,#80,#92,.T.);
#90 = VERTEX_POINT('',#91);
#91 = CARTESIAN_POINT('',(-0.9,-6.35,-2.45));
#92 = LINE('',#93,#94);
#93 = CARTESIAN_POINT('',(-0.9,-6.35,-2.45));
#94 = VECTOR('',#95,1.);
#95 = DIRECTION('',(0.,0.,1.));
#96 = ORIENTED_EDGE('',*,*,#97,.T.);
#97 = EDGE_CURVE('',#90,#98,#100,.T.);
#98 = VERTEX_POINT('',#99);
#99 = CARTESIAN_POINT('',(-2.5,-6.35,-2.45));
#100 = LINE('',#101,#102);
#101 = CARTESIAN_POINT('',(-0.9,-6.35,-2.45));
#102 = VECTOR('',#103,1.);
#103 = DIRECTION('',(-1.,0.,0.));
#104 = ORIENTED_EDGE('',*,*,#105,.T.);
#105 = EDGE_CURVE('',#98,#106,#108,.T.);
#106 = VERTEX_POINT('',#107);
#107 = CARTESIAN_POINT('',(-2.5,-6.35,2.45));
#108 = LINE('',#109,#110);
#109 = CARTESIAN_POINT('',(-2.5,-6.35,-2.45));
#110 = VECTOR('',#111,1.);
#111 = DIRECTION('',(0.,0.,1.));
#112 = ORIENTED_EDGE('',*,*,#113,.T.);
#113 = EDGE_CURVE('',#106,#114,#116,.T.);
#114 = VERTEX_POINT('',#115);
#115 = CARTESIAN_POINT('',(2.5,-6.35,2.45));
#116 = LINE('',#117,#118);
#117 = CARTESIAN_POINT('',(-2.5,-6.35,2.45));
#118 = VECTOR('',#119,1.);
#119 = DIRECTION('',(1.,0.,0.));
#120 = ORIENTED_EDGE('',*,*,#121,.T.);
#121 = EDGE_CURVE('',#114,#122,#124,.T.);
#122 = VERTEX_POINT('',#123);
#123 = CARTESIAN_POINT('',(2.5,-6.35,-2.45));
#124 = LINE('',#125,#126);
#125 = CARTESIAN_POINT('',(2.5,-6.35,2.45));
#126 = VECTOR('',#127,1.);
#127 = DIRECTION('',(0.,0.,-1.));
#128 = ORIENTED_EDGE('',*,*,#129,.T.);
#129 = EDGE_CURVE('',#122,#130,#132,.T.);
#130 = VERTEX_POINT('',#131);
#131 = CARTESIAN_POINT('',(0.9,-6.35,-2.45));
#132 = LINE('',#133,#134);
#133 = CARTESIAN_POINT('',(2.5,-6.35,-2.45));
#134 = VECTOR('',#135,1.);
#135 = DIRECTION('',(-1.,0.,0.));
#136 = ORIENTED_EDGE('',*,*,#137,.T.);
#137 = EDGE_CURVE('',#130,#82,#138,.T.);
#138 = LINE('',#139,#140);
#139 = CARTESIAN_POINT('',(0.9,-6.35,-2.45));
#140 = VECTOR('',#141,1.);
#141 = DIRECTION('',(0.,0.,1.));
#142 = PLANE('',#143);
#143 = AXIS2_PLACEMENT_3D('',#144,#145,#146);
#144 = CARTESIAN_POINT('',(0.,-6.35,0.));
#145 = DIRECTION('',(0.,1.,0.));
#146 = DIRECTION('',(1.,0.,0.));
#147 = ADVANCED_FACE('',(#148,#237,#271,#305,#339,#373,#407,#441,#475,
    #509,#543),#577,.T.);
#148 = FACE_BOUND('',#149,.F.);
#149 = EDGE_LOOP('',(#150,#160,#168,#174,#175,#183,#191,#199,#207,#215,
    #223,#231));
#150 = ORIENTED_EDGE('',*,*,#151,.F.);
#151 = EDGE_CURVE('',#152,#154,#156,.T.);
#152 = VERTEX_POINT('',#153);
#153 = CARTESIAN_POINT('',(-1.7,-5.55,0.65));
#154 = VERTEX_POINT('',#155);
#155 = CARTESIAN_POINT('',(-1.7,5.55,0.65));
#156 = LINE('',#157,#158);
#157 = CARTESIAN_POINT('',(-1.7,-5.55,0.65));
#158 = VECTOR('',#159,1.);
#159 = DIRECTION('',(0.,1.,0.));
#160 = ORIENTED_EDGE('',*,*,#161,.F.);
#161 = EDGE_CURVE('',#162,#152,#164,.T.);
#162 = VERTEX_POINT('',#163);
#163 = CARTESIAN_POINT('',(-0.9,-5.55,0.65));
#164 = LINE('',#165,#166);
#165 = CARTESIAN_POINT('',(-0.9,-5.55,0.65));
#166 = VECTOR('',#167,1.);
#167 = DIRECTION('',(-1.,0.,0.));
#168 = ORIENTED_EDGE('',*,*,#169,.F.);
#169 = EDGE_CURVE('',#80,#162,#170,.T.);
#170 = LINE('',#171,#172);
#171 = CARTESIAN_POINT('',(-0.9,-6.35,0.65));
#172 = VECTOR('',#173,1.);
#173 = DIRECTION('',(0.,1.,0.));
#174 = ORIENTED_EDGE('',*,*,#79,.T.);
#175 = ORIENTED_EDGE('',*,*,#176,.F.);
#176 = EDGE_CURVE('',#177,#82,#179,.T.);
#177 = VERTEX_POINT('',#178);
#178 = CARTESIAN_POINT('',(0.9,-5.55,0.65));
#179 = LINE('',#180,#181);
#180 = CARTESIAN_POINT('',(0.9,-5.55,0.65));
#181 = VECTOR('',#182,1.);
#182 = DIRECTION('',(0.,-1.,0.));
#183 = ORIENTED_EDGE('',*,*,#184,.F.);
#184 = EDGE_CURVE('',#185,#177,#187,.T.);
#185 = VERTEX_POINT('',#186);
#186 = CARTESIAN_POINT('',(1.7,-5.55,0.65));
#187 = LINE('',#188,#189);
#188 = CARTESIAN_POINT('',(1.7,-5.55,0.65));
#189 = VECTOR('',#190,1.);
#190 = DIRECTION('',(-1.,0.,0.));
#191 = ORIENTED_EDGE('',*,*,#192,.F.);
#192 = EDGE_CURVE('',#193,#185,#195,.T.);
#193 = VERTEX_POINT('',#194);
#194 = CARTESIAN_POINT('',(1.7,5.55,0.65));
#195 = LINE('',#196,#197);
#196 = CARTESIAN_POINT('',(1.7,5.55,0.65));
#197 = VECTOR('',#198,1.);
#198 = DIRECTION('',(0.,-1.,0.));
#199 = ORIENTED_EDGE('',*,*,#200,.F.);
#200 = EDGE_CURVE('',#201,#193,#203,.T.);
#201 = VERTEX_POINT('',#202);
#202 = CARTESIAN_POINT('',(0.9,5.55,0.65));
#203 = LINE('',#204,#205);
#204 = CARTESIAN_POINT('',(0.9,5.55,0.65));
#205 = VECTOR('',#206,1.);
#206 = DIRECTION('',(1.,0.,0.));
#207 = ORIENTED_EDGE('',*,*,#208,.F.);
#208 = EDGE_CURVE('',#209,#201,#211,.T.);
#209 = VERTEX_POINT('',#210);
#210 = CARTESIAN_POINT('',(0.9,6.35,0.65));
#211 = LINE('',#212,#213);
#212 = CARTESIAN_POINT('',(0.9,6.35,0.65));
#213 = VECTOR('',#214,1.);
#214 = DIRECTION('',(0.,-1.,0.));
#215 = ORIENTED_EDGE('',*,*,#216,.F.);
#216 = EDGE_CURVE('',#217,#209,#219,.T.);
#217 = VERTEX_POINT('',#218);
#218 = CARTESIAN_POINT('',(-0.9,6.35,0.65));
#219 = LINE('',#220,#221);
#220 = CARTESIAN_POINT('',(-0.9,6.35,0.65));
#221 = VECTOR('',#222,1.);
#222 = DIRECTION('',(1.,0.,0.));
#223 = ORIENTED_EDGE('',*,*,#224,.F.);
#224 = EDGE_CURVE('',#225,#217,#227,.T.);
#225 = VERTEX_POINT('',#226);
#226 = CARTESIAN_POINT('',(-0.9,5.55,0.65));
#227 = LINE('',#228,#229);
#228 = CARTESIAN_POINT('',(-0.9,5.55,0.65));
#229 = VECTOR('',#230,1.);
#230 = DIRECTION('',(0.,1.,0.));
#231 = ORIENTED_EDGE('',*,*,#232,.F.);
#232 = EDGE_CURVE('',#154,#225,#233,.T.);
#233 = LINE('',#234,#235);
#234 = CARTESIAN_POINT('',(-1.7,5.55,0.65));
#235 = VECTOR('',#236,1.);
#236 = DIRECTION('',(1.,0.,0.));
#237 = FACE_BOUND('',#238,.F.);
#238 = EDGE_LOOP('',(#239,#249,#257,#265));
#239 = ORIENTED_EDGE('',*,*,#240,.F.);
#240 = EDGE_CURVE('',#241,#243,#245,.T.);
#241 = VERTEX_POINT('',#242);
#242 = CARTESIAN_POINT('',(-0.435,2.34,0.65));
#243 = VERTEX_POINT('',#244);
#244 = CARTESIAN_POINT('',(-0.435,2.74,0.65));
#245 = LINE('',#246,#247);
#246 = CARTESIAN_POINT('',(-0.435,2.34,0.65));
#247 = VECTOR('',#248,1.);
#248 = DIRECTION('',(0.,1.,0.));
#249 = ORIENTED_EDGE('',*,*,#250,.F.);
#250 = EDGE_CURVE('',#251,#241,#253,.T.);
#251 = VERTEX_POINT('',#252);
#252 = CARTESIAN_POINT('',(-0.835,2.34,0.65));
#253 = LINE('',#254,#255);
#254 = CARTESIAN_POINT('',(-0.835,2.34,0.65));
#255 = VECTOR('',#256,1.);
#256 = DIRECTION('',(1.,0.,0.));
#257 = ORIENTED_EDGE('',*,*,#258,.F.);
#258 = EDGE_CURVE('',#259,#251,#261,.T.);
#259 = VERTEX_POINT('',#260);
#260 = CARTESIAN_POINT('',(-0.835,2.74,0.65));
#261 = LINE('',#262,#263);
#262 = CARTESIAN_POINT('',(-0.835,2.74,0.65));
#263 = VECTOR('',#264,1.);
#264 = DIRECTION('',(0.,-1.,0.));
#265 = ORIENTED_EDGE('',*,*,#266,.F.);
#266 = EDGE_CURVE('',#243,#259,#267,.T.);
#267 = LINE('',#268,#269);
#268 = CARTESIAN_POINT('',(-0.435,2.74,0.65));
#269 = VECTOR('',#270,1.);
#270 = DIRECTION('',(-1.,0.,0.));
#271 = FACE_BOUND('',#272,.F.);
#272 = EDGE_LOOP('',(#273,#283,#291,#299));
#273 = ORIENTED_EDGE('',*,*,#274,.F.);
#274 = EDGE_CURVE('',#275,#277,#279,.T.);
#275 = VERTEX_POINT('',#276);
#276 = CARTESIAN_POINT('',(0.435,1.07,0.65));
#277 = VERTEX_POINT('',#278);
#278 = CARTESIAN_POINT('',(0.835,1.07,0.65));
#279 = LINE('',#280,#281);
#280 = CARTESIAN_POINT('',(0.435,1.07,0.65));
#281 = VECTOR('',#282,1.);
#282 = DIRECTION('',(1.,0.,0.));
#283 = ORIENTED_EDGE('',*,*,#284,.F.);
#284 = EDGE_CURVE('',#285,#275,#287,.T.);
#285 = VERTEX_POINT('',#286);
#286 = CARTESIAN_POINT('',(0.435,1.47,0.65));
#287 = LINE('',#288,#289);
#288 = CARTESIAN_POINT('',(0.435,1.47,0.65));
#289 = VECTOR('',#290,1.);
#290 = DIRECTION('',(0.,-1.,0.));
#291 = ORIENTED_EDGE('',*,*,#292,.F.);
#292 = EDGE_CURVE('',#293,#285,#295,.T.);
#293 = VERTEX_POINT('',#294);
#294 = CARTESIAN_POINT('',(0.835,1.47,0.65));
#295 = LINE('',#296,#297);
#296 = CARTESIAN_POINT('',(0.835,1.47,0.65));
#297 = VECTOR('',#298,1.);
#298 = DIRECTION('',(-1.,0.,0.));
#299 = ORIENTED_EDGE('',*,*,#300,.F.);
#300 = EDGE_CURVE('',#277,#293,#301,.T.);
#301 = LINE('',#302,#303);
#302 = CARTESIAN_POINT('',(0.835,1.07,0.65));
#303 = VECTOR('',#304,1.);
#304 = DIRECTION('',(0.,1.,0.));
#305 = FACE_BOUND('',#306,.F.);
#306 = EDGE_LOOP('',(#307,#317,#325,#333));
#307 = ORIENTED_EDGE('',*,*,#308,.F.);
#308 = EDGE_CURVE('',#309,#311,#313,.T.);
#309 = VERTEX_POINT('',#310);
#310 = CARTESIAN_POINT('',(-0.435,1.07,0.65));
#311 = VERTEX_POINT('',#312);
#312 = CARTESIAN_POINT('',(-0.435,1.47,0.65));
#313 = LINE('',#314,#315);
#314 = CARTESIAN_POINT('',(-0.435,1.07,0.65));
#315 = VECTOR('',#316,1.);
#316 = DIRECTION('',(0.,1.,0.));
#317 = ORIENTED_EDGE('',*,*,#318,.F.);
#318 = EDGE_CURVE('',#319,#309,#321,.T.);
#319 = VERTEX_POINT('',#320);
#320 = CARTESIAN_POINT('',(-0.835,1.07,0.65));
#321 = LINE('',#322,#323);
#322 = CARTESIAN_POINT('',(-0.835,1.07,0.65));
#323 = VECTOR('',#324,1.);
#324 = DIRECTION('',(1.,0.,0.));
#325 = ORIENTED_EDGE('',*,*,#326,.F.);
#326 = EDGE_CURVE('',#327,#319,#329,.T.);
#327 = VERTEX_POINT('',#328);
#328 = CARTESIAN_POINT('',(-0.835,1.47,0.65));
#329 = LINE('',#330,#331);
#330 = CARTESIAN_POINT('',(-0.835,1.47,0.65));
#331 = VECTOR('',#332,1.);
#332 = DIRECTION('',(0.,-1.,0.));
#333 = ORIENTED_EDGE('',*,*,#334,.F.);
#334 = EDGE_CURVE('',#311,#327,#335,.T.);
#335 = LINE('',#336,#337);
#336 = CARTESIAN_POINT('',(-0.435,1.47,0.65));
#337 = VECTOR('',#338,1.);
#338 = DIRECTION('',(-1.,0.,0.));
#339 = FACE_BOUND('',#340,.F.);
#340 = EDGE_LOOP('',(#341,#351,#359,#367));
#341 = ORIENTED_EDGE('',*,*,#342,.F.);
#342 = EDGE_CURVE('',#343,#345,#347,.T.);
#343 = VERTEX_POINT('',#344);
#344 = CARTESIAN_POINT('',(0.435,-0.2,0.65));
#345 = VERTEX_POINT('',#346);
#346 = CARTESIAN_POINT('',(0.835,-0.2,0.65));
#347 = LINE('',#348,#349);
#348 = CARTESIAN_POINT('',(0.435,-0.2,0.65));
#349 = VECTOR('',#350,1.);
#350 = DIRECTION('',(1.,0.,0.));
#351 = ORIENTED_EDGE('',*,*,#352,.F.);
#352 = EDGE_CURVE('',#353,#343,#355,.T.);
#353 = VERTEX_POINT('',#354);
#354 = CARTESIAN_POINT('',(0.435,0.2,0.65));
#355 = LINE('',#356,#357);
#356 = CARTESIAN_POINT('',(0.435,0.2,0.65));
#357 = VECTOR('',#358,1.);
#358 = DIRECTION('',(0.,-1.,0.));
#359 = ORIENTED_EDGE('',*,*,#360,.F.);
#360 = EDGE_CURVE('',#361,#353,#363,.T.);
#361 = VERTEX_POINT('',#362);
#362 = CARTESIAN_POINT('',(0.835,0.2,0.65));
#363 = LINE('',#364,#365);
#364 = CARTESIAN_POINT('',(0.835,0.2,0.65));
#365 = VECTOR('',#366,1.);
#366 = DIRECTION('',(-1.,0.,0.));
#367 = ORIENTED_EDGE('',*,*,#368,.F.);
#368 = EDGE_CURVE('',#345,#361,#369,.T.);
#369 = LINE('',#370,#371);
#370 = CARTESIAN_POINT('',(0.835,-0.2,0.65));
#371 = VECTOR('',#372,1.);
#372 = DIRECTION('',(0.,1.,0.));
#373 = FACE_BOUND('',#374,.F.);
#374 = EDGE_LOOP('',(#375,#385,#393,#401));
#375 = ORIENTED_EDGE('',*,*,#376,.F.);
#376 = EDGE_CURVE('',#377,#379,#381,.T.);
#377 = VERTEX_POINT('',#378);
#378 = CARTESIAN_POINT('',(-0.435,-0.2,0.65));
#379 = VERTEX_POINT('',#380);
#380 = CARTESIAN_POINT('',(-0.435,0.2,0.65));
#381 = LINE('',#382,#383);
#382 = CARTESIAN_POINT('',(-0.435,-0.2,0.65));
#383 = VECTOR('',#384,1.);
#384 = DIRECTION('',(0.,1.,0.));
#385 = ORIENTED_EDGE('',*,*,#386,.F.);
#386 = EDGE_CURVE('',#387,#377,#389,.T.);
#387 = VERTEX_POINT('',#388);
#388 = CARTESIAN_POINT('',(-0.835,-0.2,0.65));
#389 = LINE('',#390,#391);
#390 = CARTESIAN_POINT('',(-0.835,-0.2,0.65));
#391 = VECTOR('',#392,1.);
#392 = DIRECTION('',(1.,0.,0.));
#393 = ORIENTED_EDGE('',*,*,#394,.F.);
#394 = EDGE_CURVE('',#395,#387,#397,.T.);
#395 = VERTEX_POINT('',#396);
#396 = CARTESIAN_POINT('',(-0.835,0.2,0.65));
#397 = LINE('',#398,#399);
#398 = CARTESIAN_POINT('',(-0.835,0.2,0.65));
#399 = VECTOR('',#400,1.);
#400 = DIRECTION('',(0.,-1.,0.));
#401 = ORIENTED_EDGE('',*,*,#402,.F.);
#402 = EDGE_CURVE('',#379,#395,#403,.T.);
#403 = LINE('',#404,#405);
#404 = CARTESIAN_POINT('',(-0.435,0.2,0.65));
#405 = VECTOR('',#406,1.);
#406 = DIRECTION('',(-1.,0.,0.));
#407 = FACE_BOUND('',#408,.F.);
#408 = EDGE_LOOP('',(#409,#419,#427,#435));
#409 = ORIENTED_EDGE('',*,*,#410,.F.);
#410 = EDGE_CURVE('',#411,#413,#415,.T.);
#411 = VERTEX_POINT('',#412);
#412 = CARTESIAN_POINT('',(0.435,-1.47,0.65));
#413 = VERTEX_POINT('',#414);
#414 = CARTESIAN_POINT('',(0.835,-1.47,0.65));
#415 = LINE('',#416,#417);
#416 = CARTESIAN_POINT('',(0.435,-1.47,0.65));
#417 = VECTOR('',#418,1.);
#418 = DIRECTION('',(1.,0.,0.));
#419 = ORIENTED_EDGE('',*,*,#420,.F.);
#420 = EDGE_CURVE('',#421,#411,#423,.T.);
#421 = VERTEX_POINT('',#422);
#422 = CARTESIAN_POINT('',(0.435,-1.07,0.65));
#423 = LINE('',#424,#425);
#424 = CARTESIAN_POINT('',(0.435,-1.07,0.65));
#425 = VECTOR('',#426,1.);
#426 = DIRECTION('',(0.,-1.,0.));
#427 = ORIENTED_EDGE('',*,*,#428,.F.);
#428 = EDGE_CURVE('',#429,#421,#431,.T.);
#429 = VERTEX_POINT('',#430);
#430 = CARTESIAN_POINT('',(0.835,-1.07,0.65));
#431 = LINE('',#432,#433);
#432 = CARTESIAN_POINT('',(0.835,-1.07,0.65));
#433 = VECTOR('',#434,1.);
#434 = DIRECTION('',(-1.,0.,0.));
#435 = ORIENTED_EDGE('',*,*,#436,.F.);
#436 = EDGE_CURVE('',#413,#429,#437,.T.);
#437 = LINE('',#438,#439);
#438 = CARTESIAN_POINT('',(0.835,-1.47,0.65));
#439 = VECTOR('',#440,1.);
#440 = DIRECTION('',(0.,1.,0.));
#441 = FACE_BOUND('',#442,.F.);
#442 = EDGE_LOOP('',(#443,#453,#461,#469));
#443 = ORIENTED_EDGE('',*,*,#444,.F.);
#444 = EDGE_CURVE('',#445,#447,#449,.T.);
#445 = VERTEX_POINT('',#446);
#446 = CARTESIAN_POINT('',(-0.435,-1.47,0.65));
#447 = VERTEX_POINT('',#448);
#448 = CARTESIAN_POINT('',(-0.435,-1.07,0.65));
#449 = LINE('',#450,#451);
#450 = CARTESIAN_POINT('',(-0.435,-1.47,0.65));
#451 = VECTOR('',#452,1.);
#452 = DIRECTION('',(0.,1.,0.));
#453 = ORIENTED_EDGE('',*,*,#454,.F.);
#454 = EDGE_CURVE('',#455,#445,#457,.T.);
#455 = VERTEX_POINT('',#456);
#456 = CARTESIAN_POINT('',(-0.835,-1.47,0.65));
#457 = LINE('',#458,#459);
#458 = CARTESIAN_POINT('',(-0.835,-1.47,0.65));
#459 = VECTOR('',#460,1.);
#460 = DIRECTION('',(1.,0.,0.));
#461 = ORIENTED_EDGE('',*,*,#462,.F.);
#462 = EDGE_CURVE('',#463,#455,#465,.T.);
#463 = VERTEX_POINT('',#464);
#464 = CARTESIAN_POINT('',(-0.835,-1.07,0.65));
#465 = LINE('',#466,#467);
#466 = CARTESIAN_POINT('',(-0.835,-1.07,0.65));
#467 = VECTOR('',#468,1.);
#468 = DIRECTION('',(0.,-1.,0.));
#469 = ORIENTED_EDGE('',*,*,#470,.F.);
#470 = EDGE_CURVE('',#447,#463,#471,.T.);
#471 = LINE('',#472,#473);
#472 = CARTESIAN_POINT('',(-0.435,-1.07,0.65));
#473 = VECTOR('',#474,1.);
#474 = DIRECTION('',(-1.,0.,0.));
#475 = FACE_BOUND('',#476,.F.);
#476 = EDGE_LOOP('',(#477,#487,#495,#503));
#477 = ORIENTED_EDGE('',*,*,#478,.F.);
#478 = EDGE_CURVE('',#479,#481,#483,.T.);
#479 = VERTEX_POINT('',#480);
#480 = CARTESIAN_POINT('',(0.435,-2.74,0.65));
#481 = VERTEX_POINT('',#482);
#482 = CARTESIAN_POINT('',(0.835,-2.74,0.65));
#483 = LINE('',#484,#485);
#484 = CARTESIAN_POINT('',(0.435,-2.74,0.65));
#485 = VECTOR('',#486,1.);
#486 = DIRECTION('',(1.,0.,0.));
#487 = ORIENTED_EDGE('',*,*,#488,.F.);
#488 = EDGE_CURVE('',#489,#479,#491,.T.);
#489 = VERTEX_POINT('',#490);
#490 = CARTESIAN_POINT('',(0.435,-2.34,0.65));
#491 = LINE('',#492,#493);
#492 = CARTESIAN_POINT('',(0.435,-2.34,0.65));
#493 = VECTOR('',#494,1.);
#494 = DIRECTION('',(0.,-1.,0.));
#495 = ORIENTED_EDGE('',*,*,#496,.F.);
#496 = EDGE_CURVE('',#497,#489,#499,.T.);
#497 = VERTEX_POINT('',#498);
#498 = CARTESIAN_POINT('',(0.835,-2.34,0.65));
#499 = LINE('',#500,#501);
#500 = CARTESIAN_POINT('',(0.835,-2.34,0.65));
#501 = VECTOR('',#502,1.);
#502 = DIRECTION('',(-1.,0.,0.));
#503 = ORIENTED_EDGE('',*,*,#504,.F.);
#504 = EDGE_CURVE('',#481,#497,#505,.T.);
#505 = LINE('',#506,#507);
#506 = CARTESIAN_POINT('',(0.835,-2.74,0.65));
#507 = VECTOR('',#508,1.);
#508 = DIRECTION('',(0.,1.,0.));
#509 = FACE_BOUND('',#510,.F.);
#510 = EDGE_LOOP('',(#511,#521,#529,#537));
#511 = ORIENTED_EDGE('',*,*,#512,.F.);
#512 = EDGE_CURVE('',#513,#515,#517,.T.);
#513 = VERTEX_POINT('',#514);
#514 = CARTESIAN_POINT('',(-0.435,-2.74,0.65));
#515 = VERTEX_POINT('',#516);
#516 = CARTESIAN_POINT('',(-0.435,-2.34,0.65));
#517 = LINE('',#518,#519);
#518 = CARTESIAN_POINT('',(-0.435,-2.74,0.65));
#519 = VECTOR('',#520,1.);
#520 = DIRECTION('',(0.,1.,0.));
#521 = ORIENTED_EDGE('',*,*,#522,.F.);
#522 = EDGE_CURVE('',#523,#513,#525,.T.);
#523 = VERTEX_POINT('',#524);
#524 = CARTESIAN_POINT('',(-0.835,-2.74,0.65));
#525 = LINE('',#526,#527);
#526 = CARTESIAN_POINT('',(-0.835,-2.74,0.65));
#527 = VECTOR('',#528,1.);
#528 = DIRECTION('',(1.,0.,0.));
#529 = ORIENTED_EDGE('',*,*,#530,.F.);
#530 = EDGE_CURVE('',#531,#523,#533,.T.);
#531 = VERTEX_POINT('',#532);
#532 = CARTESIAN_POINT('',(-0.835,-2.34,0.65));
#533 = LINE('',#534,#535);
#534 = CARTESIAN_POINT('',(-0.835,-2.34,0.65));
#535 = VECTOR('',#536,1.);
#536 = DIRECTION('',(0.,-1.,0.));
#537 = ORIENTED_EDGE('',*,*,#538,.F.);
#538 = EDGE_CURVE('',#515,#531,#539,.T.);
#539 = LINE('',#540,#541);
#540 = CARTESIAN_POINT('',(-0.435,-2.34,0.65));
#541 = VECTOR('',#542,1.);
#542 = DIRECTION('',(-1.,0.,0.));
#543 = FACE_BOUND('',#544,.F.);
#544 = EDGE_LOOP('',(#545,#555,#563,#571));
#545 = ORIENTED_EDGE('',*,*,#546,.F.);
#546 = EDGE_CURVE('',#547,#549,#551,.T.);
#547 = VERTEX_POINT('',#548);
#548 = CARTESIAN_POINT('',(0.435,2.34,0.65));
#549 = VERTEX_POINT('',#550);
#550 = CARTESIAN_POINT('',(0.835,2.34,0.65));
#551 = LINE('',#552,#553);
#552 = CARTESIAN_POINT('',(0.435,2.34,0.65));
#553 = VECTOR('',#554,1.);
#554 = DIRECTION('',(1.,0.,0.));
#555 = ORIENTED_EDGE('',*,*,#556,.F.);
#556 = EDGE_CURVE('',#557,#547,#559,.T.);
#557 = VERTEX_POINT('',#558);
#558 = CARTESIAN_POINT('',(0.435,2.74,0.65));
#559 = LINE('',#560,#561);
#560 = CARTESIAN_POINT('',(0.435,2.74,0.65));
#561 = VECTOR('',#562,1.);
#562 = DIRECTION('',(0.,-1.,0.));
#563 = ORIENTED_EDGE('',*,*,#564,.F.);
#564 = EDGE_CURVE('',#565,#557,#567,.T.);
#565 = VERTEX_POINT('',#566);
#566 = CARTESIAN_POINT('',(0.835,2.74,0.65));
#567 = LINE('',#568,#569);
#568 = CARTESIAN_POINT('',(0.835,2.74,0.65));
#569 = VECTOR('',#570,1.);
#570 = DIRECTION('',(-1.,0.,0.));
#571 = ORIENTED_EDGE('',*,*,#572,.F.);
#572 = EDGE_CURVE('',#549,#565,#573,.T.);
#573 = LINE('',#574,#575);
#574 = CARTESIAN_POINT('',(0.835,2.34,0.65));
#575 = VECTOR('',#576,1.);
#576 = DIRECTION('',(0.,1.,0.));
#577 = PLANE('',#578);
#578 = AXIS2_PLACEMENT_3D('',#579,#580,#581);
#579 = CARTESIAN_POINT('',(0.,-6.35,0.65));
#580 = DIRECTION('',(0.,0.,-1.));
#581 = DIRECTION('',(0.,1.,0.));
#582 = ADVANCED_FACE('',(#583),#608,.F.);
#583 = FACE_BOUND('',#584,.F.);
#584 = EDGE_LOOP('',(#585,#595,#601,#602));
#585 = ORIENTED_EDGE('',*,*,#586,.T.);
#586 = EDGE_CURVE('',#587,#589,#591,.T.);
#587 = VERTEX_POINT('',#588);
#588 = CARTESIAN_POINT('',(0.835,2.34,1.9));
#589 = VERTEX_POINT('',#590);
#590 = CARTESIAN_POINT('',(0.435,2.34,1.9));
#591 = LINE('',#592,#593);
#592 = CARTESIAN_POINT('',(0.835,2.34,1.9));
#593 = VECTOR('',#594,1.);
#594 = DIRECTION('',(-1.,0.,0.));
#595 = ORIENTED_EDGE('',*,*,#596,.T.);
#596 = EDGE_CURVE('',#589,#547,#597,.T.);
#597 = LINE('',#598,#599);
#598 = CARTESIAN_POINT('',(0.435,2.34,1.9));
#599 = VECTOR('',#600,1.);
#600 = DIRECTION('',(0.,0.,-1.));
#601 = ORIENTED_EDGE('',*,*,#546,.T.);
#602 = ORIENTED_EDGE('',*,*,#603,.F.);
#603 = EDGE_CURVE('',#587,#549,#604,.T.);
#604 = LINE('',#605,#606);
#605 = CARTESIAN_POINT('',(0.835,2.34,1.9));
#606 = VECTOR('',#607,1.);
#607 = DIRECTION('',(0.,0.,-1.));
#608 = PLANE('',#609);
#609 = AXIS2_PLACEMENT_3D('',#610,#611,#612);
#610 = CARTESIAN_POINT('',(0.435,2.34,1.95));
#611 = DIRECTION('',(0.,-1.,0.));
#612 = DIRECTION('',(1.,0.,0.));
#613 = ADVANCED_FACE('',(#614),#639,.T.);
#614 = FACE_BOUND('',#615,.F.);
#615 = EDGE_LOOP('',(#616,#617,#625,#633));
#616 = ORIENTED_EDGE('',*,*,#586,.F.);
#617 = ORIENTED_EDGE('',*,*,#618,.T.);
#618 = EDGE_CURVE('',#587,#619,#621,.T.);
#619 = VERTEX_POINT('',#620);
#620 = CARTESIAN_POINT('',(0.885,2.29,1.95));
#621 = LINE('',#622,#623);
#622 = CARTESIAN_POINT('',(0.835,2.34,1.9));
#623 = VECTOR('',#624,1.);
#624 = DIRECTION('',(0.57735026919,-0.57735026919,0.57735026919));
#625 = ORIENTED_EDGE('',*,*,#626,.T.);
#626 = EDGE_CURVE('',#619,#627,#629,.T.);
#627 = VERTEX_POINT('',#628);
#628 = CARTESIAN_POINT('',(0.385,2.29,1.95));
#629 = LINE('',#630,#631);
#630 = CARTESIAN_POINT('',(0.885,2.29,1.95));
#631 = VECTOR('',#632,1.);
#632 = DIRECTION('',(-1.,0.,0.));
#633 = ORIENTED_EDGE('',*,*,#634,.F.);
#634 = EDGE_CURVE('',#589,#627,#635,.T.);
#635 = LINE('',#636,#637);
#636 = CARTESIAN_POINT('',(0.435,2.34,1.9));
#637 = VECTOR('',#638,1.);
#638 = DIRECTION('',(-0.57735026919,-0.57735026919,0.57735026919));
#639 = PLANE('',#640);
#640 = AXIS2_PLACEMENT_3D('',#641,#642,#643);
#641 = CARTESIAN_POINT('',(0.635,2.315,1.925));
#642 = DIRECTION('',(0.,0.707106781187,0.707106781187));
#643 = DIRECTION('',(0.,0.707106781187,-0.707106781187));
#644 = ADVANCED_FACE('',(#645),#670,.T.);
#645 = FACE_BOUND('',#646,.F.);
#646 = EDGE_LOOP('',(#647,#655,#656,#664));
#647 = ORIENTED_EDGE('',*,*,#648,.T.);
#648 = EDGE_CURVE('',#649,#619,#651,.T.);
#649 = VERTEX_POINT('',#650);
#650 = CARTESIAN_POINT('',(0.885,2.79,1.95));
#651 = LINE('',#652,#653);
#652 = CARTESIAN_POINT('',(0.885,2.79,1.95));
#653 = VECTOR('',#654,1.);
#654 = DIRECTION('',(0.,-1.,0.));
#655 = ORIENTED_EDGE('',*,*,#618,.F.);
#656 = ORIENTED_EDGE('',*,*,#657,.F.);
#657 = EDGE_CURVE('',#658,#587,#660,.T.);
#658 = VERTEX_POINT('',#659);
#659 = CARTESIAN_POINT('',(0.835,2.74,1.9));
#660 = LINE('',#661,#662);
#661 = CARTESIAN_POINT('',(0.835,2.74,1.9));
#662 = VECTOR('',#663,1.);
#663 = DIRECTION('',(0.,-1.,0.));
#664 = ORIENTED_EDGE('',*,*,#665,.T.);
#665 = EDGE_CURVE('',#658,#649,#666,.T.);
#666 = LINE('',#667,#668);
#667 = CARTESIAN_POINT('',(0.835,2.74,1.9));
#668 = VECTOR('',#669,1.);
#669 = DIRECTION('',(0.57735026919,0.57735026919,0.57735026919));
#670 = PLANE('',#671);
#671 = AXIS2_PLACEMENT_3D('',#672,#673,#674);
#672 = CARTESIAN_POINT('',(0.86,2.54,1.925));
#673 = DIRECTION('',(-0.707106781187,0.,0.707106781187));
#674 = DIRECTION('',(-0.707106781187,0.,-0.707106781187));
#675 = ADVANCED_FACE('',(#676,#710,#744),#762,.F.);
#676 = FACE_BOUND('',#677,.F.);
#677 = EDGE_LOOP('',(#678,#688,#696,#704));
#678 = ORIENTED_EDGE('',*,*,#679,.F.);
#679 = EDGE_CURVE('',#680,#682,#684,.T.);
#680 = VERTEX_POINT('',#681);
#681 = CARTESIAN_POINT('',(-2.5,3.01,1.95));
#682 = VERTEX_POINT('',#683);
#683 = CARTESIAN_POINT('',(-2.5,2.07,1.95));
#684 = LINE('',#685,#686);
#685 = CARTESIAN_POINT('',(-2.5,3.01,1.95));
#686 = VECTOR('',#687,1.);
#687 = DIRECTION('',(0.,-1.,0.));
#688 = ORIENTED_EDGE('',*,*,#689,.T.);
#689 = EDGE_CURVE('',#680,#690,#692,.T.);
#690 = VERTEX_POINT('',#691);
#691 = CARTESIAN_POINT('',(2.5,3.01,1.95));
#692 = LINE('',#693,#694);
#693 = CARTESIAN_POINT('',(-2.5,3.01,1.95));
#694 = VECTOR('',#695,1.);
#695 = DIRECTION('',(1.,0.,0.));
#696 = ORIENTED_EDGE('',*,*,#697,.T.);
#697 = EDGE_CURVE('',#690,#698,#700,.T.);
#698 = VERTEX_POINT('',#699);
#699 = CARTESIAN_POINT('',(2.5,2.07,1.95));
#700 = LINE('',#701,#702);
#701 = CARTESIAN_POINT('',(2.5,3.01,1.95));
#702 = VECTOR('',#703,1.);
#703 = DIRECTION('',(0.,-1.,0.));
#704 = ORIENTED_EDGE('',*,*,#705,.F.);
#705 = EDGE_CURVE('',#682,#698,#706,.T.);
#706 = LINE('',#707,#708);
#707 = CARTESIAN_POINT('',(-2.5,2.07,1.95));
#708 = VECTOR('',#709,1.);
#709 = DIRECTION('',(1.,0.,0.));
#710 = FACE_BOUND('',#711,.F.);
#711 = EDGE_LOOP('',(#712,#722,#730,#738));
#712 = ORIENTED_EDGE('',*,*,#713,.F.);
#713 = EDGE_CURVE('',#714,#716,#718,.T.);
#714 = VERTEX_POINT('',#715);
#715 = CARTESIAN_POINT('',(-0.385,2.29,1.95));
#716 = VERTEX_POINT('',#717);
#717 = CARTESIAN_POINT('',(-0.885,2.29,1.95));
#718 = LINE('',#719,#720);
#719 = CARTESIAN_POINT('',(-0.385,2.29,1.95));
#720 = VECTOR('',#721,1.);
#721 = DIRECTION('',(-1.,0.,0.));
#722 = ORIENTED_EDGE('',*,*,#723,.F.);
#723 = EDGE_CURVE('',#724,#714,#726,.T.);
#724 = VERTEX_POINT('',#725);
#725 = CARTESIAN_POINT('',(-0.385,2.79,1.95));
#726 = LINE('',#727,#728);
#727 = CARTESIAN_POINT('',(-0.385,2.79,1.95));
#728 = VECTOR('',#729,1.);
#729 = DIRECTION('',(0.,-1.,0.));
#730 = ORIENTED_EDGE('',*,*,#731,.F.);
#731 = EDGE_CURVE('',#732,#724,#734,.T.);
#732 = VERTEX_POINT('',#733);
#733 = CARTESIAN_POINT('',(-0.885,2.79,1.95));
#734 = LINE('',#735,#736);
#735 = CARTESIAN_POINT('',(-0.885,2.79,1.95));
#736 = VECTOR('',#737,1.);
#737 = DIRECTION('',(1.,0.,0.));
#738 = ORIENTED_EDGE('',*,*,#739,.F.);
#739 = EDGE_CURVE('',#716,#732,#740,.T.);
#740 = LINE('',#741,#742);
#741 = CARTESIAN_POINT('',(-0.885,2.29,1.95));
#742 = VECTOR('',#743,1.);
#743 = DIRECTION('',(0.,1.,0.));
#744 = FACE_BOUND('',#745,.F.);
#745 = EDGE_LOOP('',(#746,#754,#760,#761));
#746 = ORIENTED_EDGE('',*,*,#747,.F.);
#747 = EDGE_CURVE('',#748,#649,#750,.T.);
#748 = VERTEX_POINT('',#749);
#749 = CARTESIAN_POINT('',(0.385,2.79,1.95));
#750 = LINE('',#751,#752);
#751 = CARTESIAN_POINT('',(0.385,2.79,1.95));
#752 = VECTOR('',#753,1.);
#753 = DIRECTION('',(1.,0.,0.));
#754 = ORIENTED_EDGE('',*,*,#755,.F.);
#755 = EDGE_CURVE('',#627,#748,#756,.T.);
#756 = LINE('',#757,#758);
#757 = CARTESIAN_POINT('',(0.385,2.29,1.95));
#758 = VECTOR('',#759,1.);
#759 = DIRECTION('',(0.,1.,0.));
#760 = ORIENTED_EDGE('',*,*,#626,.F.);
#761 = ORIENTED_EDGE('',*,*,#648,.F.);
#762 = PLANE('',#763);
#763 = AXIS2_PLACEMENT_3D('',#764,#765,#766);
#764 = CARTESIAN_POINT('',(-2.5,3.01,1.95));
#765 = DIRECTION('',(0.,0.,-1.));
#766 = DIRECTION('',(0.,-1.,0.));
#767 = ADVANCED_FACE('',(#768,#976),#1002,.T.);
#768 = FACE_BOUND('',#769,.F.);
#769 = EDGE_LOOP('',(#770,#780,#788,#796,#804,#812,#820,#826,#827,#835,
    #843,#851,#859,#867,#875,#883,#891,#899,#907,#915,#923,#931,#939,
    #947,#955,#963,#969,#970));
#770 = ORIENTED_EDGE('',*,*,#771,.T.);
#771 = EDGE_CURVE('',#772,#774,#776,.T.);
#772 = VERTEX_POINT('',#773);
#773 = CARTESIAN_POINT('',(-2.5,-1.2,-2.45));
#774 = VERTEX_POINT('',#775);
#775 = CARTESIAN_POINT('',(-2.5,-1.2,0.25));
#776 = LINE('',#777,#778);
#777 = CARTESIAN_POINT('',(-2.5,-1.2,-2.45));
#778 = VECTOR('',#779,1.);
#779 = DIRECTION('',(0.,0.,1.));
#780 = ORIENTED_EDGE('',*,*,#781,.T.);
#781 = EDGE_CURVE('',#774,#782,#784,.T.);
#782 = VERTEX_POINT('',#783);
#783 = CARTESIAN_POINT('',(-2.5,1.2,0.25));
#784 = LINE('',#785,#786);
#785 = CARTESIAN_POINT('',(-2.5,-1.2,0.25));
#786 = VECTOR('',#787,1.);
#787 = DIRECTION('',(0.,1.,0.));
#788 = ORIENTED_EDGE('',*,*,#789,.F.);
#789 = EDGE_CURVE('',#790,#782,#792,.T.);
#790 = VERTEX_POINT('',#791);
#791 = CARTESIAN_POINT('',(-2.5,1.2,-2.45));
#792 = LINE('',#793,#794);
#793 = CARTESIAN_POINT('',(-2.5,1.2,-2.45));
#794 = VECTOR('',#795,1.);
#795 = DIRECTION('',(0.,0.,1.));
#796 = ORIENTED_EDGE('',*,*,#797,.T.);
#797 = EDGE_CURVE('',#790,#798,#800,.T.);
#798 = VERTEX_POINT('',#799);
#799 = CARTESIAN_POINT('',(-2.5,6.35,-2.45));
#800 = LINE('',#801,#802);
#801 = CARTESIAN_POINT('',(-2.5,1.2,-2.45));
#802 = VECTOR('',#803,1.);
#803 = DIRECTION('',(0.,1.,0.));
#804 = ORIENTED_EDGE('',*,*,#805,.T.);
#805 = EDGE_CURVE('',#798,#806,#808,.T.);
#806 = VERTEX_POINT('',#807);
#807 = CARTESIAN_POINT('',(-2.5,6.35,2.45));
#808 = LINE('',#809,#810);
#809 = CARTESIAN_POINT('',(-2.5,6.35,-2.45));
#810 = VECTOR('',#811,1.);
#811 = DIRECTION('',(0.,0.,1.));
#812 = ORIENTED_EDGE('',*,*,#813,.F.);
#813 = EDGE_CURVE('',#814,#806,#816,.T.);
#814 = VERTEX_POINT('',#815);
#815 = CARTESIAN_POINT('',(-2.5,3.01,2.45));
#816 = LINE('',#817,#818);
#817 = CARTESIAN_POINT('',(-2.5,3.01,2.45));
#818 = VECTOR('',#819,1.);
#819 = DIRECTION('',(0.,1.,0.));
#820 = ORIENTED_EDGE('',*,*,#821,.T.);
#821 = EDGE_CURVE('',#814,#680,#822,.T.);
#822 = LINE('',#823,#824);
#823 = CARTESIAN_POINT('',(-2.5,3.01,2.45));
#824 = VECTOR('',#825,1.);
#825 = DIRECTION('',(0.,0.,-1.));
#826 = ORIENTED_EDGE('',*,*,#679,.T.);
#827 = ORIENTED_EDGE('',*,*,#828,.F.);
#828 = EDGE_CURVE('',#829,#682,#831,.T.);
#829 = VERTEX_POINT('',#830);
#830 = CARTESIAN_POINT('',(-2.5,2.07,2.45));
#831 = LINE('',#832,#833);
#832 = CARTESIAN_POINT('',(-2.5,2.07,2.45));
#833 = VECTOR('',#834,1.);
#834 = DIRECTION('',(0.,0.,-1.));
#835 = ORIENTED_EDGE('',*,*,#836,.F.);
#836 = EDGE_CURVE('',#837,#829,#839,.T.);
#837 = VERTEX_POINT('',#838);
#838 = CARTESIAN_POINT('',(-2.5,1.74,2.45));
#839 = LINE('',#840,#841);
#840 = CARTESIAN_POINT('',(-2.5,1.74,2.45));
#841 = VECTOR('',#842,1.);
#842 = DIRECTION('',(0.,1.,0.));
#843 = ORIENTED_EDGE('',*,*,#844,.T.);
#844 = EDGE_CURVE('',#837,#845,#847,.T.);
#845 = VERTEX_POINT('',#846);
#846 = CARTESIAN_POINT('',(-2.5,1.74,1.95));
#847 = LINE('',#848,#849);
#848 = CARTESIAN_POINT('',(-2.5,1.74,2.45));
#849 = VECTOR('',#850,1.);
#850 = DIRECTION('',(0.,0.,-1.));
#851 = ORIENTED_EDGE('',*,*,#852,.T.);
#852 = EDGE_CURVE('',#845,#853,#855,.T.);
#853 = VERTEX_POINT('',#854);
#854 = CARTESIAN_POINT('',(-2.5,0.8,1.95));
#855 = LINE('',#856,#857);
#856 = CARTESIAN_POINT('',(-2.5,1.74,1.95));
#857 = VECTOR('',#858,1.);
#858 = DIRECTION('',(0.,-1.,0.));
#859 = ORIENTED_EDGE('',*,*,#860,.F.);
#860 = EDGE_CURVE('',#861,#853,#863,.T.);
#861 = VERTEX_POINT('',#862);
#862 = CARTESIAN_POINT('',(-2.5,0.8,2.45));
#863 = LINE('',#864,#865);
#864 = CARTESIAN_POINT('',(-2.5,0.8,2.45));
#865 = VECTOR('',#866,1.);
#866 = DIRECTION('',(0.,0.,-1.));
#867 = ORIENTED_EDGE('',*,*,#868,.F.);
#868 = EDGE_CURVE('',#869,#861,#871,.T.);
#869 = VERTEX_POINT('',#870);
#870 = CARTESIAN_POINT('',(-2.5,0.47,2.45));
#871 = LINE('',#872,#873);
#872 = CARTESIAN_POINT('',(-2.5,0.47,2.45));
#873 = VECTOR('',#874,1.);
#874 = DIRECTION('',(0.,1.,0.));
#875 = ORIENTED_EDGE('',*,*,#876,.T.);
#876 = EDGE_CURVE('',#869,#877,#879,.T.);
#877 = VERTEX_POINT('',#878);
#878 = CARTESIAN_POINT('',(-2.5,0.47,1.95));
#879 = LINE('',#880,#881);
#880 = CARTESIAN_POINT('',(-2.5,0.47,2.45));
#881 = VECTOR('',#882,1.);
#882 = DIRECTION('',(0.,0.,-1.));
#883 = ORIENTED_EDGE('',*,*,#884,.T.);
#884 = EDGE_CURVE('',#877,#885,#887,.T.);
#885 = VERTEX_POINT('',#886);
#886 = CARTESIAN_POINT('',(-2.5,-0.47,1.95));
#887 = LINE('',#888,#889);
#888 = CARTESIAN_POINT('',(-2.5,0.47,1.95));
#889 = VECTOR('',#890,1.);
#890 = DIRECTION('',(0.,-1.,0.));
#891 = ORIENTED_EDGE('',*,*,#892,.F.);
#892 = EDGE_CURVE('',#893,#885,#895,.T.);
#893 = VERTEX_POINT('',#894);
#894 = CARTESIAN_POINT('',(-2.5,-0.47,2.45));
#895 = LINE('',#896,#897);
#896 = CARTESIAN_POINT('',(-2.5,-0.47,2.45));
#897 = VECTOR('',#898,1.);
#898 = DIRECTION('',(0.,0.,-1.));
#899 = ORIENTED_EDGE('',*,*,#900,.F.);
#900 = EDGE_CURVE('',#901,#893,#903,.T.);
#901 = VERTEX_POINT('',#902);
#902 = CARTESIAN_POINT('',(-2.5,-0.8,2.45));
#903 = LINE('',#904,#905);
#904 = CARTESIAN_POINT('',(-2.5,-0.8,2.45));
#905 = VECTOR('',#906,1.);
#906 = DIRECTION('',(0.,1.,0.));
#907 = ORIENTED_EDGE('',*,*,#908,.T.);
#908 = EDGE_CURVE('',#901,#909,#911,.T.);
#909 = VERTEX_POINT('',#910);
#910 = CARTESIAN_POINT('',(-2.5,-0.8,1.95));
#911 = LINE('',#912,#913);
#912 = CARTESIAN_POINT('',(-2.5,-0.8,2.45));
#913 = VECTOR('',#914,1.);
#914 = DIRECTION('',(0.,0.,-1.));
#915 = ORIENTED_EDGE('',*,*,#916,.T.);
#916 = EDGE_CURVE('',#909,#917,#919,.T.);
#917 = VERTEX_POINT('',#918);
#918 = CARTESIAN_POINT('',(-2.5,-1.74,1.95));
#919 = LINE('',#920,#921);
#920 = CARTESIAN_POINT('',(-2.5,-0.8,1.95));
#921 = VECTOR('',#922,1.);
#922 = DIRECTION('',(0.,-1.,0.));
#923 = ORIENTED_EDGE('',*,*,#924,.F.);
#924 = EDGE_CURVE('',#925,#917,#927,.T.);
#925 = VERTEX_POINT('',#926);
#926 = CARTESIAN_POINT('',(-2.5,-1.74,2.45));
#927 = LINE('',#928,#929);
#928 = CARTESIAN_POINT('',(-2.5,-1.74,2.45));
#929 = VECTOR('',#930,1.);
#930 = DIRECTION('',(0.,0.,-1.));
#931 = ORIENTED_EDGE('',*,*,#932,.F.);
#932 = EDGE_CURVE('',#933,#925,#935,.T.);
#933 = VERTEX_POINT('',#934);
#934 = CARTESIAN_POINT('',(-2.5,-2.07,2.45));
#935 = LINE('',#936,#937);
#936 = CARTESIAN_POINT('',(-2.5,-2.07,2.45));
#937 = VECTOR('',#938,1.);
#938 = DIRECTION('',(0.,1.,0.));
#939 = ORIENTED_EDGE('',*,*,#940,.T.);
#940 = EDGE_CURVE('',#933,#941,#943,.T.);
#941 = VERTEX_POINT('',#942);
#942 = CARTESIAN_POINT('',(-2.5,-2.07,1.95));
#943 = LINE('',#944,#945);
#944 = CARTESIAN_POINT('',(-2.5,-2.07,2.45));
#945 = VECTOR('',#946,1.);
#946 = DIRECTION('',(0.,0.,-1.));
#947 = ORIENTED_EDGE('',*,*,#948,.T.);
#948 = EDGE_CURVE('',#941,#949,#951,.T.);
#949 = VERTEX_POINT('',#950);
#950 = CARTESIAN_POINT('',(-2.5,-3.01,1.95));
#951 = LINE('',#952,#953);
#952 = CARTESIAN_POINT('',(-2.5,-2.07,1.95));
#953 = VECTOR('',#954,1.);
#954 = DIRECTION('',(0.,-1.,0.));
#955 = ORIENTED_EDGE('',*,*,#956,.F.);
#956 = EDGE_CURVE('',#957,#949,#959,.T.);
#957 = VERTEX_POINT('',#958);
#958 = CARTESIAN_POINT('',(-2.5,-3.01,2.45));
#959 = LINE('',#960,#961);
#960 = CARTESIAN_POINT('',(-2.5,-3.01,2.45));
#961 = VECTOR('',#962,1.);
#962 = DIRECTION('',(0.,0.,-1.));
#963 = ORIENTED_EDGE('',*,*,#964,.F.);
#964 = EDGE_CURVE('',#106,#957,#965,.T.);
#965 = LINE('',#966,#967);
#966 = CARTESIAN_POINT('',(-2.5,-6.35,2.45));
#967 = VECTOR('',#968,1.);
#968 = DIRECTION('',(0.,1.,0.));
#969 = ORIENTED_EDGE('',*,*,#105,.F.);
#970 = ORIENTED_EDGE('',*,*,#971,.T.);
#971 = EDGE_CURVE('',#98,#772,#972,.T.);
#972 = LINE('',#973,#974);
#973 = CARTESIAN_POINT('',(-2.5,-6.35,-2.45));
#974 = VECTOR('',#975,1.);
#975 = DIRECTION('',(0.,1.,0.));
#976 = FACE_BOUND('',#977,.F.);
#977 = EDGE_LOOP('',(#978,#988,#996));
#978 = ORIENTED_EDGE('',*,*,#979,.T.);
#979 = EDGE_CURVE('',#980,#982,#984,.T.);
#980 = VERTEX_POINT('',#981);
#981 = CARTESIAN_POINT('',(-2.5,-2.8,-2.05));
#982 = VERTEX_POINT('',#983);
#983 = CARTESIAN_POINT('',(-2.5,-2.4,-1.357179676972));
#984 = LINE('',#985,#986);
#985 = CARTESIAN_POINT('',(-2.5,-2.8,-2.05));
#986 = VECTOR('',#987,1.);
#987 = DIRECTION('',(0.,0.5,0.866025403784));
#988 = ORIENTED_EDGE('',*,*,#989,.T.);
#989 = EDGE_CURVE('',#982,#990,#992,.T.);
#990 = VERTEX_POINT('',#991);
#991 = CARTESIAN_POINT('',(-2.5,-2.,-2.05));
#992 = LINE('',#993,#994);
#993 = CARTESIAN_POINT('',(-2.5,-2.4,-1.357179676972));
#994 = VECTOR('',#995,1.);
#995 = DIRECTION('',(0.,0.5,-0.866025403784));
#996 = ORIENTED_EDGE('',*,*,#997,.T.);
#997 = EDGE_CURVE('',#990,#980,#998,.T.);
#998 = LINE('',#999,#1000);
#999 = CARTESIAN_POINT('',(-2.5,-2.,-2.05));
#1000 = VECTOR('',#1001,1.);
#1001 = DIRECTION('',(0.,-1.,0.));
#1002 = PLANE('',#1003);
#1003 = AXIS2_PLACEMENT_3D('',#1004,#1005,#1006);
#1004 = CARTESIAN_POINT('',(-2.5,-6.35,-2.45));
#1005 = DIRECTION('',(-1.,0.,0.));
#1006 = DIRECTION('',(0.,0.,1.));
#1007 = ADVANCED_FACE('',(#1008),#1033,.T.);
#1008 = FACE_BOUND('',#1009,.F.);
#1009 = EDGE_LOOP('',(#1010,#1011,#1019,#1027));
#1010 = ORIENTED_EDGE('',*,*,#979,.F.);
#1011 = ORIENTED_EDGE('',*,*,#1012,.T.);
#1012 = EDGE_CURVE('',#980,#1013,#1015,.T.);
#1013 = VERTEX_POINT('',#1014);
#1014 = CARTESIAN_POINT('',(-2.55,-2.8,-2.05));
#1015 = LINE('',#1016,#1017);
#1016 = CARTESIAN_POINT('',(-2.5,-2.8,-2.05));
#1017 = VECTOR('',#1018,1.);
#1018 = DIRECTION('',(-1.,0.,0.));
#1019 = ORIENTED_EDGE('',*,*,#1020,.T.);
#1020 = EDGE_CURVE('',#1013,#1021,#1023,.T.);
#1021 = VERTEX_POINT('',#1022);
#1022 = CARTESIAN_POINT('',(-2.55,-2.4,-1.357179676972));
#1023 = LINE('',#1024,#1025);
#1024 = CARTESIAN_POINT('',(-2.55,-2.8,-2.05));
#1025 = VECTOR('',#1026,1.);
#1026 = DIRECTION('',(0.,0.5,0.866025403784));
#1027 = ORIENTED_EDGE('',*,*,#1028,.F.);
#1028 = EDGE_CURVE('',#982,#1021,#1029,.T.);
#1029 = LINE('',#1030,#1031);
#1030 = CARTESIAN_POINT('',(-2.5,-2.4,-1.357179676972));
#1031 = VECTOR('',#1032,1.);
#1032 = DIRECTION('',(-1.,0.,0.));
#1033 = PLANE('',#1034);
#1034 = AXIS2_PLACEMENT_3D('',#1035,#1036,#1037);
#1035 = CARTESIAN_POINT('',(-2.5,-2.8,-2.05));
#1036 = DIRECTION('',(0.,-0.866025403784,0.5));
#1037 = DIRECTION('',(0.,0.5,0.866025403784));
#1038 = ADVANCED_FACE('',(#1039),#1057,.T.);
#1039 = FACE_BOUND('',#1040,.F.);
#1040 = EDGE_LOOP('',(#1041,#1042,#1050,#1056));
#1041 = ORIENTED_EDGE('',*,*,#997,.F.);
#1042 = ORIENTED_EDGE('',*,*,#1043,.T.);
#1043 = EDGE_CURVE('',#990,#1044,#1046,.T.);
#1044 = VERTEX_POINT('',#1045);
#1045 = CARTESIAN_POINT('',(-2.55,-2.,-2.05));
#1046 = LINE('',#1047,#1048);
#1047 = CARTESIAN_POINT('',(-2.5,-2.,-2.05));
#1048 = VECTOR('',#1049,1.);
#1049 = DIRECTION('',(-1.,0.,0.));
#1050 = ORIENTED_EDGE('',*,*,#1051,.T.);
#1051 = EDGE_CURVE('',#1044,#1013,#1052,.T.);
#1052 = LINE('',#1053,#1054);
#1053 = CARTESIAN_POINT('',(-2.55,-2.,-2.05));
#1054 = VECTOR('',#1055,1.);
#1055 = DIRECTION('',(0.,-1.,0.));
#1056 = ORIENTED_EDGE('',*,*,#1012,.F.);
#1057 = PLANE('',#1058);
#1058 = AXIS2_PLACEMENT_3D('',#1059,#1060,#1061);
#1059 = CARTESIAN_POINT('',(-2.5,-2.,-2.05));
#1060 = DIRECTION('',(0.,0.,-1.));
#1061 = DIRECTION('',(0.,-1.,0.));
#1062 = ADVANCED_FACE('',(#1063),#1074,.T.);
#1063 = FACE_BOUND('',#1064,.F.);
#1064 = EDGE_LOOP('',(#1065,#1066,#1067,#1073));
#1065 = ORIENTED_EDGE('',*,*,#989,.F.);
#1066 = ORIENTED_EDGE('',*,*,#1028,.T.);
#1067 = ORIENTED_EDGE('',*,*,#1068,.T.);
#1068 = EDGE_CURVE('',#1021,#1044,#1069,.T.);
#1069 = LINE('',#1070,#1071);
#1070 = CARTESIAN_POINT('',(-2.55,-2.4,-1.357179676972));
#1071 = VECTOR('',#1072,1.);
#1072 = DIRECTION('',(0.,0.5,-0.866025403784));
#1073 = ORIENTED_EDGE('',*,*,#1043,.F.);
#1074 = PLANE('',#1075);
#1075 = AXIS2_PLACEMENT_3D('',#1076,#1077,#1078);
#1076 = CARTESIAN_POINT('',(-2.5,-2.4,-1.357179676972));
#1077 = DIRECTION('',(0.,0.866025403784,0.5));
#1078 = DIRECTION('',(0.,0.5,-0.866025403784));
#1079 = ADVANCED_FACE('',(#1080),#1085,.T.);
#1080 = FACE_BOUND('',#1081,.F.);
#1081 = EDGE_LOOP('',(#1082,#1083,#1084));
#1082 = ORIENTED_EDGE('',*,*,#1020,.F.);
#1083 = ORIENTED_EDGE('',*,*,#1051,.F.);
#1084 = ORIENTED_EDGE('',*,*,#1068,.F.);
#1085 = PLANE('',#1086);
#1086 = AXIS2_PLACEMENT_3D('',#1087,#1088,#1089);
#1087 = CARTESIAN_POINT('',(-2.55,-6.35,0.));
#1088 = DIRECTION('',(-1.,0.,0.));
#1089 = DIRECTION('',(0.,1.,0.));
#1090 = ADVANCED_FACE('',(#1091),#1124,.F.);
#1091 = FACE_BOUND('',#1092,.F.);
#1092 = EDGE_LOOP('',(#1093,#1101,#1102,#1110,#1118));
#1093 = ORIENTED_EDGE('',*,*,#1094,.T.);
#1094 = EDGE_CURVE('',#1095,#774,#1097,.T.);
#1095 = VERTEX_POINT('',#1096);
#1096 = CARTESIAN_POINT('',(-1.7,-1.2,0.25));
#1097 = LINE('',#1098,#1099);
#1098 = CARTESIAN_POINT('',(-1.7,-1.2,0.25));
#1099 = VECTOR('',#1100,1.);
#1100 = DIRECTION('',(-1.,0.,0.));
#1101 = ORIENTED_EDGE('',*,*,#771,.F.);
#1102 = ORIENTED_EDGE('',*,*,#1103,.T.);
#1103 = EDGE_CURVE('',#772,#1104,#1106,.T.);
#1104 = VERTEX_POINT('',#1105);
#1105 = CARTESIAN_POINT('',(-2.,-1.2,-2.45));
#1106 = LINE('',#1107,#1108);
#1107 = CARTESIAN_POINT('',(-2.5,-1.2,-2.45));
#1108 = VECTOR('',#1109,1.);
#1109 = DIRECTION('',(1.,0.,0.));
#1110 = ORIENTED_EDGE('',*,*,#1111,.F.);
#1111 = EDGE_CURVE('',#1112,#1104,#1114,.T.);
#1112 = VERTEX_POINT('',#1113);
#1113 = CARTESIAN_POINT('',(-1.7,-1.2,-2.15));
#1114 = LINE('',#1115,#1116);
#1115 = CARTESIAN_POINT('',(-1.7,-1.2,-2.15));
#1116 = VECTOR('',#1117,1.);
#1117 = DIRECTION('',(-0.707106781187,0.,-0.707106781187));
#1118 = ORIENTED_EDGE('',*,*,#1119,.T.);
#1119 = EDGE_CURVE('',#1112,#1095,#1120,.T.);
#1120 = LINE('',#1121,#1122);
#1121 = CARTESIAN_POINT('',(-1.7,-1.2,-2.15));
#1122 = VECTOR('',#1123,1.);
#1123 = DIRECTION('',(0.,0.,1.));
#1124 = PLANE('',#1125);
#1125 = AXIS2_PLACEMENT_3D('',#1126,#1127,#1128);
#1126 = CARTESIAN_POINT('',(-1.7,-1.2,-2.45));
#1127 = DIRECTION('',(0.,-1.,0.));
#1128 = DIRECTION('',(-1.,0.,0.));
#1129 = ADVANCED_FACE('',(#1130),#1148,.T.);
#1130 = FACE_BOUND('',#1131,.F.);
#1131 = EDGE_LOOP('',(#1132,#1133,#1141,#1147));
#1132 = ORIENTED_EDGE('',*,*,#1094,.F.);
#1133 = ORIENTED_EDGE('',*,*,#1134,.F.);
#1134 = EDGE_CURVE('',#1135,#1095,#1137,.T.);
#1135 = VERTEX_POINT('',#1136);
#1136 = CARTESIAN_POINT('',(-1.7,1.2,0.25));
#1137 = LINE('',#1138,#1139);
#1138 = CARTESIAN_POINT('',(-1.7,1.2,0.25));
#1139 = VECTOR('',#1140,1.);
#1140 = DIRECTION('',(0.,-1.,0.));
#1141 = ORIENTED_EDGE('',*,*,#1142,.F.);
#1142 = EDGE_CURVE('',#782,#1135,#1143,.T.);
#1143 = LINE('',#1144,#1145);
#1144 = CARTESIAN_POINT('',(-2.5,1.2,0.25));
#1145 = VECTOR('',#1146,1.);
#1146 = DIRECTION('',(1.,0.,0.));
#1147 = ORIENTED_EDGE('',*,*,#781,.F.);
#1148 = PLANE('',#1149);
#1149 = AXIS2_PLACEMENT_3D('',#1150,#1151,#1152);
#1150 = CARTESIAN_POINT('',(0.,-6.35,0.25));
#1151 = DIRECTION('',(0.,0.,-1.));
#1152 = DIRECTION('',(0.,1.,0.));
#1153 = ADVANCED_FACE('',(#1154),#1195,.F.);
#1154 = FACE_BOUND('',#1155,.F.);
#1155 = EDGE_LOOP('',(#1156,#1157,#1158,#1166,#1172,#1173,#1181,#1189));
#1156 = ORIENTED_EDGE('',*,*,#1134,.T.);
#1157 = ORIENTED_EDGE('',*,*,#1119,.F.);
#1158 = ORIENTED_EDGE('',*,*,#1159,.T.);
#1159 = EDGE_CURVE('',#1112,#1160,#1162,.T.);
#1160 = VERTEX_POINT('',#1161);
#1161 = CARTESIAN_POINT('',(-1.7,-5.55,-2.15));
#1162 = LINE('',#1163,#1164);
#1163 = CARTESIAN_POINT('',(-1.7,-1.2,-2.15));
#1164 = VECTOR('',#1165,1.);
#1165 = DIRECTION('',(0.,-1.,0.));
#1166 = ORIENTED_EDGE('',*,*,#1167,.T.);
#1167 = EDGE_CURVE('',#1160,#152,#1168,.T.);
#1168 = LINE('',#1169,#1170);
#1169 = CARTESIAN_POINT('',(-1.7,-5.55,-2.15));
#1170 = VECTOR('',#1171,1.);
#1171 = DIRECTION('',(0.,0.,1.));
#1172 = ORIENTED_EDGE('',*,*,#151,.T.);
#1173 = ORIENTED_EDGE('',*,*,#1174,.F.);
#1174 = EDGE_CURVE('',#1175,#154,#1177,.T.);
#1175 = VERTEX_POINT('',#1176);
#1176 = CARTESIAN_POINT('',(-1.7,5.55,-2.15));
#1177 = LINE('',#1178,#1179);
#1178 = CARTESIAN_POINT('',(-1.7,5.55,-2.15));
#1179 = VECTOR('',#1180,1.);
#1180 = DIRECTION('',(0.,0.,1.));
#1181 = ORIENTED_EDGE('',*,*,#1182,.T.);
#1182 = EDGE_CURVE('',#1175,#1183,#1185,.T.);
#1183 = VERTEX_POINT('',#1184);
#1184 = CARTESIAN_POINT('',(-1.7,1.2,-2.15));
#1185 = LINE('',#1186,#1187);
#1186 = CARTESIAN_POINT('',(-1.7,5.55,-2.15));
#1187 = VECTOR('',#1188,1.);
#1188 = DIRECTION('',(0.,-1.,0.));
#1189 = ORIENTED_EDGE('',*,*,#1190,.T.);
#1190 = EDGE_CURVE('',#1183,#1135,#1191,.T.);
#1191 = LINE('',#1192,#1193);
#1192 = CARTESIAN_POINT('',(-1.7,1.2,-2.15));
#1193 = VECTOR('',#1194,1.);
#1194 = DIRECTION('',(0.,0.,1.));
#1195 = PLANE('',#1196);
#1196 = AXIS2_PLACEMENT_3D('',#1197,#1198,#1199);
#1197 = CARTESIAN_POINT('',(-1.7,1.2,-2.45));
#1198 = DIRECTION('',(-1.,0.,0.));
#1199 = DIRECTION('',(0.,1.,0.));
#1200 = ADVANCED_FACE('',(#1201),#1219,.T.);
#1201 = FACE_BOUND('',#1202,.F.);
#1202 = EDGE_LOOP('',(#1203,#1204,#1212,#1218));
#1203 = ORIENTED_EDGE('',*,*,#1111,.T.);
#1204 = ORIENTED_EDGE('',*,*,#1205,.T.);
#1205 = EDGE_CURVE('',#1104,#1206,#1208,.T.);
#1206 = VERTEX_POINT('',#1207);
#1207 = CARTESIAN_POINT('',(-2.,-5.85,-2.45));
#1208 = LINE('',#1209,#1210);
#1209 = CARTESIAN_POINT('',(-2.,-1.2,-2.45));
#1210 = VECTOR('',#1211,1.);
#1211 = DIRECTION('',(0.,-1.,0.));
#1212 = ORIENTED_EDGE('',*,*,#1213,.F.);
#1213 = EDGE_CURVE('',#1160,#1206,#1214,.T.);
#1214 = LINE('',#1215,#1216);
#1215 = CARTESIAN_POINT('',(-1.7,-5.55,-2.15));
#1216 = VECTOR('',#1217,1.);
#1217 = DIRECTION('',(-0.57735026919,-0.57735026919,-0.57735026919));
#1218 = ORIENTED_EDGE('',*,*,#1159,.F.);
#1219 = PLANE('',#1220);
#1220 = AXIS2_PLACEMENT_3D('',#1221,#1222,#1223);
#1221 = CARTESIAN_POINT('',(-1.85,-3.375,-2.3));
#1222 = DIRECTION('',(0.707106781187,0.,-0.707106781187));
#1223 = DIRECTION('',(0.,-1.,0.));
#1224 = ADVANCED_FACE('',(#1225),#1266,.T.);
#1225 = FACE_BOUND('',#1226,.F.);
#1226 = EDGE_LOOP('',(#1227,#1237,#1243,#1244,#1252,#1260));
#1227 = ORIENTED_EDGE('',*,*,#1228,.F.);
#1228 = EDGE_CURVE('',#1229,#1231,#1233,.T.);
#1229 = VERTEX_POINT('',#1230);
#1230 = CARTESIAN_POINT('',(-0.9,6.35,-2.45));
#1231 = VERTEX_POINT('',#1232);
#1232 = CARTESIAN_POINT('',(-0.9,5.85,-2.45));
#1233 = LINE('',#1234,#1235);
#1234 = CARTESIAN_POINT('',(-0.9,6.35,-2.45));
#1235 = VECTOR('',#1236,1.);
#1236 = DIRECTION('',(0.,-1.,0.));
#1237 = ORIENTED_EDGE('',*,*,#1238,.T.);
#1238 = EDGE_CURVE('',#1229,#798,#1239,.T.);
#1239 = LINE('',#1240,#1241);
#1240 = CARTESIAN_POINT('',(-0.9,6.35,-2.45));
#1241 = VECTOR('',#1242,1.);
#1242 = DIRECTION('',(-1.,0.,0.));
#1243 = ORIENTED_EDGE('',*,*,#797,.F.);
#1244 = ORIENTED_EDGE('',*,*,#1245,.T.);
#1245 = EDGE_CURVE('',#790,#1246,#1248,.T.);
#1246 = VERTEX_POINT('',#1247);
#1247 = CARTESIAN_POINT('',(-2.,1.2,-2.45));
#1248 = LINE('',#1249,#1250);
#1249 = CARTESIAN_POINT('',(-2.5,1.2,-2.45));
#1250 = VECTOR('',#1251,1.);
#1251 = DIRECTION('',(1.,0.,0.));
#1252 = ORIENTED_EDGE('',*,*,#1253,.F.);
#1253 = EDGE_CURVE('',#1254,#1246,#1256,.T.);
#1254 = VERTEX_POINT('',#1255);
#1255 = CARTESIAN_POINT('',(-2.,5.85,-2.45));
#1256 = LINE('',#1257,#1258);
#1257 = CARTESIAN_POINT('',(-2.,5.85,-2.45));
#1258 = VECTOR('',#1259,1.);
#1259 = DIRECTION('',(0.,-1.,0.));
#1260 = ORIENTED_EDGE('',*,*,#1261,.F.);
#1261 = EDGE_CURVE('',#1231,#1254,#1262,.T.);
#1262 = LINE('',#1263,#1264);
#1263 = CARTESIAN_POINT('',(-0.9,5.85,-2.45));
#1264 = VECTOR('',#1265,1.);
#1265 = DIRECTION('',(-1.,0.,0.));
#1266 = PLANE('',#1267);
#1267 = AXIS2_PLACEMENT_3D('',#1268,#1269,#1270);
#1268 = CARTESIAN_POINT('',(2.5,-6.35,-2.45));
#1269 = DIRECTION('',(0.,0.,-1.));
#1270 = DIRECTION('',(-1.,0.,0.));
#1271 = ADVANCED_FACE('',(#1272),#1329,.T.);
#1272 = FACE_BOUND('',#1273,.F.);
#1273 = EDGE_LOOP('',(#1274,#1284,#1292,#1300,#1308,#1314,#1315,#1323));
#1274 = ORIENTED_EDGE('',*,*,#1275,.T.);
#1275 = EDGE_CURVE('',#1276,#1278,#1280,.T.);
#1276 = VERTEX_POINT('',#1277);
#1277 = CARTESIAN_POINT('',(0.9,6.35,-2.45));
#1278 = VERTEX_POINT('',#1279);
#1279 = CARTESIAN_POINT('',(0.9,5.85,-2.45));
#1280 = LINE('',#1281,#1282);
#1281 = CARTESIAN_POINT('',(0.9,6.35,-2.45));
#1282 = VECTOR('',#1283,1.);
#1283 = DIRECTION('',(0.,-1.,0.));
#1284 = ORIENTED_EDGE('',*,*,#1285,.F.);
#1285 = EDGE_CURVE('',#1286,#1278,#1288,.T.);
#1286 = VERTEX_POINT('',#1287);
#1287 = CARTESIAN_POINT('',(2.,5.85,-2.45));
#1288 = LINE('',#1289,#1290);
#1289 = CARTESIAN_POINT('',(2.,5.85,-2.45));
#1290 = VECTOR('',#1291,1.);
#1291 = DIRECTION('',(-1.,0.,0.));
#1292 = ORIENTED_EDGE('',*,*,#1293,.F.);
#1293 = EDGE_CURVE('',#1294,#1286,#1296,.T.);
#1294 = VERTEX_POINT('',#1295);
#1295 = CARTESIAN_POINT('',(2.,-5.85,-2.45));
#1296 = LINE('',#1297,#1298);
#1297 = CARTESIAN_POINT('',(2.,-5.85,-2.45));
#1298 = VECTOR('',#1299,1.);
#1299 = DIRECTION('',(0.,1.,0.));
#1300 = ORIENTED_EDGE('',*,*,#1301,.F.);
#1301 = EDGE_CURVE('',#1302,#1294,#1304,.T.);
#1302 = VERTEX_POINT('',#1303);
#1303 = CARTESIAN_POINT('',(0.9,-5.85,-2.45));
#1304 = LINE('',#1305,#1306);
#1305 = CARTESIAN_POINT('',(0.9,-5.85,-2.45));
#1306 = VECTOR('',#1307,1.);
#1307 = DIRECTION('',(1.,0.,0.));
#1308 = ORIENTED_EDGE('',*,*,#1309,.F.);
#1309 = EDGE_CURVE('',#130,#1302,#1310,.T.);
#1310 = LINE('',#1311,#1312);
#1311 = CARTESIAN_POINT('',(0.9,-6.35,-2.45));
#1312 = VECTOR('',#1313,1.);
#1313 = DIRECTION('',(0.,1.,0.));
#1314 = ORIENTED_EDGE('',*,*,#129,.F.);
#1315 = ORIENTED_EDGE('',*,*,#1316,.T.);
#1316 = EDGE_CURVE('',#122,#1317,#1319,.T.);
#1317 = VERTEX_POINT('',#1318);
#1318 = CARTESIAN_POINT('',(2.5,6.35,-2.45));
#1319 = LINE('',#1320,#1321);
#1320 = CARTESIAN_POINT('',(2.5,-6.35,-2.45));
#1321 = VECTOR('',#1322,1.);
#1322 = DIRECTION('',(0.,1.,0.));
#1323 = ORIENTED_EDGE('',*,*,#1324,.T.);
#1324 = EDGE_CURVE('',#1317,#1276,#1325,.T.);
#1325 = LINE('',#1326,#1327);
#1326 = CARTESIAN_POINT('',(2.5,6.35,-2.45));
#1327 = VECTOR('',#1328,1.);
#1328 = DIRECTION('',(-1.,0.,0.));
#1329 = PLANE('',#1330);
#1330 = AXIS2_PLACEMENT_3D('',#1331,#1332,#1333);
#1331 = CARTESIAN_POINT('',(2.5,-6.35,-2.45));
#1332 = DIRECTION('',(0.,0.,-1.));
#1333 = DIRECTION('',(-1.,0.,0.));
#1334 = ADVANCED_FACE('',(#1335),#1355,.T.);
#1335 = FACE_BOUND('',#1336,.F.);
#1336 = EDGE_LOOP('',(#1337,#1345,#1351,#1352,#1353,#1354));
#1337 = ORIENTED_EDGE('',*,*,#1338,.T.);
#1338 = EDGE_CURVE('',#90,#1339,#1341,.T.);
#1339 = VERTEX_POINT('',#1340);
#1340 = CARTESIAN_POINT('',(-0.9,-5.85,-2.45));
#1341 = LINE('',#1342,#1343);
#1342 = CARTESIAN_POINT('',(-0.9,-6.35,-2.45));
#1343 = VECTOR('',#1344,1.);
#1344 = DIRECTION('',(0.,1.,0.));
#1345 = ORIENTED_EDGE('',*,*,#1346,.F.);
#1346 = EDGE_CURVE('',#1206,#1339,#1347,.T.);
#1347 = LINE('',#1348,#1349);
#1348 = CARTESIAN_POINT('',(-2.,-5.85,-2.45));
#1349 = VECTOR('',#1350,1.);
#1350 = DIRECTION('',(1.,0.,0.));
#1351 = ORIENTED_EDGE('',*,*,#1205,.F.);
#1352 = ORIENTED_EDGE('',*,*,#1103,.F.);
#1353 = ORIENTED_EDGE('',*,*,#971,.F.);
#1354 = ORIENTED_EDGE('',*,*,#97,.F.);
#1355 = PLANE('',#1356);
#1356 = AXIS2_PLACEMENT_3D('',#1357,#1358,#1359);
#1357 = CARTESIAN_POINT('',(2.5,-6.35,-2.45));
#1358 = DIRECTION('',(0.,0.,-1.));
#1359 = DIRECTION('',(-1.,0.,0.));
#1360 = ADVANCED_FACE('',(#1361),#1385,.F.);
#1361 = FACE_BOUND('',#1362,.F.);
#1362 = EDGE_LOOP('',(#1363,#1369,#1370,#1378,#1384));
#1363 = ORIENTED_EDGE('',*,*,#1364,.F.);
#1364 = EDGE_CURVE('',#1229,#217,#1365,.T.);
#1365 = LINE('',#1366,#1367);
#1366 = CARTESIAN_POINT('',(-0.9,6.35,-2.45));
#1367 = VECTOR('',#1368,1.);
#1368 = DIRECTION('',(0.,0.,1.));
#1369 = ORIENTED_EDGE('',*,*,#1228,.T.);
#1370 = ORIENTED_EDGE('',*,*,#1371,.F.);
#1371 = EDGE_CURVE('',#1372,#1231,#1374,.T.);
#1372 = VERTEX_POINT('',#1373);
#1373 = CARTESIAN_POINT('',(-0.9,5.55,-2.15));
#1374 = LINE('',#1375,#1376);
#1375 = CARTESIAN_POINT('',(-0.9,5.55,-2.15));
#1376 = VECTOR('',#1377,1.);
#1377 = DIRECTION('',(0.,0.707106781187,-0.707106781187));
#1378 = ORIENTED_EDGE('',*,*,#1379,.T.);
#1379 = EDGE_CURVE('',#1372,#225,#1380,.T.);
#1380 = LINE('',#1381,#1382);
#1381 = CARTESIAN_POINT('',(-0.9,5.55,-2.15));
#1382 = VECTOR('',#1383,1.);
#1383 = DIRECTION('',(0.,0.,1.));
#1384 = ORIENTED_EDGE('',*,*,#224,.T.);
#1385 = PLANE('',#1386);
#1386 = AXIS2_PLACEMENT_3D('',#1387,#1388,#1389);
#1387 = CARTESIAN_POINT('',(-0.9,5.55,-2.45));
#1388 = DIRECTION('',(-1.,0.,0.));
#1389 = DIRECTION('',(0.,1.,0.));
#1390 = ADVANCED_FACE('',(#1391),#1418,.T.);
#1391 = FACE_BOUND('',#1392,.F.);
#1392 = EDGE_LOOP('',(#1393,#1394,#1400,#1401,#1409,#1415,#1416,#1417));
#1393 = ORIENTED_EDGE('',*,*,#216,.T.);
#1394 = ORIENTED_EDGE('',*,*,#1395,.F.);
#1395 = EDGE_CURVE('',#1276,#209,#1396,.T.);
#1396 = LINE('',#1397,#1398);
#1397 = CARTESIAN_POINT('',(0.9,6.35,-2.45));
#1398 = VECTOR('',#1399,1.);
#1399 = DIRECTION('',(0.,0.,1.));
#1400 = ORIENTED_EDGE('',*,*,#1324,.F.);
#1401 = ORIENTED_EDGE('',*,*,#1402,.F.);
#1402 = EDGE_CURVE('',#1403,#1317,#1405,.T.);
#1403 = VERTEX_POINT('',#1404);
#1404 = CARTESIAN_POINT('',(2.5,6.35,2.45));
#1405 = LINE('',#1406,#1407);
#1406 = CARTESIAN_POINT('',(2.5,6.35,2.45));
#1407 = VECTOR('',#1408,1.);
#1408 = DIRECTION('',(0.,0.,-1.));
#1409 = ORIENTED_EDGE('',*,*,#1410,.F.);
#1410 = EDGE_CURVE('',#806,#1403,#1411,.T.);
#1411 = LINE('',#1412,#1413);
#1412 = CARTESIAN_POINT('',(-2.5,6.35,2.45));
#1413 = VECTOR('',#1414,1.);
#1414 = DIRECTION('',(1.,0.,0.));
#1415 = ORIENTED_EDGE('',*,*,#805,.F.);
#1416 = ORIENTED_EDGE('',*,*,#1238,.F.);
#1417 = ORIENTED_EDGE('',*,*,#1364,.T.);
#1418 = PLANE('',#1419);
#1419 = AXIS2_PLACEMENT_3D('',#1420,#1421,#1422);
#1420 = CARTESIAN_POINT('',(0.,6.35,0.));
#1421 = DIRECTION('',(0.,1.,0.));
#1422 = DIRECTION('',(1.,0.,0.));
#1423 = ADVANCED_FACE('',(#1424),#1443,.F.);
#1424 = FACE_BOUND('',#1425,.F.);
#1425 = EDGE_LOOP('',(#1426,#1427,#1428,#1436,#1442));
#1426 = ORIENTED_EDGE('',*,*,#1395,.T.);
#1427 = ORIENTED_EDGE('',*,*,#208,.T.);
#1428 = ORIENTED_EDGE('',*,*,#1429,.F.);
#1429 = EDGE_CURVE('',#1430,#201,#1432,.T.);
#1430 = VERTEX_POINT('',#1431);
#1431 = CARTESIAN_POINT('',(0.9,5.55,-2.15));
#1432 = LINE('',#1433,#1434);
#1433 = CARTESIAN_POINT('',(0.9,5.55,-2.15));
#1434 = VECTOR('',#1435,1.);
#1435 = DIRECTION('',(0.,0.,1.));
#1436 = ORIENTED_EDGE('',*,*,#1437,.T.);
#1437 = EDGE_CURVE('',#1430,#1278,#1438,.T.);
#1438 = LINE('',#1439,#1440);
#1439 = CARTESIAN_POINT('',(0.9,5.55,-2.15));
#1440 = VECTOR('',#1441,1.);
#1441 = DIRECTION('',(0.,0.707106781187,-0.707106781187));
#1442 = ORIENTED_EDGE('',*,*,#1275,.F.);
#1443 = PLANE('',#1444);
#1444 = AXIS2_PLACEMENT_3D('',#1445,#1446,#1447);
#1445 = CARTESIAN_POINT('',(0.9,6.35,-2.45));
#1446 = DIRECTION('',(1.,0.,0.));
#1447 = DIRECTION('',(0.,-1.,0.));
#1448 = ADVANCED_FACE('',(#1449),#1460,.F.);
#1449 = FACE_BOUND('',#1450,.F.);
#1450 = EDGE_LOOP('',(#1451,#1452,#1458,#1459));
#1451 = ORIENTED_EDGE('',*,*,#1379,.F.);
#1452 = ORIENTED_EDGE('',*,*,#1453,.T.);
#1453 = EDGE_CURVE('',#1372,#1175,#1454,.T.);
#1454 = LINE('',#1455,#1456);
#1455 = CARTESIAN_POINT('',(-0.9,5.55,-2.15));
#1456 = VECTOR('',#1457,1.);
#1457 = DIRECTION('',(-1.,0.,0.));
#1458 = ORIENTED_EDGE('',*,*,#1174,.T.);
#1459 = ORIENTED_EDGE('',*,*,#232,.T.);
#1460 = PLANE('',#1461);
#1461 = AXIS2_PLACEMENT_3D('',#1462,#1463,#1464);
#1462 = CARTESIAN_POINT('',(-1.7,5.55,-2.45));
#1463 = DIRECTION('',(0.,1.,0.));
#1464 = DIRECTION('',(1.,0.,0.));
#1465 = ADVANCED_FACE('',(#1466),#1484,.F.);
#1466 = FACE_BOUND('',#1467,.F.);
#1467 = EDGE_LOOP('',(#1468,#1469,#1470,#1478));
#1468 = ORIENTED_EDGE('',*,*,#1429,.T.);
#1469 = ORIENTED_EDGE('',*,*,#200,.T.);
#1470 = ORIENTED_EDGE('',*,*,#1471,.F.);
#1471 = EDGE_CURVE('',#1472,#193,#1474,.T.);
#1472 = VERTEX_POINT('',#1473);
#1473 = CARTESIAN_POINT('',(1.7,5.55,-2.15));
#1474 = LINE('',#1475,#1476);
#1475 = CARTESIAN_POINT('',(1.7,5.55,-2.15));
#1476 = VECTOR('',#1477,1.);
#1477 = DIRECTION('',(0.,0.,1.));
#1478 = ORIENTED_EDGE('',*,*,#1479,.T.);
#1479 = EDGE_CURVE('',#1472,#1430,#1480,.T.);
#1480 = LINE('',#1481,#1482);
#1481 = CARTESIAN_POINT('',(1.7,5.55,-2.15));
#1482 = VECTOR('',#1483,1.);
#1483 = DIRECTION('',(-1.,0.,0.));
#1484 = PLANE('',#1485);
#1485 = AXIS2_PLACEMENT_3D('',#1486,#1487,#1488);
#1486 = CARTESIAN_POINT('',(-1.7,5.55,-2.45));
#1487 = DIRECTION('',(0.,1.,0.));
#1488 = DIRECTION('',(1.,0.,0.));
#1489 = ADVANCED_FACE('',(#1490),#1501,.T.);
#1490 = FACE_BOUND('',#1491,.F.);
#1491 = EDGE_LOOP('',(#1492,#1493,#1494,#1500));
#1492 = ORIENTED_EDGE('',*,*,#1371,.T.);
#1493 = ORIENTED_EDGE('',*,*,#1261,.T.);
#1494 = ORIENTED_EDGE('',*,*,#1495,.F.);
#1495 = EDGE_CURVE('',#1175,#1254,#1496,.T.);
#1496 = LINE('',#1497,#1498);
#1497 = CARTESIAN_POINT('',(-1.7,5.55,-2.15));
#1498 = VECTOR('',#1499,1.);
#1499 = DIRECTION('',(-0.57735026919,0.57735026919,-0.57735026919));
#1500 = ORIENTED_EDGE('',*,*,#1453,.F.);
#1501 = PLANE('',#1502);
#1502 = AXIS2_PLACEMENT_3D('',#1503,#1504,#1505);
#1503 = CARTESIAN_POINT('',(0.,5.7,-2.3));
#1504 = DIRECTION('',(0.,-0.707106781187,-0.707106781187));
#1505 = DIRECTION('',(-1.,-0.,0.));
#1506 = ADVANCED_FACE('',(#1507),#1518,.T.);
#1507 = FACE_BOUND('',#1508,.F.);
#1508 = EDGE_LOOP('',(#1509,#1510,#1511,#1517));
#1509 = ORIENTED_EDGE('',*,*,#1437,.F.);
#1510 = ORIENTED_EDGE('',*,*,#1479,.F.);
#1511 = ORIENTED_EDGE('',*,*,#1512,.T.);
#1512 = EDGE_CURVE('',#1472,#1286,#1513,.T.);
#1513 = LINE('',#1514,#1515);
#1514 = CARTESIAN_POINT('',(1.7,5.55,-2.15));
#1515 = VECTOR('',#1516,1.);
#1516 = DIRECTION('',(0.57735026919,0.57735026919,-0.57735026919));
#1517 = ORIENTED_EDGE('',*,*,#1285,.T.);
#1518 = PLANE('',#1519);
#1519 = AXIS2_PLACEMENT_3D('',#1520,#1521,#1522);
#1520 = CARTESIAN_POINT('',(0.,5.7,-2.3));
#1521 = DIRECTION('',(0.,-0.707106781187,-0.707106781187));
#1522 = DIRECTION('',(-1.,-0.,0.));
#1523 = ADVANCED_FACE('',(#1524),#1535,.T.);
#1524 = FACE_BOUND('',#1525,.F.);
#1525 = EDGE_LOOP('',(#1526,#1532,#1533,#1534));
#1526 = ORIENTED_EDGE('',*,*,#1527,.T.);
#1527 = EDGE_CURVE('',#1246,#1183,#1528,.T.);
#1528 = LINE('',#1529,#1530);
#1529 = CARTESIAN_POINT('',(-2.,1.2,-2.45));
#1530 = VECTOR('',#1531,1.);
#1531 = DIRECTION('',(0.707106781187,0.,0.707106781187));
#1532 = ORIENTED_EDGE('',*,*,#1182,.F.);
#1533 = ORIENTED_EDGE('',*,*,#1495,.T.);
#1534 = ORIENTED_EDGE('',*,*,#1253,.T.);
#1535 = PLANE('',#1536);
#1536 = AXIS2_PLACEMENT_3D('',#1537,#1538,#1539);
#1537 = CARTESIAN_POINT('',(-1.85,3.375,-2.3));
#1538 = DIRECTION('',(0.707106781187,0.,-0.707106781187));
#1539 = DIRECTION('',(0.,-1.,0.));
#1540 = ADVANCED_FACE('',(#1541),#1548,.F.);
#1541 = FACE_BOUND('',#1542,.F.);
#1542 = EDGE_LOOP('',(#1543,#1544,#1545,#1546,#1547));
#1543 = ORIENTED_EDGE('',*,*,#1142,.T.);
#1544 = ORIENTED_EDGE('',*,*,#1190,.F.);
#1545 = ORIENTED_EDGE('',*,*,#1527,.F.);
#1546 = ORIENTED_EDGE('',*,*,#1245,.F.);
#1547 = ORIENTED_EDGE('',*,*,#789,.T.);
#1548 = PLANE('',#1549);
#1549 = AXIS2_PLACEMENT_3D('',#1550,#1551,#1552);
#1550 = CARTESIAN_POINT('',(-2.5,1.2,-2.45));
#1551 = DIRECTION('',(0.,1.,0.));
#1552 = DIRECTION('',(1.,0.,0.));
#1553 = ADVANCED_FACE('',(#1554),#1572,.T.);
#1554 = FACE_BOUND('',#1555,.F.);
#1555 = EDGE_LOOP('',(#1556,#1564,#1570,#1571));
#1556 = ORIENTED_EDGE('',*,*,#1557,.F.);
#1557 = EDGE_CURVE('',#1558,#1472,#1560,.T.);
#1558 = VERTEX_POINT('',#1559);
#1559 = CARTESIAN_POINT('',(1.7,-5.55,-2.15));
#1560 = LINE('',#1561,#1562);
#1561 = CARTESIAN_POINT('',(1.7,-5.55,-2.15));
#1562 = VECTOR('',#1563,1.);
#1563 = DIRECTION('',(0.,1.,0.));
#1564 = ORIENTED_EDGE('',*,*,#1565,.T.);
#1565 = EDGE_CURVE('',#1558,#1294,#1566,.T.);
#1566 = LINE('',#1567,#1568);
#1567 = CARTESIAN_POINT('',(1.7,-5.55,-2.15));
#1568 = VECTOR('',#1569,1.);
#1569 = DIRECTION('',(0.57735026919,-0.57735026919,-0.57735026919));
#1570 = ORIENTED_EDGE('',*,*,#1293,.T.);
#1571 = ORIENTED_EDGE('',*,*,#1512,.F.);
#1572 = PLANE('',#1573);
#1573 = AXIS2_PLACEMENT_3D('',#1574,#1575,#1576);
#1574 = CARTESIAN_POINT('',(1.85,0.,-2.3));
#1575 = DIRECTION('',(-0.707106781187,0.,-0.707106781187));
#1576 = DIRECTION('',(0.,-1.,-0.));
#1577 = ADVANCED_FACE('',(#1578),#1589,.F.);
#1578 = FACE_BOUND('',#1579,.F.);
#1579 = EDGE_LOOP('',(#1580,#1581,#1582,#1583));
#1580 = ORIENTED_EDGE('',*,*,#1557,.T.);
#1581 = ORIENTED_EDGE('',*,*,#1471,.T.);
#1582 = ORIENTED_EDGE('',*,*,#192,.T.);
#1583 = ORIENTED_EDGE('',*,*,#1584,.F.);
#1584 = EDGE_CURVE('',#1558,#185,#1585,.T.);
#1585 = LINE('',#1586,#1587);
#1586 = CARTESIAN_POINT('',(1.7,-5.55,-2.15));
#1587 = VECTOR('',#1588,1.);
#1588 = DIRECTION('',(0.,0.,1.));
#1589 = PLANE('',#1590);
#1590 = AXIS2_PLACEMENT_3D('',#1591,#1592,#1593);
#1591 = CARTESIAN_POINT('',(1.7,5.55,-2.45));
#1592 = DIRECTION('',(1.,0.,0.));
#1593 = DIRECTION('',(0.,-1.,0.));
#1594 = ADVANCED_FACE('',(#1595),#1613,.F.);
#1595 = FACE_BOUND('',#1596,.F.);
#1596 = EDGE_LOOP('',(#1597,#1605,#1606,#1607));
#1597 = ORIENTED_EDGE('',*,*,#1598,.T.);
#1598 = EDGE_CURVE('',#1599,#162,#1601,.T.);
#1599 = VERTEX_POINT('',#1600);
#1600 = CARTESIAN_POINT('',(-0.9,-5.55,-2.15));
#1601 = LINE('',#1602,#1603);
#1602 = CARTESIAN_POINT('',(-0.9,-5.55,-2.15));
#1603 = VECTOR('',#1604,1.);
#1604 = DIRECTION('',(0.,0.,1.));
#1605 = ORIENTED_EDGE('',*,*,#161,.T.);
#1606 = ORIENTED_EDGE('',*,*,#1167,.F.);
#1607 = ORIENTED_EDGE('',*,*,#1608,.T.);
#1608 = EDGE_CURVE('',#1160,#1599,#1609,.T.);
#1609 = LINE('',#1610,#1611);
#1610 = CARTESIAN_POINT('',(-1.7,-5.55,-2.15));
#1611 = VECTOR('',#1612,1.);
#1612 = DIRECTION('',(1.,0.,0.));
#1613 = PLANE('',#1614);
#1614 = AXIS2_PLACEMENT_3D('',#1615,#1616,#1617);
#1615 = CARTESIAN_POINT('',(1.7,-5.55,-2.45));
#1616 = DIRECTION('',(0.,-1.,0.));
#1617 = DIRECTION('',(-1.,0.,0.));
#1618 = ADVANCED_FACE('',(#1619),#1637,.F.);
#1619 = FACE_BOUND('',#1620,.F.);
#1620 = EDGE_LOOP('',(#1621,#1629,#1635,#1636));
#1621 = ORIENTED_EDGE('',*,*,#1622,.F.);
#1622 = EDGE_CURVE('',#1623,#177,#1625,.T.);
#1623 = VERTEX_POINT('',#1624);
#1624 = CARTESIAN_POINT('',(0.9,-5.55,-2.15));
#1625 = LINE('',#1626,#1627);
#1626 = CARTESIAN_POINT('',(0.9,-5.55,-2.15));
#1627 = VECTOR('',#1628,1.);
#1628 = DIRECTION('',(0.,0.,1.));
#1629 = ORIENTED_EDGE('',*,*,#1630,.T.);
#1630 = EDGE_CURVE('',#1623,#1558,#1631,.T.);
#1631 = LINE('',#1632,#1633);
#1632 = CARTESIAN_POINT('',(0.9,-5.55,-2.15));
#1633 = VECTOR('',#1634,1.);
#1634 = DIRECTION('',(1.,0.,0.));
#1635 = ORIENTED_EDGE('',*,*,#1584,.T.);
#1636 = ORIENTED_EDGE('',*,*,#184,.T.);
#1637 = PLANE('',#1638);
#1638 = AXIS2_PLACEMENT_3D('',#1639,#1640,#1641);
#1639 = CARTESIAN_POINT('',(1.7,-5.55,-2.45));
#1640 = DIRECTION('',(0.,-1.,0.));
#1641 = DIRECTION('',(-1.,0.,0.));
#1642 = ADVANCED_FACE('',(#1643),#1655,.F.);
#1643 = FACE_BOUND('',#1644,.F.);
#1644 = EDGE_LOOP('',(#1645,#1646,#1647,#1648,#1654));
#1645 = ORIENTED_EDGE('',*,*,#89,.T.);
#1646 = ORIENTED_EDGE('',*,*,#169,.T.);
#1647 = ORIENTED_EDGE('',*,*,#1598,.F.);
#1648 = ORIENTED_EDGE('',*,*,#1649,.F.);
#1649 = EDGE_CURVE('',#1339,#1599,#1650,.T.);
#1650 = LINE('',#1651,#1652);
#1651 = CARTESIAN_POINT('',(-0.9,-5.85,-2.45));
#1652 = VECTOR('',#1653,1.);
#1653 = DIRECTION('',(0.,0.707106781187,0.707106781187));
#1654 = ORIENTED_EDGE('',*,*,#1338,.F.);
#1655 = PLANE('',#1656);
#1656 = AXIS2_PLACEMENT_3D('',#1657,#1658,#1659);
#1657 = CARTESIAN_POINT('',(-0.9,-6.35,-2.45));
#1658 = DIRECTION('',(-1.,0.,0.));
#1659 = DIRECTION('',(0.,1.,0.));
#1660 = ADVANCED_FACE('',(#1661),#1667,.T.);
#1661 = FACE_BOUND('',#1662,.F.);
#1662 = EDGE_LOOP('',(#1663,#1664,#1665,#1666));
#1663 = ORIENTED_EDGE('',*,*,#1649,.T.);
#1664 = ORIENTED_EDGE('',*,*,#1608,.F.);
#1665 = ORIENTED_EDGE('',*,*,#1213,.T.);
#1666 = ORIENTED_EDGE('',*,*,#1346,.T.);
#1667 = PLANE('',#1668);
#1668 = AXIS2_PLACEMENT_3D('',#1669,#1670,#1671);
#1669 = CARTESIAN_POINT('',(0.,-5.7,-2.3));
#1670 = DIRECTION('',(0.,0.707106781187,-0.707106781187));
#1671 = DIRECTION('',(-1.,0.,0.));
#1672 = ADVANCED_FACE('',(#1673),#1684,.T.);
#1673 = FACE_BOUND('',#1674,.F.);
#1674 = EDGE_LOOP('',(#1675,#1681,#1682,#1683));
#1675 = ORIENTED_EDGE('',*,*,#1676,.F.);
#1676 = EDGE_CURVE('',#1302,#1623,#1677,.T.);
#1677 = LINE('',#1678,#1679);
#1678 = CARTESIAN_POINT('',(0.9,-5.85,-2.45));
#1679 = VECTOR('',#1680,1.);
#1680 = DIRECTION('',(0.,0.707106781187,0.707106781187));
#1681 = ORIENTED_EDGE('',*,*,#1301,.T.);
#1682 = ORIENTED_EDGE('',*,*,#1565,.F.);
#1683 = ORIENTED_EDGE('',*,*,#1630,.F.);
#1684 = PLANE('',#1685);
#1685 = AXIS2_PLACEMENT_3D('',#1686,#1687,#1688);
#1686 = CARTESIAN_POINT('',(0.,-5.7,-2.3));
#1687 = DIRECTION('',(0.,0.707106781187,-0.707106781187));
#1688 = DIRECTION('',(-1.,0.,0.));
#1689 = ADVANCED_FACE('',(#1690),#1697,.F.);
#1690 = FACE_BOUND('',#1691,.F.);
#1691 = EDGE_LOOP('',(#1692,#1693,#1694,#1695,#1696));
#1692 = ORIENTED_EDGE('',*,*,#137,.F.);
#1693 = ORIENTED_EDGE('',*,*,#1309,.T.);
#1694 = ORIENTED_EDGE('',*,*,#1676,.T.);
#1695 = ORIENTED_EDGE('',*,*,#1622,.T.);
#1696 = ORIENTED_EDGE('',*,*,#176,.T.);
#1697 = PLANE('',#1698);
#1698 = AXIS2_PLACEMENT_3D('',#1699,#1700,#1701);
#1699 = CARTESIAN_POINT('',(0.9,-5.55,-2.45));
#1700 = DIRECTION('',(1.,0.,0.));
#1701 = DIRECTION('',(0.,-1.,0.));
#1702 = ADVANCED_FACE('',(#1703),#1865,.T.);
#1703 = FACE_BOUND('',#1704,.F.);
#1704 = EDGE_LOOP('',(#1705,#1715,#1723,#1731,#1739,#1747,#1755,#1763,
    #1771,#1779,#1787,#1795,#1803,#1811,#1819,#1825,#1826,#1834,#1840,
    #1841,#1842,#1843,#1851,#1859));
#1705 = ORIENTED_EDGE('',*,*,#1706,.F.);
#1706 = EDGE_CURVE('',#1707,#1709,#1711,.T.);
#1707 = VERTEX_POINT('',#1708);
#1708 = CARTESIAN_POINT('',(2.5,-2.07,2.45));
#1709 = VERTEX_POINT('',#1710);
#1710 = CARTESIAN_POINT('',(2.5,-2.07,1.95));
#1711 = LINE('',#1712,#1713);
#1712 = CARTESIAN_POINT('',(2.5,-2.07,2.45));
#1713 = VECTOR('',#1714,1.);
#1714 = DIRECTION('',(0.,0.,-1.));
#1715 = ORIENTED_EDGE('',*,*,#1716,.T.);
#1716 = EDGE_CURVE('',#1707,#1717,#1719,.T.);
#1717 = VERTEX_POINT('',#1718);
#1718 = CARTESIAN_POINT('',(2.5,-1.74,2.45));
#1719 = LINE('',#1720,#1721);
#1720 = CARTESIAN_POINT('',(2.5,-2.07,2.45));
#1721 = VECTOR('',#1722,1.);
#1722 = DIRECTION('',(0.,1.,0.));
#1723 = ORIENTED_EDGE('',*,*,#1724,.T.);
#1724 = EDGE_CURVE('',#1717,#1725,#1727,.T.);
#1725 = VERTEX_POINT('',#1726);
#1726 = CARTESIAN_POINT('',(2.5,-1.74,1.95));
#1727 = LINE('',#1728,#1729);
#1728 = CARTESIAN_POINT('',(2.5,-1.74,2.45));
#1729 = VECTOR('',#1730,1.);
#1730 = DIRECTION('',(0.,0.,-1.));
#1731 = ORIENTED_EDGE('',*,*,#1732,.F.);
#1732 = EDGE_CURVE('',#1733,#1725,#1735,.T.);
#1733 = VERTEX_POINT('',#1734);
#1734 = CARTESIAN_POINT('',(2.5,-0.8,1.95));
#1735 = LINE('',#1736,#1737);
#1736 = CARTESIAN_POINT('',(2.5,-0.8,1.95));
#1737 = VECTOR('',#1738,1.);
#1738 = DIRECTION('',(0.,-1.,0.));
#1739 = ORIENTED_EDGE('',*,*,#1740,.F.);
#1740 = EDGE_CURVE('',#1741,#1733,#1743,.T.);
#1741 = VERTEX_POINT('',#1742);
#1742 = CARTESIAN_POINT('',(2.5,-0.8,2.45));
#1743 = LINE('',#1744,#1745);
#1744 = CARTESIAN_POINT('',(2.5,-0.8,2.45));
#1745 = VECTOR('',#1746,1.);
#1746 = DIRECTION('',(0.,0.,-1.));
#1747 = ORIENTED_EDGE('',*,*,#1748,.T.);
#1748 = EDGE_CURVE('',#1741,#1749,#1751,.T.);
#1749 = VERTEX_POINT('',#1750);
#1750 = CARTESIAN_POINT('',(2.5,-0.47,2.45));
#1751 = LINE('',#1752,#1753);
#1752 = CARTESIAN_POINT('',(2.5,-0.8,2.45));
#1753 = VECTOR('',#1754,1.);
#1754 = DIRECTION('',(0.,1.,0.));
#1755 = ORIENTED_EDGE('',*,*,#1756,.T.);
#1756 = EDGE_CURVE('',#1749,#1757,#1759,.T.);
#1757 = VERTEX_POINT('',#1758);
#1758 = CARTESIAN_POINT('',(2.5,-0.47,1.95));
#1759 = LINE('',#1760,#1761);
#1760 = CARTESIAN_POINT('',(2.5,-0.47,2.45));
#1761 = VECTOR('',#1762,1.);
#1762 = DIRECTION('',(0.,0.,-1.));
#1763 = ORIENTED_EDGE('',*,*,#1764,.F.);
#1764 = EDGE_CURVE('',#1765,#1757,#1767,.T.);
#1765 = VERTEX_POINT('',#1766);
#1766 = CARTESIAN_POINT('',(2.5,0.47,1.95));
#1767 = LINE('',#1768,#1769);
#1768 = CARTESIAN_POINT('',(2.5,0.47,1.95));
#1769 = VECTOR('',#1770,1.);
#1770 = DIRECTION('',(0.,-1.,0.));
#1771 = ORIENTED_EDGE('',*,*,#1772,.F.);
#1772 = EDGE_CURVE('',#1773,#1765,#1775,.T.);
#1773 = VERTEX_POINT('',#1774);
#1774 = CARTESIAN_POINT('',(2.5,0.47,2.45));
#1775 = LINE('',#1776,#1777);
#1776 = CARTESIAN_POINT('',(2.5,0.47,2.45));
#1777 = VECTOR('',#1778,1.);
#1778 = DIRECTION('',(0.,0.,-1.));
#1779 = ORIENTED_EDGE('',*,*,#1780,.T.);
#1780 = EDGE_CURVE('',#1773,#1781,#1783,.T.);
#1781 = VERTEX_POINT('',#1782);
#1782 = CARTESIAN_POINT('',(2.5,0.8,2.45));
#1783 = LINE('',#1784,#1785);
#1784 = CARTESIAN_POINT('',(2.5,0.47,2.45));
#1785 = VECTOR('',#1786,1.);
#1786 = DIRECTION('',(0.,1.,0.));
#1787 = ORIENTED_EDGE('',*,*,#1788,.T.);
#1788 = EDGE_CURVE('',#1781,#1789,#1791,.T.);
#1789 = VERTEX_POINT('',#1790);
#1790 = CARTESIAN_POINT('',(2.5,0.8,1.95));
#1791 = LINE('',#1792,#1793);
#1792 = CARTESIAN_POINT('',(2.5,0.8,2.45));
#1793 = VECTOR('',#1794,1.);
#1794 = DIRECTION('',(0.,0.,-1.));
#1795 = ORIENTED_EDGE('',*,*,#1796,.F.);
#1796 = EDGE_CURVE('',#1797,#1789,#1799,.T.);
#1797 = VERTEX_POINT('',#1798);
#1798 = CARTESIAN_POINT('',(2.5,1.74,1.95));
#1799 = LINE('',#1800,#1801);
#1800 = CARTESIAN_POINT('',(2.5,1.74,1.95));
#1801 = VECTOR('',#1802,1.);
#1802 = DIRECTION('',(0.,-1.,0.));
#1803 = ORIENTED_EDGE('',*,*,#1804,.F.);
#1804 = EDGE_CURVE('',#1805,#1797,#1807,.T.);
#1805 = VERTEX_POINT('',#1806);
#1806 = CARTESIAN_POINT('',(2.5,1.74,2.45));
#1807 = LINE('',#1808,#1809);
#1808 = CARTESIAN_POINT('',(2.5,1.74,2.45));
#1809 = VECTOR('',#1810,1.);
#1810 = DIRECTION('',(0.,0.,-1.));
#1811 = ORIENTED_EDGE('',*,*,#1812,.T.);
#1812 = EDGE_CURVE('',#1805,#1813,#1815,.T.);
#1813 = VERTEX_POINT('',#1814);
#1814 = CARTESIAN_POINT('',(2.5,2.07,2.45));
#1815 = LINE('',#1816,#1817);
#1816 = CARTESIAN_POINT('',(2.5,1.74,2.45));
#1817 = VECTOR('',#1818,1.);
#1818 = DIRECTION('',(0.,1.,0.));
#1819 = ORIENTED_EDGE('',*,*,#1820,.T.);
#1820 = EDGE_CURVE('',#1813,#698,#1821,.T.);
#1821 = LINE('',#1822,#1823);
#1822 = CARTESIAN_POINT('',(2.5,2.07,2.45));
#1823 = VECTOR('',#1824,1.);
#1824 = DIRECTION('',(0.,0.,-1.));
#1825 = ORIENTED_EDGE('',*,*,#697,.F.);
#1826 = ORIENTED_EDGE('',*,*,#1827,.F.);
#1827 = EDGE_CURVE('',#1828,#690,#1830,.T.);
#1828 = VERTEX_POINT('',#1829);
#1829 = CARTESIAN_POINT('',(2.5,3.01,2.45));
#1830 = LINE('',#1831,#1832);
#1831 = CARTESIAN_POINT('',(2.5,3.01,2.45));
#1832 = VECTOR('',#1833,1.);
#1833 = DIRECTION('',(0.,0.,-1.));
#1834 = ORIENTED_EDGE('',*,*,#1835,.T.);
#1835 = EDGE_CURVE('',#1828,#1403,#1836,.T.);
#1836 = LINE('',#1837,#1838);
#1837 = CARTESIAN_POINT('',(2.5,3.01,2.45));
#1838 = VECTOR('',#1839,1.);
#1839 = DIRECTION('',(0.,1.,0.));
#1840 = ORIENTED_EDGE('',*,*,#1402,.T.);
#1841 = ORIENTED_EDGE('',*,*,#1316,.F.);
#1842 = ORIENTED_EDGE('',*,*,#121,.F.);
#1843 = ORIENTED_EDGE('',*,*,#1844,.T.);
#1844 = EDGE_CURVE('',#114,#1845,#1847,.T.);
#1845 = VERTEX_POINT('',#1846);
#1846 = CARTESIAN_POINT('',(2.5,-3.01,2.45));
#1847 = LINE('',#1848,#1849);
#1848 = CARTESIAN_POINT('',(2.5,-6.35,2.45));
#1849 = VECTOR('',#1850,1.);
#1850 = DIRECTION('',(0.,1.,0.));
#1851 = ORIENTED_EDGE('',*,*,#1852,.T.);
#1852 = EDGE_CURVE('',#1845,#1853,#1855,.T.);
#1853 = VERTEX_POINT('',#1854);
#1854 = CARTESIAN_POINT('',(2.5,-3.01,1.95));
#1855 = LINE('',#1856,#1857);
#1856 = CARTESIAN_POINT('',(2.5,-3.01,2.45));
#1857 = VECTOR('',#1858,1.);
#1858 = DIRECTION('',(0.,0.,-1.));
#1859 = ORIENTED_EDGE('',*,*,#1860,.F.);
#1860 = EDGE_CURVE('',#1709,#1853,#1861,.T.);
#1861 = LINE('',#1862,#1863);
#1862 = CARTESIAN_POINT('',(2.5,-2.07,1.95));
#1863 = VECTOR('',#1864,1.);
#1864 = DIRECTION('',(0.,-1.,0.));
#1865 = PLANE('',#1866);
#1866 = AXIS2_PLACEMENT_3D('',#1867,#1868,#1869);
#1867 = CARTESIAN_POINT('',(2.5,-6.35,2.45));
#1868 = DIRECTION('',(1.,0.,0.));
#1869 = DIRECTION('',(0.,0.,-1.));
#1870 = ADVANCED_FACE('',(#1871),#1887,.F.);
#1871 = FACE_BOUND('',#1872,.F.);
#1872 = EDGE_LOOP('',(#1873,#1879,#1880,#1886));
#1873 = ORIENTED_EDGE('',*,*,#1874,.F.);
#1874 = EDGE_CURVE('',#941,#1709,#1875,.T.);
#1875 = LINE('',#1876,#1877);
#1876 = CARTESIAN_POINT('',(-2.5,-2.07,1.95));
#1877 = VECTOR('',#1878,1.);
#1878 = DIRECTION('',(1.,0.,0.));
#1879 = ORIENTED_EDGE('',*,*,#940,.F.);
#1880 = ORIENTED_EDGE('',*,*,#1881,.T.);
#1881 = EDGE_CURVE('',#933,#1707,#1882,.T.);
#1882 = LINE('',#1883,#1884);
#1883 = CARTESIAN_POINT('',(-2.5,-2.07,2.45));
#1884 = VECTOR('',#1885,1.);
#1885 = DIRECTION('',(1.,0.,0.));
#1886 = ORIENTED_EDGE('',*,*,#1706,.T.);
#1887 = PLANE('',#1888);
#1888 = AXIS2_PLACEMENT_3D('',#1889,#1890,#1891);
#1889 = CARTESIAN_POINT('',(-2.5,-2.07,2.45));
#1890 = DIRECTION('',(0.,1.,0.));
#1891 = DIRECTION('',(0.,0.,-1.));
#1892 = ADVANCED_FACE('',(#1893,#1904,#1938),#1972,.F.);
#1893 = FACE_BOUND('',#1894,.F.);
#1894 = EDGE_LOOP('',(#1895,#1896,#1897,#1903));
#1895 = ORIENTED_EDGE('',*,*,#1874,.T.);
#1896 = ORIENTED_EDGE('',*,*,#1860,.T.);
#1897 = ORIENTED_EDGE('',*,*,#1898,.F.);
#1898 = EDGE_CURVE('',#949,#1853,#1899,.T.);
#1899 = LINE('',#1900,#1901);
#1900 = CARTESIAN_POINT('',(-2.5,-3.01,1.95));
#1901 = VECTOR('',#1902,1.);
#1902 = DIRECTION('',(1.,0.,0.));
#1903 = ORIENTED_EDGE('',*,*,#948,.F.);
#1904 = FACE_BOUND('',#1905,.F.);
#1905 = EDGE_LOOP('',(#1906,#1916,#1924,#1932));
#1906 = ORIENTED_EDGE('',*,*,#1907,.F.);
#1907 = EDGE_CURVE('',#1908,#1910,#1912,.T.);
#1908 = VERTEX_POINT('',#1909);
#1909 = CARTESIAN_POINT('',(-0.385,-2.79,1.95));
#1910 = VERTEX_POINT('',#1911);
#1911 = CARTESIAN_POINT('',(-0.885,-2.79,1.95));
#1912 = LINE('',#1913,#1914);
#1913 = CARTESIAN_POINT('',(-0.385,-2.79,1.95));
#1914 = VECTOR('',#1915,1.);
#1915 = DIRECTION('',(-1.,0.,0.));
#1916 = ORIENTED_EDGE('',*,*,#1917,.F.);
#1917 = EDGE_CURVE('',#1918,#1908,#1920,.T.);
#1918 = VERTEX_POINT('',#1919);
#1919 = CARTESIAN_POINT('',(-0.385,-2.29,1.95));
#1920 = LINE('',#1921,#1922);
#1921 = CARTESIAN_POINT('',(-0.385,-2.29,1.95));
#1922 = VECTOR('',#1923,1.);
#1923 = DIRECTION('',(0.,-1.,0.));
#1924 = ORIENTED_EDGE('',*,*,#1925,.F.);
#1925 = EDGE_CURVE('',#1926,#1918,#1928,.T.);
#1926 = VERTEX_POINT('',#1927);
#1927 = CARTESIAN_POINT('',(-0.885,-2.29,1.95));
#1928 = LINE('',#1929,#1930);
#1929 = CARTESIAN_POINT('',(-0.885,-2.29,1.95));
#1930 = VECTOR('',#1931,1.);
#1931 = DIRECTION('',(1.,0.,0.));
#1932 = ORIENTED_EDGE('',*,*,#1933,.F.);
#1933 = EDGE_CURVE('',#1910,#1926,#1934,.T.);
#1934 = LINE('',#1935,#1936);
#1935 = CARTESIAN_POINT('',(-0.885,-2.79,1.95));
#1936 = VECTOR('',#1937,1.);
#1937 = DIRECTION('',(0.,1.,0.));
#1938 = FACE_BOUND('',#1939,.F.);
#1939 = EDGE_LOOP('',(#1940,#1950,#1958,#1966));
#1940 = ORIENTED_EDGE('',*,*,#1941,.F.);
#1941 = EDGE_CURVE('',#1942,#1944,#1946,.T.);
#1942 = VERTEX_POINT('',#1943);
#1943 = CARTESIAN_POINT('',(0.385,-2.29,1.95));
#1944 = VERTEX_POINT('',#1945);
#1945 = CARTESIAN_POINT('',(0.885,-2.29,1.95));
#1946 = LINE('',#1947,#1948);
#1947 = CARTESIAN_POINT('',(0.385,-2.29,1.95));
#1948 = VECTOR('',#1949,1.);
#1949 = DIRECTION('',(1.,0.,0.));
#1950 = ORIENTED_EDGE('',*,*,#1951,.F.);
#1951 = EDGE_CURVE('',#1952,#1942,#1954,.T.);
#1952 = VERTEX_POINT('',#1953);
#1953 = CARTESIAN_POINT('',(0.385,-2.79,1.95));
#1954 = LINE('',#1955,#1956);
#1955 = CARTESIAN_POINT('',(0.385,-2.79,1.95));
#1956 = VECTOR('',#1957,1.);
#1957 = DIRECTION('',(0.,1.,0.));
#1958 = ORIENTED_EDGE('',*,*,#1959,.F.);
#1959 = EDGE_CURVE('',#1960,#1952,#1962,.T.);
#1960 = VERTEX_POINT('',#1961);
#1961 = CARTESIAN_POINT('',(0.885,-2.79,1.95));
#1962 = LINE('',#1963,#1964);
#1963 = CARTESIAN_POINT('',(0.885,-2.79,1.95));
#1964 = VECTOR('',#1965,1.);
#1965 = DIRECTION('',(-1.,0.,0.));
#1966 = ORIENTED_EDGE('',*,*,#1967,.F.);
#1967 = EDGE_CURVE('',#1944,#1960,#1968,.T.);
#1968 = LINE('',#1969,#1970);
#1969 = CARTESIAN_POINT('',(0.885,-2.29,1.95));
#1970 = VECTOR('',#1971,1.);
#1971 = DIRECTION('',(0.,-1.,0.));
#1972 = PLANE('',#1973);
#1973 = AXIS2_PLACEMENT_3D('',#1974,#1975,#1976);
#1974 = CARTESIAN_POINT('',(-2.5,-2.07,1.95));
#1975 = DIRECTION('',(0.,0.,-1.));
#1976 = DIRECTION('',(0.,-1.,0.));
#1977 = ADVANCED_FACE('',(#1978),#1989,.F.);
#1978 = FACE_BOUND('',#1979,.F.);
#1979 = EDGE_LOOP('',(#1980,#1981,#1982,#1988));
#1980 = ORIENTED_EDGE('',*,*,#1898,.T.);
#1981 = ORIENTED_EDGE('',*,*,#1852,.F.);
#1982 = ORIENTED_EDGE('',*,*,#1983,.F.);
#1983 = EDGE_CURVE('',#957,#1845,#1984,.T.);
#1984 = LINE('',#1985,#1986);
#1985 = CARTESIAN_POINT('',(-2.5,-3.01,2.45));
#1986 = VECTOR('',#1987,1.);
#1987 = DIRECTION('',(1.,0.,0.));
#1988 = ORIENTED_EDGE('',*,*,#956,.T.);
#1989 = PLANE('',#1990);
#1990 = AXIS2_PLACEMENT_3D('',#1991,#1992,#1993);
#1991 = CARTESIAN_POINT('',(-2.5,-3.01,1.95));
#1992 = DIRECTION('',(0.,-1.,0.));
#1993 = DIRECTION('',(0.,0.,1.));
#1994 = ADVANCED_FACE('',(#1995),#2006,.T.);
#1995 = FACE_BOUND('',#1996,.F.);
#1996 = EDGE_LOOP('',(#1997,#2003,#2004,#2005));
#1997 = ORIENTED_EDGE('',*,*,#1998,.F.);
#1998 = EDGE_CURVE('',#814,#1828,#1999,.T.);
#1999 = LINE('',#2000,#2001);
#2000 = CARTESIAN_POINT('',(-2.5,3.01,2.45));
#2001 = VECTOR('',#2002,1.);
#2002 = DIRECTION('',(1.,0.,0.));
#2003 = ORIENTED_EDGE('',*,*,#813,.T.);
#2004 = ORIENTED_EDGE('',*,*,#1410,.T.);
#2005 = ORIENTED_EDGE('',*,*,#1835,.F.);
#2006 = PLANE('',#2007);
#2007 = AXIS2_PLACEMENT_3D('',#2008,#2009,#2010);
#2008 = CARTESIAN_POINT('',(-2.5,-6.35,2.45));
#2009 = DIRECTION('',(0.,0.,1.));
#2010 = DIRECTION('',(1.,0.,-0.));
#2011 = ADVANCED_FACE('',(#2012),#2028,.T.);
#2012 = FACE_BOUND('',#2013,.F.);
#2013 = EDGE_LOOP('',(#2014,#2020,#2021,#2027));
#2014 = ORIENTED_EDGE('',*,*,#2015,.F.);
#2015 = EDGE_CURVE('',#837,#1805,#2016,.T.);
#2016 = LINE('',#2017,#2018);
#2017 = CARTESIAN_POINT('',(-2.5,1.74,2.45));
#2018 = VECTOR('',#2019,1.);
#2019 = DIRECTION('',(1.,0.,0.));
#2020 = ORIENTED_EDGE('',*,*,#836,.T.);
#2021 = ORIENTED_EDGE('',*,*,#2022,.T.);
#2022 = EDGE_CURVE('',#829,#1813,#2023,.T.);
#2023 = LINE('',#2024,#2025);
#2024 = CARTESIAN_POINT('',(-2.5,2.07,2.45));
#2025 = VECTOR('',#2026,1.);
#2026 = DIRECTION('',(1.,0.,0.));
#2027 = ORIENTED_EDGE('',*,*,#1812,.F.);
#2028 = PLANE('',#2029);
#2029 = AXIS2_PLACEMENT_3D('',#2030,#2031,#2032);
#2030 = CARTESIAN_POINT('',(-2.5,-6.35,2.45));
#2031 = DIRECTION('',(0.,0.,1.));
#2032 = DIRECTION('',(1.,0.,-0.));
#2033 = ADVANCED_FACE('',(#2034),#2050,.T.);
#2034 = FACE_BOUND('',#2035,.F.);
#2035 = EDGE_LOOP('',(#2036,#2042,#2043,#2049));
#2036 = ORIENTED_EDGE('',*,*,#2037,.F.);
#2037 = EDGE_CURVE('',#869,#1773,#2038,.T.);
#2038 = LINE('',#2039,#2040);
#2039 = CARTESIAN_POINT('',(-2.5,0.47,2.45));
#2040 = VECTOR('',#2041,1.);
#2041 = DIRECTION('',(1.,0.,0.));
#2042 = ORIENTED_EDGE('',*,*,#868,.T.);
#2043 = ORIENTED_EDGE('',*,*,#2044,.T.);
#2044 = EDGE_CURVE('',#861,#1781,#2045,.T.);
#2045 = LINE('',#2046,#2047);
#2046 = CARTESIAN_POINT('',(-2.5,0.8,2.45));
#2047 = VECTOR('',#2048,1.);
#2048 = DIRECTION('',(1.,0.,0.));
#2049 = ORIENTED_EDGE('',*,*,#1780,.F.);
#2050 = PLANE('',#2051);
#2051 = AXIS2_PLACEMENT_3D('',#2052,#2053,#2054);
#2052 = CARTESIAN_POINT('',(-2.5,-6.35,2.45));
#2053 = DIRECTION('',(0.,0.,1.));
#2054 = DIRECTION('',(1.,0.,-0.));
#2055 = ADVANCED_FACE('',(#2056),#2072,.T.);
#2056 = FACE_BOUND('',#2057,.F.);
#2057 = EDGE_LOOP('',(#2058,#2064,#2065,#2071));
#2058 = ORIENTED_EDGE('',*,*,#2059,.F.);
#2059 = EDGE_CURVE('',#901,#1741,#2060,.T.);
#2060 = LINE('',#2061,#2062);
#2061 = CARTESIAN_POINT('',(-2.5,-0.8,2.45));
#2062 = VECTOR('',#2063,1.);
#2063 = DIRECTION('',(1.,0.,0.));
#2064 = ORIENTED_EDGE('',*,*,#900,.T.);
#2065 = ORIENTED_EDGE('',*,*,#2066,.T.);
#2066 = EDGE_CURVE('',#893,#1749,#2067,.T.);
#2067 = LINE('',#2068,#2069);
#2068 = CARTESIAN_POINT('',(-2.5,-0.47,2.45));
#2069 = VECTOR('',#2070,1.);
#2070 = DIRECTION('',(1.,0.,0.));
#2071 = ORIENTED_EDGE('',*,*,#1748,.F.);
#2072 = PLANE('',#2073);
#2073 = AXIS2_PLACEMENT_3D('',#2074,#2075,#2076);
#2074 = CARTESIAN_POINT('',(-2.5,-6.35,2.45));
#2075 = DIRECTION('',(0.,0.,1.));
#2076 = DIRECTION('',(1.,0.,-0.));
#2077 = ADVANCED_FACE('',(#2078),#2089,.T.);
#2078 = FACE_BOUND('',#2079,.F.);
#2079 = EDGE_LOOP('',(#2080,#2081,#2082,#2088));
#2080 = ORIENTED_EDGE('',*,*,#1881,.F.);
#2081 = ORIENTED_EDGE('',*,*,#932,.T.);
#2082 = ORIENTED_EDGE('',*,*,#2083,.T.);
#2083 = EDGE_CURVE('',#925,#1717,#2084,.T.);
#2084 = LINE('',#2085,#2086);
#2085 = CARTESIAN_POINT('',(-2.5,-1.74,2.45));
#2086 = VECTOR('',#2087,1.);
#2087 = DIRECTION('',(1.,0.,0.));
#2088 = ORIENTED_EDGE('',*,*,#1716,.F.);
#2089 = PLANE('',#2090);
#2090 = AXIS2_PLACEMENT_3D('',#2091,#2092,#2093);
#2091 = CARTESIAN_POINT('',(-2.5,-6.35,2.45));
#2092 = DIRECTION('',(0.,0.,1.));
#2093 = DIRECTION('',(1.,0.,-0.));
#2094 = ADVANCED_FACE('',(#2095),#2101,.T.);
#2095 = FACE_BOUND('',#2096,.F.);
#2096 = EDGE_LOOP('',(#2097,#2098,#2099,#2100));
#2097 = ORIENTED_EDGE('',*,*,#1983,.T.);
#2098 = ORIENTED_EDGE('',*,*,#1844,.F.);
#2099 = ORIENTED_EDGE('',*,*,#113,.F.);
#2100 = ORIENTED_EDGE('',*,*,#964,.T.);
#2101 = PLANE('',#2102);
#2102 = AXIS2_PLACEMENT_3D('',#2103,#2104,#2105);
#2103 = CARTESIAN_POINT('',(-2.5,-6.35,2.45));
#2104 = DIRECTION('',(0.,0.,1.));
#2105 = DIRECTION('',(1.,0.,-0.));
#2106 = ADVANCED_FACE('',(#2107),#2113,.F.);
#2107 = FACE_BOUND('',#2108,.F.);
#2108 = EDGE_LOOP('',(#2109,#2110,#2111,#2112));
#2109 = ORIENTED_EDGE('',*,*,#821,.F.);
#2110 = ORIENTED_EDGE('',*,*,#1998,.T.);
#2111 = ORIENTED_EDGE('',*,*,#1827,.T.);
#2112 = ORIENTED_EDGE('',*,*,#689,.F.);
#2113 = PLANE('',#2114);
#2114 = AXIS2_PLACEMENT_3D('',#2115,#2116,#2117);
#2115 = CARTESIAN_POINT('',(-2.5,3.01,2.45));
#2116 = DIRECTION('',(0.,1.,0.));
#2117 = DIRECTION('',(0.,0.,-1.));
#2118 = ADVANCED_FACE('',(#2119),#2130,.F.);
#2119 = FACE_BOUND('',#2120,.F.);
#2120 = EDGE_LOOP('',(#2121,#2127,#2128,#2129));
#2121 = ORIENTED_EDGE('',*,*,#2122,.F.);
#2122 = EDGE_CURVE('',#845,#1797,#2123,.T.);
#2123 = LINE('',#2124,#2125);
#2124 = CARTESIAN_POINT('',(-2.5,1.74,1.95));
#2125 = VECTOR('',#2126,1.);
#2126 = DIRECTION('',(1.,0.,0.));
#2127 = ORIENTED_EDGE('',*,*,#844,.F.);
#2128 = ORIENTED_EDGE('',*,*,#2015,.T.);
#2129 = ORIENTED_EDGE('',*,*,#1804,.T.);
#2130 = PLANE('',#2131);
#2131 = AXIS2_PLACEMENT_3D('',#2132,#2133,#2134);
#2132 = CARTESIAN_POINT('',(-2.5,1.74,2.45));
#2133 = DIRECTION('',(0.,1.,0.));
#2134 = DIRECTION('',(0.,0.,-1.));
#2135 = ADVANCED_FACE('',(#2136,#2147,#2181),#2215,.F.);
#2136 = FACE_BOUND('',#2137,.F.);
#2137 = EDGE_LOOP('',(#2138,#2139,#2140,#2146));
#2138 = ORIENTED_EDGE('',*,*,#2122,.T.);
#2139 = ORIENTED_EDGE('',*,*,#1796,.T.);
#2140 = ORIENTED_EDGE('',*,*,#2141,.F.);
#2141 = EDGE_CURVE('',#853,#1789,#2142,.T.);
#2142 = LINE('',#2143,#2144);
#2143 = CARTESIAN_POINT('',(-2.5,0.8,1.95));
#2144 = VECTOR('',#2145,1.);
#2145 = DIRECTION('',(1.,0.,0.));
#2146 = ORIENTED_EDGE('',*,*,#852,.F.);
#2147 = FACE_BOUND('',#2148,.F.);
#2148 = EDGE_LOOP('',(#2149,#2159,#2167,#2175));
#2149 = ORIENTED_EDGE('',*,*,#2150,.F.);
#2150 = EDGE_CURVE('',#2151,#2153,#2155,.T.);
#2151 = VERTEX_POINT('',#2152);
#2152 = CARTESIAN_POINT('',(-0.385,1.02,1.95));
#2153 = VERTEX_POINT('',#2154);
#2154 = CARTESIAN_POINT('',(-0.885,1.02,1.95));
#2155 = LINE('',#2156,#2157);
#2156 = CARTESIAN_POINT('',(-0.385,1.02,1.95));
#2157 = VECTOR('',#2158,1.);
#2158 = DIRECTION('',(-1.,0.,0.));
#2159 = ORIENTED_EDGE('',*,*,#2160,.F.);
#2160 = EDGE_CURVE('',#2161,#2151,#2163,.T.);
#2161 = VERTEX_POINT('',#2162);
#2162 = CARTESIAN_POINT('',(-0.385,1.52,1.95));
#2163 = LINE('',#2164,#2165);
#2164 = CARTESIAN_POINT('',(-0.385,1.52,1.95));
#2165 = VECTOR('',#2166,1.);
#2166 = DIRECTION('',(0.,-1.,0.));
#2167 = ORIENTED_EDGE('',*,*,#2168,.F.);
#2168 = EDGE_CURVE('',#2169,#2161,#2171,.T.);
#2169 = VERTEX_POINT('',#2170);
#2170 = CARTESIAN_POINT('',(-0.885,1.52,1.95));
#2171 = LINE('',#2172,#2173);
#2172 = CARTESIAN_POINT('',(-0.885,1.52,1.95));
#2173 = VECTOR('',#2174,1.);
#2174 = DIRECTION('',(1.,0.,0.));
#2175 = ORIENTED_EDGE('',*,*,#2176,.F.);
#2176 = EDGE_CURVE('',#2153,#2169,#2177,.T.);
#2177 = LINE('',#2178,#2179);
#2178 = CARTESIAN_POINT('',(-0.885,1.02,1.95));
#2179 = VECTOR('',#2180,1.);
#2180 = DIRECTION('',(0.,1.,0.));
#2181 = FACE_BOUND('',#2182,.F.);
#2182 = EDGE_LOOP('',(#2183,#2193,#2201,#2209));
#2183 = ORIENTED_EDGE('',*,*,#2184,.F.);
#2184 = EDGE_CURVE('',#2185,#2187,#2189,.T.);
#2185 = VERTEX_POINT('',#2186);
#2186 = CARTESIAN_POINT('',(0.385,1.52,1.95));
#2187 = VERTEX_POINT('',#2188);
#2188 = CARTESIAN_POINT('',(0.885,1.52,1.95));
#2189 = LINE('',#2190,#2191);
#2190 = CARTESIAN_POINT('',(0.385,1.52,1.95));
#2191 = VECTOR('',#2192,1.);
#2192 = DIRECTION('',(1.,0.,0.));
#2193 = ORIENTED_EDGE('',*,*,#2194,.F.);
#2194 = EDGE_CURVE('',#2195,#2185,#2197,.T.);
#2195 = VERTEX_POINT('',#2196);
#2196 = CARTESIAN_POINT('',(0.385,1.02,1.95));
#2197 = LINE('',#2198,#2199);
#2198 = CARTESIAN_POINT('',(0.385,1.02,1.95));
#2199 = VECTOR('',#2200,1.);
#2200 = DIRECTION('',(0.,1.,0.));
#2201 = ORIENTED_EDGE('',*,*,#2202,.F.);
#2202 = EDGE_CURVE('',#2203,#2195,#2205,.T.);
#2203 = VERTEX_POINT('',#2204);
#2204 = CARTESIAN_POINT('',(0.885,1.02,1.95));
#2205 = LINE('',#2206,#2207);
#2206 = CARTESIAN_POINT('',(0.885,1.02,1.95));
#2207 = VECTOR('',#2208,1.);
#2208 = DIRECTION('',(-1.,0.,0.));
#2209 = ORIENTED_EDGE('',*,*,#2210,.F.);
#2210 = EDGE_CURVE('',#2187,#2203,#2211,.T.);
#2211 = LINE('',#2212,#2213);
#2212 = CARTESIAN_POINT('',(0.885,1.52,1.95));
#2213 = VECTOR('',#2214,1.);
#2214 = DIRECTION('',(0.,-1.,0.));
#2215 = PLANE('',#2216);
#2216 = AXIS2_PLACEMENT_3D('',#2217,#2218,#2219);
#2217 = CARTESIAN_POINT('',(-2.5,1.74,1.95));
#2218 = DIRECTION('',(0.,0.,-1.));
#2219 = DIRECTION('',(0.,-1.,0.));
#2220 = ADVANCED_FACE('',(#2221),#2227,.F.);
#2221 = FACE_BOUND('',#2222,.F.);
#2222 = EDGE_LOOP('',(#2223,#2224,#2225,#2226));
#2223 = ORIENTED_EDGE('',*,*,#2141,.T.);
#2224 = ORIENTED_EDGE('',*,*,#1788,.F.);
#2225 = ORIENTED_EDGE('',*,*,#2044,.F.);
#2226 = ORIENTED_EDGE('',*,*,#860,.T.);
#2227 = PLANE('',#2228);
#2228 = AXIS2_PLACEMENT_3D('',#2229,#2230,#2231);
#2229 = CARTESIAN_POINT('',(-2.5,0.8,1.95));
#2230 = DIRECTION('',(0.,-1.,0.));
#2231 = DIRECTION('',(0.,0.,1.));
#2232 = ADVANCED_FACE('',(#2233),#2258,.T.);
#2233 = FACE_BOUND('',#2234,.F.);
#2234 = EDGE_LOOP('',(#2235,#2245,#2251,#2252));
#2235 = ORIENTED_EDGE('',*,*,#2236,.F.);
#2236 = EDGE_CURVE('',#2237,#2239,#2241,.T.);
#2237 = VERTEX_POINT('',#2238);
#2238 = CARTESIAN_POINT('',(-0.435,1.07,1.9));
#2239 = VERTEX_POINT('',#2240);
#2240 = CARTESIAN_POINT('',(-0.835,1.07,1.9));
#2241 = LINE('',#2242,#2243);
#2242 = CARTESIAN_POINT('',(-0.435,1.07,1.9));
#2243 = VECTOR('',#2244,1.);
#2244 = DIRECTION('',(-1.,0.,0.));
#2245 = ORIENTED_EDGE('',*,*,#2246,.T.);
#2246 = EDGE_CURVE('',#2237,#2151,#2247,.T.);
#2247 = LINE('',#2248,#2249);
#2248 = CARTESIAN_POINT('',(-0.435,1.07,1.9));
#2249 = VECTOR('',#2250,1.);
#2250 = DIRECTION('',(0.57735026919,-0.57735026919,0.57735026919));
#2251 = ORIENTED_EDGE('',*,*,#2150,.T.);
#2252 = ORIENTED_EDGE('',*,*,#2253,.F.);
#2253 = EDGE_CURVE('',#2239,#2153,#2254,.T.);
#2254 = LINE('',#2255,#2256);
#2255 = CARTESIAN_POINT('',(-0.835,1.07,1.9));
#2256 = VECTOR('',#2257,1.);
#2257 = DIRECTION('',(-0.57735026919,-0.57735026919,0.57735026919));
#2258 = PLANE('',#2259);
#2259 = AXIS2_PLACEMENT_3D('',#2260,#2261,#2262);
#2260 = CARTESIAN_POINT('',(-0.635,1.045,1.925));
#2261 = DIRECTION('',(0.,0.707106781187,0.707106781187));
#2262 = DIRECTION('',(0.,0.707106781187,-0.707106781187));
#2263 = ADVANCED_FACE('',(#2264),#2280,.F.);
#2264 = FACE_BOUND('',#2265,.F.);
#2265 = EDGE_LOOP('',(#2266,#2267,#2273,#2274));
#2266 = ORIENTED_EDGE('',*,*,#2236,.T.);
#2267 = ORIENTED_EDGE('',*,*,#2268,.T.);
#2268 = EDGE_CURVE('',#2239,#319,#2269,.T.);
#2269 = LINE('',#2270,#2271);
#2270 = CARTESIAN_POINT('',(-0.835,1.07,1.9));
#2271 = VECTOR('',#2272,1.);
#2272 = DIRECTION('',(0.,0.,-1.));
#2273 = ORIENTED_EDGE('',*,*,#318,.T.);
#2274 = ORIENTED_EDGE('',*,*,#2275,.F.);
#2275 = EDGE_CURVE('',#2237,#309,#2276,.T.);
#2276 = LINE('',#2277,#2278);
#2277 = CARTESIAN_POINT('',(-0.435,1.07,1.9));
#2278 = VECTOR('',#2279,1.);
#2279 = DIRECTION('',(0.,0.,-1.));
#2280 = PLANE('',#2281);
#2281 = AXIS2_PLACEMENT_3D('',#2282,#2283,#2284);
#2282 = CARTESIAN_POINT('',(-0.835,1.07,1.95));
#2283 = DIRECTION('',(0.,-1.,0.));
#2284 = DIRECTION('',(1.,0.,0.));
#2285 = ADVANCED_FACE('',(#2286),#2304,.F.);
#2286 = FACE_BOUND('',#2287,.F.);
#2287 = EDGE_LOOP('',(#2288,#2296,#2302,#2303));
#2288 = ORIENTED_EDGE('',*,*,#2289,.T.);
#2289 = EDGE_CURVE('',#2239,#2290,#2292,.T.);
#2290 = VERTEX_POINT('',#2291);
#2291 = CARTESIAN_POINT('',(-0.835,1.47,1.9));
#2292 = LINE('',#2293,#2294);
#2293 = CARTESIAN_POINT('',(-0.835,1.07,1.9));
#2294 = VECTOR('',#2295,1.);
#2295 = DIRECTION('',(0.,1.,0.));
#2296 = ORIENTED_EDGE('',*,*,#2297,.T.);
#2297 = EDGE_CURVE('',#2290,#327,#2298,.T.);
#2298 = LINE('',#2299,#2300);
#2299 = CARTESIAN_POINT('',(-0.835,1.47,1.9));
#2300 = VECTOR('',#2301,1.);
#2301 = DIRECTION('',(0.,0.,-1.));
#2302 = ORIENTED_EDGE('',*,*,#326,.T.);
#2303 = ORIENTED_EDGE('',*,*,#2268,.F.);
#2304 = PLANE('',#2305);
#2305 = AXIS2_PLACEMENT_3D('',#2306,#2307,#2308);
#2306 = CARTESIAN_POINT('',(-0.835,1.47,1.95));
#2307 = DIRECTION('',(-1.,0.,0.));
#2308 = DIRECTION('',(0.,-1.,0.));
#2309 = ADVANCED_FACE('',(#2310),#2321,.T.);
#2310 = FACE_BOUND('',#2311,.F.);
#2311 = EDGE_LOOP('',(#2312,#2313,#2319,#2320));
#2312 = ORIENTED_EDGE('',*,*,#2176,.T.);
#2313 = ORIENTED_EDGE('',*,*,#2314,.F.);
#2314 = EDGE_CURVE('',#2290,#2169,#2315,.T.);
#2315 = LINE('',#2316,#2317);
#2316 = CARTESIAN_POINT('',(-0.835,1.47,1.9));
#2317 = VECTOR('',#2318,1.);
#2318 = DIRECTION('',(-0.57735026919,0.57735026919,0.57735026919));
#2319 = ORIENTED_EDGE('',*,*,#2289,.F.);
#2320 = ORIENTED_EDGE('',*,*,#2253,.T.);
#2321 = PLANE('',#2322);
#2322 = AXIS2_PLACEMENT_3D('',#2323,#2324,#2325);
#2323 = CARTESIAN_POINT('',(-0.86,1.27,1.925));
#2324 = DIRECTION('',(0.707106781187,0.,0.707106781187));
#2325 = DIRECTION('',(0.707106781187,0.,-0.707106781187));
#2326 = ADVANCED_FACE('',(#2327),#2345,.T.);
#2327 = FACE_BOUND('',#2328,.F.);
#2328 = EDGE_LOOP('',(#2329,#2330,#2338,#2344));
#2329 = ORIENTED_EDGE('',*,*,#2168,.T.);
#2330 = ORIENTED_EDGE('',*,*,#2331,.F.);
#2331 = EDGE_CURVE('',#2332,#2161,#2334,.T.);
#2332 = VERTEX_POINT('',#2333);
#2333 = CARTESIAN_POINT('',(-0.435,1.47,1.9));
#2334 = LINE('',#2335,#2336);
#2335 = CARTESIAN_POINT('',(-0.435,1.47,1.9));
#2336 = VECTOR('',#2337,1.);
#2337 = DIRECTION('',(0.57735026919,0.57735026919,0.57735026919));
#2338 = ORIENTED_EDGE('',*,*,#2339,.F.);
#2339 = EDGE_CURVE('',#2290,#2332,#2340,.T.);
#2340 = LINE('',#2341,#2342);
#2341 = CARTESIAN_POINT('',(-0.835,1.47,1.9));
#2342 = VECTOR('',#2343,1.);
#2343 = DIRECTION('',(1.,0.,0.));
#2344 = ORIENTED_EDGE('',*,*,#2314,.T.);
#2345 = PLANE('',#2346);
#2346 = AXIS2_PLACEMENT_3D('',#2347,#2348,#2349);
#2347 = CARTESIAN_POINT('',(-0.635,1.495,1.925));
#2348 = DIRECTION('',(0.,-0.707106781187,0.707106781187));
#2349 = DIRECTION('',(0.,-0.707106781187,-0.707106781187));
#2350 = ADVANCED_FACE('',(#2351),#2362,.T.);
#2351 = FACE_BOUND('',#2352,.F.);
#2352 = EDGE_LOOP('',(#2353,#2359,#2360,#2361));
#2353 = ORIENTED_EDGE('',*,*,#2354,.F.);
#2354 = EDGE_CURVE('',#2332,#2237,#2355,.T.);
#2355 = LINE('',#2356,#2357);
#2356 = CARTESIAN_POINT('',(-0.435,1.47,1.9));
#2357 = VECTOR('',#2358,1.);
#2358 = DIRECTION('',(0.,-1.,0.));
#2359 = ORIENTED_EDGE('',*,*,#2331,.T.);
#2360 = ORIENTED_EDGE('',*,*,#2160,.T.);
#2361 = ORIENTED_EDGE('',*,*,#2246,.F.);
#2362 = PLANE('',#2363);
#2363 = AXIS2_PLACEMENT_3D('',#2364,#2365,#2366);
#2364 = CARTESIAN_POINT('',(-0.41,1.27,1.925));
#2365 = DIRECTION('',(-0.707106781187,0.,0.707106781187));
#2366 = DIRECTION('',(-0.707106781187,0.,-0.707106781187));
#2367 = ADVANCED_FACE('',(#2368),#2379,.F.);
#2368 = FACE_BOUND('',#2369,.F.);
#2369 = EDGE_LOOP('',(#2370,#2371,#2372,#2373));
#2370 = ORIENTED_EDGE('',*,*,#2354,.T.);
#2371 = ORIENTED_EDGE('',*,*,#2275,.T.);
#2372 = ORIENTED_EDGE('',*,*,#308,.T.);
#2373 = ORIENTED_EDGE('',*,*,#2374,.F.);
#2374 = EDGE_CURVE('',#2332,#311,#2375,.T.);
#2375 = LINE('',#2376,#2377);
#2376 = CARTESIAN_POINT('',(-0.435,1.47,1.9));
#2377 = VECTOR('',#2378,1.);
#2378 = DIRECTION('',(0.,0.,-1.));
#2379 = PLANE('',#2380);
#2380 = AXIS2_PLACEMENT_3D('',#2381,#2382,#2383);
#2381 = CARTESIAN_POINT('',(-0.435,1.07,1.95));
#2382 = DIRECTION('',(1.,0.,0.));
#2383 = DIRECTION('',(-0.,1.,0.));
#2384 = ADVANCED_FACE('',(#2385),#2391,.F.);
#2385 = FACE_BOUND('',#2386,.F.);
#2386 = EDGE_LOOP('',(#2387,#2388,#2389,#2390));
#2387 = ORIENTED_EDGE('',*,*,#2339,.T.);
#2388 = ORIENTED_EDGE('',*,*,#2374,.T.);
#2389 = ORIENTED_EDGE('',*,*,#334,.T.);
#2390 = ORIENTED_EDGE('',*,*,#2297,.F.);
#2391 = PLANE('',#2392);
#2392 = AXIS2_PLACEMENT_3D('',#2393,#2394,#2395);
#2393 = CARTESIAN_POINT('',(-0.435,1.47,1.95));
#2394 = DIRECTION('',(0.,1.,0.));
#2395 = DIRECTION('',(-1.,0.,0.));
#2396 = ADVANCED_FACE('',(#2397),#2422,.T.);
#2397 = FACE_BOUND('',#2398,.F.);
#2398 = EDGE_LOOP('',(#2399,#2400,#2408,#2416));
#2399 = ORIENTED_EDGE('',*,*,#2184,.T.);
#2400 = ORIENTED_EDGE('',*,*,#2401,.F.);
#2401 = EDGE_CURVE('',#2402,#2187,#2404,.T.);
#2402 = VERTEX_POINT('',#2403);
#2403 = CARTESIAN_POINT('',(0.835,1.47,1.9));
#2404 = LINE('',#2405,#2406);
#2405 = CARTESIAN_POINT('',(0.835,1.47,1.9));
#2406 = VECTOR('',#2407,1.);
#2407 = DIRECTION('',(0.57735026919,0.57735026919,0.57735026919));
#2408 = ORIENTED_EDGE('',*,*,#2409,.F.);
#2409 = EDGE_CURVE('',#2410,#2402,#2412,.T.);
#2410 = VERTEX_POINT('',#2411);
#2411 = CARTESIAN_POINT('',(0.435,1.47,1.9));
#2412 = LINE('',#2413,#2414);
#2413 = CARTESIAN_POINT('',(0.435,1.47,1.9));
#2414 = VECTOR('',#2415,1.);
#2415 = DIRECTION('',(1.,0.,0.));
#2416 = ORIENTED_EDGE('',*,*,#2417,.T.);
#2417 = EDGE_CURVE('',#2410,#2185,#2418,.T.);
#2418 = LINE('',#2419,#2420);
#2419 = CARTESIAN_POINT('',(0.435,1.47,1.9));
#2420 = VECTOR('',#2421,1.);
#2421 = DIRECTION('',(-0.57735026919,0.57735026919,0.57735026919));
#2422 = PLANE('',#2423);
#2423 = AXIS2_PLACEMENT_3D('',#2424,#2425,#2426);
#2424 = CARTESIAN_POINT('',(0.635,1.495,1.925));
#2425 = DIRECTION('',(0.,-0.707106781187,0.707106781187));
#2426 = DIRECTION('',(0.,-0.707106781187,-0.707106781187));
#2427 = ADVANCED_FACE('',(#2428),#2446,.T.);
#2428 = FACE_BOUND('',#2429,.F.);
#2429 = EDGE_LOOP('',(#2430,#2431,#2439,#2445));
#2430 = ORIENTED_EDGE('',*,*,#2210,.T.);
#2431 = ORIENTED_EDGE('',*,*,#2432,.F.);
#2432 = EDGE_CURVE('',#2433,#2203,#2435,.T.);
#2433 = VERTEX_POINT('',#2434);
#2434 = CARTESIAN_POINT('',(0.835,1.07,1.9));
#2435 = LINE('',#2436,#2437);
#2436 = CARTESIAN_POINT('',(0.835,1.07,1.9));
#2437 = VECTOR('',#2438,1.);
#2438 = DIRECTION('',(0.57735026919,-0.57735026919,0.57735026919));
#2439 = ORIENTED_EDGE('',*,*,#2440,.F.);
#2440 = EDGE_CURVE('',#2402,#2433,#2441,.T.);
#2441 = LINE('',#2442,#2443);
#2442 = CARTESIAN_POINT('',(0.835,1.47,1.9));
#2443 = VECTOR('',#2444,1.);
#2444 = DIRECTION('',(0.,-1.,0.));
#2445 = ORIENTED_EDGE('',*,*,#2401,.T.);
#2446 = PLANE('',#2447);
#2447 = AXIS2_PLACEMENT_3D('',#2448,#2449,#2450);
#2448 = CARTESIAN_POINT('',(0.86,1.27,1.925));
#2449 = DIRECTION('',(-0.707106781187,0.,0.707106781187));
#2450 = DIRECTION('',(-0.707106781187,0.,-0.707106781187));
#2451 = ADVANCED_FACE('',(#2452),#2470,.T.);
#2452 = FACE_BOUND('',#2453,.F.);
#2453 = EDGE_LOOP('',(#2454,#2462,#2463,#2464));
#2454 = ORIENTED_EDGE('',*,*,#2455,.F.);
#2455 = EDGE_CURVE('',#2433,#2456,#2458,.T.);
#2456 = VERTEX_POINT('',#2457);
#2457 = CARTESIAN_POINT('',(0.435,1.07,1.9));
#2458 = LINE('',#2459,#2460);
#2459 = CARTESIAN_POINT('',(0.835,1.07,1.9));
#2460 = VECTOR('',#2461,1.);
#2461 = DIRECTION('',(-1.,0.,0.));
#2462 = ORIENTED_EDGE('',*,*,#2432,.T.);
#2463 = ORIENTED_EDGE('',*,*,#2202,.T.);
#2464 = ORIENTED_EDGE('',*,*,#2465,.F.);
#2465 = EDGE_CURVE('',#2456,#2195,#2466,.T.);
#2466 = LINE('',#2467,#2468);
#2467 = CARTESIAN_POINT('',(0.435,1.07,1.9));
#2468 = VECTOR('',#2469,1.);
#2469 = DIRECTION('',(-0.57735026919,-0.57735026919,0.57735026919));
#2470 = PLANE('',#2471);
#2471 = AXIS2_PLACEMENT_3D('',#2472,#2473,#2474);
#2472 = CARTESIAN_POINT('',(0.635,1.045,1.925));
#2473 = DIRECTION('',(0.,0.707106781187,0.707106781187));
#2474 = DIRECTION('',(0.,0.707106781187,-0.707106781187));
#2475 = ADVANCED_FACE('',(#2476),#2492,.F.);
#2476 = FACE_BOUND('',#2477,.F.);
#2477 = EDGE_LOOP('',(#2478,#2479,#2485,#2486));
#2478 = ORIENTED_EDGE('',*,*,#2455,.T.);
#2479 = ORIENTED_EDGE('',*,*,#2480,.T.);
#2480 = EDGE_CURVE('',#2456,#275,#2481,.T.);
#2481 = LINE('',#2482,#2483);
#2482 = CARTESIAN_POINT('',(0.435,1.07,1.9));
#2483 = VECTOR('',#2484,1.);
#2484 = DIRECTION('',(0.,0.,-1.));
#2485 = ORIENTED_EDGE('',*,*,#274,.T.);
#2486 = ORIENTED_EDGE('',*,*,#2487,.F.);
#2487 = EDGE_CURVE('',#2433,#277,#2488,.T.);
#2488 = LINE('',#2489,#2490);
#2489 = CARTESIAN_POINT('',(0.835,1.07,1.9));
#2490 = VECTOR('',#2491,1.);
#2491 = DIRECTION('',(0.,0.,-1.));
#2492 = PLANE('',#2493);
#2493 = AXIS2_PLACEMENT_3D('',#2494,#2495,#2496);
#2494 = CARTESIAN_POINT('',(0.435,1.07,1.95));
#2495 = DIRECTION('',(0.,-1.,0.));
#2496 = DIRECTION('',(1.,0.,0.));
#2497 = ADVANCED_FACE('',(#2498),#2514,.F.);
#2498 = FACE_BOUND('',#2499,.F.);
#2499 = EDGE_LOOP('',(#2500,#2506,#2512,#2513));
#2500 = ORIENTED_EDGE('',*,*,#2501,.T.);
#2501 = EDGE_CURVE('',#2456,#2410,#2502,.T.);
#2502 = LINE('',#2503,#2504);
#2503 = CARTESIAN_POINT('',(0.435,1.07,1.9));
#2504 = VECTOR('',#2505,1.);
#2505 = DIRECTION('',(0.,1.,0.));
#2506 = ORIENTED_EDGE('',*,*,#2507,.T.);
#2507 = EDGE_CURVE('',#2410,#285,#2508,.T.);
#2508 = LINE('',#2509,#2510);
#2509 = CARTESIAN_POINT('',(0.435,1.47,1.9));
#2510 = VECTOR('',#2511,1.);
#2511 = DIRECTION('',(0.,0.,-1.));
#2512 = ORIENTED_EDGE('',*,*,#284,.T.);
#2513 = ORIENTED_EDGE('',*,*,#2480,.F.);
#2514 = PLANE('',#2515);
#2515 = AXIS2_PLACEMENT_3D('',#2516,#2517,#2518);
#2516 = CARTESIAN_POINT('',(0.435,1.47,1.95));
#2517 = DIRECTION('',(-1.,0.,0.));
#2518 = DIRECTION('',(0.,-1.,0.));
#2519 = ADVANCED_FACE('',(#2520),#2526,.T.);
#2520 = FACE_BOUND('',#2521,.F.);
#2521 = EDGE_LOOP('',(#2522,#2523,#2524,#2525));
#2522 = ORIENTED_EDGE('',*,*,#2501,.F.);
#2523 = ORIENTED_EDGE('',*,*,#2465,.T.);
#2524 = ORIENTED_EDGE('',*,*,#2194,.T.);
#2525 = ORIENTED_EDGE('',*,*,#2417,.F.);
#2526 = PLANE('',#2527);
#2527 = AXIS2_PLACEMENT_3D('',#2528,#2529,#2530);
#2528 = CARTESIAN_POINT('',(0.41,1.27,1.925));
#2529 = DIRECTION('',(0.707106781187,0.,0.707106781187));
#2530 = DIRECTION('',(0.707106781187,0.,-0.707106781187));
#2531 = ADVANCED_FACE('',(#2532),#2543,.F.);
#2532 = FACE_BOUND('',#2533,.F.);
#2533 = EDGE_LOOP('',(#2534,#2535,#2541,#2542));
#2534 = ORIENTED_EDGE('',*,*,#2409,.T.);
#2535 = ORIENTED_EDGE('',*,*,#2536,.T.);
#2536 = EDGE_CURVE('',#2402,#293,#2537,.T.);
#2537 = LINE('',#2538,#2539);
#2538 = CARTESIAN_POINT('',(0.835,1.47,1.9));
#2539 = VECTOR('',#2540,1.);
#2540 = DIRECTION('',(0.,0.,-1.));
#2541 = ORIENTED_EDGE('',*,*,#292,.T.);
#2542 = ORIENTED_EDGE('',*,*,#2507,.F.);
#2543 = PLANE('',#2544);
#2544 = AXIS2_PLACEMENT_3D('',#2545,#2546,#2547);
#2545 = CARTESIAN_POINT('',(0.835,1.47,1.95));
#2546 = DIRECTION('',(0.,1.,0.));
#2547 = DIRECTION('',(-1.,0.,0.));
#2548 = ADVANCED_FACE('',(#2549),#2555,.F.);
#2549 = FACE_BOUND('',#2550,.F.);
#2550 = EDGE_LOOP('',(#2551,#2552,#2553,#2554));
#2551 = ORIENTED_EDGE('',*,*,#2440,.T.);
#2552 = ORIENTED_EDGE('',*,*,#2487,.T.);
#2553 = ORIENTED_EDGE('',*,*,#300,.T.);
#2554 = ORIENTED_EDGE('',*,*,#2536,.F.);
#2555 = PLANE('',#2556);
#2556 = AXIS2_PLACEMENT_3D('',#2557,#2558,#2559);
#2557 = CARTESIAN_POINT('',(0.835,1.07,1.95));
#2558 = DIRECTION('',(1.,0.,0.));
#2559 = DIRECTION('',(-0.,1.,0.));
#2560 = ADVANCED_FACE('',(#2561),#2567,.F.);
#2561 = FACE_BOUND('',#2562,.F.);
#2562 = EDGE_LOOP('',(#2563,#2564,#2565,#2566));
#2563 = ORIENTED_EDGE('',*,*,#828,.T.);
#2564 = ORIENTED_EDGE('',*,*,#705,.T.);
#2565 = ORIENTED_EDGE('',*,*,#1820,.F.);
#2566 = ORIENTED_EDGE('',*,*,#2022,.F.);
#2567 = PLANE('',#2568);
#2568 = AXIS2_PLACEMENT_3D('',#2569,#2570,#2571);
#2569 = CARTESIAN_POINT('',(-2.5,2.07,1.95));
#2570 = DIRECTION('',(0.,-1.,0.));
#2571 = DIRECTION('',(0.,0.,1.));
#2572 = ADVANCED_FACE('',(#2573),#2584,.F.);
#2573 = FACE_BOUND('',#2574,.F.);
#2574 = EDGE_LOOP('',(#2575,#2581,#2582,#2583));
#2575 = ORIENTED_EDGE('',*,*,#2576,.F.);
#2576 = EDGE_CURVE('',#877,#1765,#2577,.T.);
#2577 = LINE('',#2578,#2579);
#2578 = CARTESIAN_POINT('',(-2.5,0.47,1.95));
#2579 = VECTOR('',#2580,1.);
#2580 = DIRECTION('',(1.,0.,0.));
#2581 = ORIENTED_EDGE('',*,*,#876,.F.);
#2582 = ORIENTED_EDGE('',*,*,#2037,.T.);
#2583 = ORIENTED_EDGE('',*,*,#1772,.T.);
#2584 = PLANE('',#2585);
#2585 = AXIS2_PLACEMENT_3D('',#2586,#2587,#2588);
#2586 = CARTESIAN_POINT('',(-2.5,0.47,2.45));
#2587 = DIRECTION('',(0.,1.,0.));
#2588 = DIRECTION('',(0.,0.,-1.));
#2589 = ADVANCED_FACE('',(#2590,#2601,#2635),#2669,.F.);
#2590 = FACE_BOUND('',#2591,.F.);
#2591 = EDGE_LOOP('',(#2592,#2593,#2594,#2600));
#2592 = ORIENTED_EDGE('',*,*,#2576,.T.);
#2593 = ORIENTED_EDGE('',*,*,#1764,.T.);
#2594 = ORIENTED_EDGE('',*,*,#2595,.F.);
#2595 = EDGE_CURVE('',#885,#1757,#2596,.T.);
#2596 = LINE('',#2597,#2598);
#2597 = CARTESIAN_POINT('',(-2.5,-0.47,1.95));
#2598 = VECTOR('',#2599,1.);
#2599 = DIRECTION('',(1.,0.,0.));
#2600 = ORIENTED_EDGE('',*,*,#884,.F.);
#2601 = FACE_BOUND('',#2602,.F.);
#2602 = EDGE_LOOP('',(#2603,#2613,#2621,#2629));
#2603 = ORIENTED_EDGE('',*,*,#2604,.F.);
#2604 = EDGE_CURVE('',#2605,#2607,#2609,.T.);
#2605 = VERTEX_POINT('',#2606);
#2606 = CARTESIAN_POINT('',(-0.385,-0.25,1.95));
#2607 = VERTEX_POINT('',#2608);
#2608 = CARTESIAN_POINT('',(-0.885,-0.25,1.95));
#2609 = LINE('',#2610,#2611);
#2610 = CARTESIAN_POINT('',(-0.385,-0.25,1.95));
#2611 = VECTOR('',#2612,1.);
#2612 = DIRECTION('',(-1.,0.,0.));
#2613 = ORIENTED_EDGE('',*,*,#2614,.F.);
#2614 = EDGE_CURVE('',#2615,#2605,#2617,.T.);
#2615 = VERTEX_POINT('',#2616);
#2616 = CARTESIAN_POINT('',(-0.385,0.25,1.95));
#2617 = LINE('',#2618,#2619);
#2618 = CARTESIAN_POINT('',(-0.385,0.25,1.95));
#2619 = VECTOR('',#2620,1.);
#2620 = DIRECTION('',(0.,-1.,0.));
#2621 = ORIENTED_EDGE('',*,*,#2622,.F.);
#2622 = EDGE_CURVE('',#2623,#2615,#2625,.T.);
#2623 = VERTEX_POINT('',#2624);
#2624 = CARTESIAN_POINT('',(-0.885,0.25,1.95));
#2625 = LINE('',#2626,#2627);
#2626 = CARTESIAN_POINT('',(-0.885,0.25,1.95));
#2627 = VECTOR('',#2628,1.);
#2628 = DIRECTION('',(1.,0.,0.));
#2629 = ORIENTED_EDGE('',*,*,#2630,.F.);
#2630 = EDGE_CURVE('',#2607,#2623,#2631,.T.);
#2631 = LINE('',#2632,#2633);
#2632 = CARTESIAN_POINT('',(-0.885,-0.25,1.95));
#2633 = VECTOR('',#2634,1.);
#2634 = DIRECTION('',(0.,1.,0.));
#2635 = FACE_BOUND('',#2636,.F.);
#2636 = EDGE_LOOP('',(#2637,#2647,#2655,#2663));
#2637 = ORIENTED_EDGE('',*,*,#2638,.F.);
#2638 = EDGE_CURVE('',#2639,#2641,#2643,.T.);
#2639 = VERTEX_POINT('',#2640);
#2640 = CARTESIAN_POINT('',(0.385,0.25,1.95));
#2641 = VERTEX_POINT('',#2642);
#2642 = CARTESIAN_POINT('',(0.885,0.25,1.95));
#2643 = LINE('',#2644,#2645);
#2644 = CARTESIAN_POINT('',(0.385,0.25,1.95));
#2645 = VECTOR('',#2646,1.);
#2646 = DIRECTION('',(1.,0.,0.));
#2647 = ORIENTED_EDGE('',*,*,#2648,.F.);
#2648 = EDGE_CURVE('',#2649,#2639,#2651,.T.);
#2649 = VERTEX_POINT('',#2650);
#2650 = CARTESIAN_POINT('',(0.385,-0.25,1.95));
#2651 = LINE('',#2652,#2653);
#2652 = CARTESIAN_POINT('',(0.385,-0.25,1.95));
#2653 = VECTOR('',#2654,1.);
#2654 = DIRECTION('',(0.,1.,0.));
#2655 = ORIENTED_EDGE('',*,*,#2656,.F.);
#2656 = EDGE_CURVE('',#2657,#2649,#2659,.T.);
#2657 = VERTEX_POINT('',#2658);
#2658 = CARTESIAN_POINT('',(0.885,-0.25,1.95));
#2659 = LINE('',#2660,#2661);
#2660 = CARTESIAN_POINT('',(0.885,-0.25,1.95));
#2661 = VECTOR('',#2662,1.);
#2662 = DIRECTION('',(-1.,0.,0.));
#2663 = ORIENTED_EDGE('',*,*,#2664,.F.);
#2664 = EDGE_CURVE('',#2641,#2657,#2665,.T.);
#2665 = LINE('',#2666,#2667);
#2666 = CARTESIAN_POINT('',(0.885,0.25,1.95));
#2667 = VECTOR('',#2668,1.);
#2668 = DIRECTION('',(0.,-1.,0.));
#2669 = PLANE('',#2670);
#2670 = AXIS2_PLACEMENT_3D('',#2671,#2672,#2673);
#2671 = CARTESIAN_POINT('',(-2.5,0.47,1.95));
#2672 = DIRECTION('',(0.,0.,-1.));
#2673 = DIRECTION('',(0.,-1.,0.));
#2674 = ADVANCED_FACE('',(#2675),#2681,.F.);
#2675 = FACE_BOUND('',#2676,.F.);
#2676 = EDGE_LOOP('',(#2677,#2678,#2679,#2680));
#2677 = ORIENTED_EDGE('',*,*,#2595,.T.);
#2678 = ORIENTED_EDGE('',*,*,#1756,.F.);
#2679 = ORIENTED_EDGE('',*,*,#2066,.F.);
#2680 = ORIENTED_EDGE('',*,*,#892,.T.);
#2681 = PLANE('',#2682);
#2682 = AXIS2_PLACEMENT_3D('',#2683,#2684,#2685);
#2683 = CARTESIAN_POINT('',(-2.5,-0.47,1.95));
#2684 = DIRECTION('',(0.,-1.,0.));
#2685 = DIRECTION('',(0.,0.,1.));
#2686 = ADVANCED_FACE('',(#2687),#2712,.T.);
#2687 = FACE_BOUND('',#2688,.F.);
#2688 = EDGE_LOOP('',(#2689,#2699,#2705,#2706));
#2689 = ORIENTED_EDGE('',*,*,#2690,.F.);
#2690 = EDGE_CURVE('',#2691,#2693,#2695,.T.);
#2691 = VERTEX_POINT('',#2692);
#2692 = CARTESIAN_POINT('',(-0.435,-0.2,1.9));
#2693 = VERTEX_POINT('',#2694);
#2694 = CARTESIAN_POINT('',(-0.835,-0.2,1.9));
#2695 = LINE('',#2696,#2697);
#2696 = CARTESIAN_POINT('',(-0.435,-0.2,1.9));
#2697 = VECTOR('',#2698,1.);
#2698 = DIRECTION('',(-1.,0.,0.));
#2699 = ORIENTED_EDGE('',*,*,#2700,.T.);
#2700 = EDGE_CURVE('',#2691,#2605,#2701,.T.);
#2701 = LINE('',#2702,#2703);
#2702 = CARTESIAN_POINT('',(-0.435,-0.2,1.9));
#2703 = VECTOR('',#2704,1.);
#2704 = DIRECTION('',(0.57735026919,-0.57735026919,0.57735026919));
#2705 = ORIENTED_EDGE('',*,*,#2604,.T.);
#2706 = ORIENTED_EDGE('',*,*,#2707,.F.);
#2707 = EDGE_CURVE('',#2693,#2607,#2708,.T.);
#2708 = LINE('',#2709,#2710);
#2709 = CARTESIAN_POINT('',(-0.835,-0.2,1.9));
#2710 = VECTOR('',#2711,1.);
#2711 = DIRECTION('',(-0.57735026919,-0.57735026919,0.57735026919));
#2712 = PLANE('',#2713);
#2713 = AXIS2_PLACEMENT_3D('',#2714,#2715,#2716);
#2714 = CARTESIAN_POINT('',(-0.635,-0.225,1.925));
#2715 = DIRECTION('',(0.,0.707106781187,0.707106781187));
#2716 = DIRECTION('',(0.,0.707106781187,-0.707106781187));
#2717 = ADVANCED_FACE('',(#2718),#2734,.F.);
#2718 = FACE_BOUND('',#2719,.F.);
#2719 = EDGE_LOOP('',(#2720,#2721,#2727,#2728));
#2720 = ORIENTED_EDGE('',*,*,#2690,.T.);
#2721 = ORIENTED_EDGE('',*,*,#2722,.T.);
#2722 = EDGE_CURVE('',#2693,#387,#2723,.T.);
#2723 = LINE('',#2724,#2725);
#2724 = CARTESIAN_POINT('',(-0.835,-0.2,1.9));
#2725 = VECTOR('',#2726,1.);
#2726 = DIRECTION('',(0.,0.,-1.));
#2727 = ORIENTED_EDGE('',*,*,#386,.T.);
#2728 = ORIENTED_EDGE('',*,*,#2729,.F.);
#2729 = EDGE_CURVE('',#2691,#377,#2730,.T.);
#2730 = LINE('',#2731,#2732);
#2731 = CARTESIAN_POINT('',(-0.435,-0.2,1.9));
#2732 = VECTOR('',#2733,1.);
#2733 = DIRECTION('',(0.,0.,-1.));
#2734 = PLANE('',#2735);
#2735 = AXIS2_PLACEMENT_3D('',#2736,#2737,#2738);
#2736 = CARTESIAN_POINT('',(-0.835,-0.2,1.95));
#2737 = DIRECTION('',(0.,-1.,0.));
#2738 = DIRECTION('',(1.,0.,0.));
#2739 = ADVANCED_FACE('',(#2740),#2758,.F.);
#2740 = FACE_BOUND('',#2741,.F.);
#2741 = EDGE_LOOP('',(#2742,#2750,#2756,#2757));
#2742 = ORIENTED_EDGE('',*,*,#2743,.T.);
#2743 = EDGE_CURVE('',#2693,#2744,#2746,.T.);
#2744 = VERTEX_POINT('',#2745);
#2745 = CARTESIAN_POINT('',(-0.835,0.2,1.9));
#2746 = LINE('',#2747,#2748);
#2747 = CARTESIAN_POINT('',(-0.835,-0.2,1.9));
#2748 = VECTOR('',#2749,1.);
#2749 = DIRECTION('',(0.,1.,0.));
#2750 = ORIENTED_EDGE('',*,*,#2751,.T.);
#2751 = EDGE_CURVE('',#2744,#395,#2752,.T.);
#2752 = LINE('',#2753,#2754);
#2753 = CARTESIAN_POINT('',(-0.835,0.2,1.9));
#2754 = VECTOR('',#2755,1.);
#2755 = DIRECTION('',(0.,0.,-1.));
#2756 = ORIENTED_EDGE('',*,*,#394,.T.);
#2757 = ORIENTED_EDGE('',*,*,#2722,.F.);
#2758 = PLANE('',#2759);
#2759 = AXIS2_PLACEMENT_3D('',#2760,#2761,#2762);
#2760 = CARTESIAN_POINT('',(-0.835,0.2,1.95));
#2761 = DIRECTION('',(-1.,0.,0.));
#2762 = DIRECTION('',(0.,-1.,0.));
#2763 = ADVANCED_FACE('',(#2764),#2775,.T.);
#2764 = FACE_BOUND('',#2765,.F.);
#2765 = EDGE_LOOP('',(#2766,#2767,#2773,#2774));
#2766 = ORIENTED_EDGE('',*,*,#2630,.T.);
#2767 = ORIENTED_EDGE('',*,*,#2768,.F.);
#2768 = EDGE_CURVE('',#2744,#2623,#2769,.T.);
#2769 = LINE('',#2770,#2771);
#2770 = CARTESIAN_POINT('',(-0.835,0.2,1.9));
#2771 = VECTOR('',#2772,1.);
#2772 = DIRECTION('',(-0.57735026919,0.57735026919,0.57735026919));
#2773 = ORIENTED_EDGE('',*,*,#2743,.F.);
#2774 = ORIENTED_EDGE('',*,*,#2707,.T.);
#2775 = PLANE('',#2776);
#2776 = AXIS2_PLACEMENT_3D('',#2777,#2778,#2779);
#2777 = CARTESIAN_POINT('',(-0.86,0.,1.925));
#2778 = DIRECTION('',(0.707106781187,0.,0.707106781187));
#2779 = DIRECTION('',(0.707106781187,0.,-0.707106781187));
#2780 = ADVANCED_FACE('',(#2781),#2799,.T.);
#2781 = FACE_BOUND('',#2782,.F.);
#2782 = EDGE_LOOP('',(#2783,#2784,#2792,#2798));
#2783 = ORIENTED_EDGE('',*,*,#2622,.T.);
#2784 = ORIENTED_EDGE('',*,*,#2785,.F.);
#2785 = EDGE_CURVE('',#2786,#2615,#2788,.T.);
#2786 = VERTEX_POINT('',#2787);
#2787 = CARTESIAN_POINT('',(-0.435,0.2,1.9));
#2788 = LINE('',#2789,#2790);
#2789 = CARTESIAN_POINT('',(-0.435,0.2,1.9));
#2790 = VECTOR('',#2791,1.);
#2791 = DIRECTION('',(0.57735026919,0.57735026919,0.57735026919));
#2792 = ORIENTED_EDGE('',*,*,#2793,.F.);
#2793 = EDGE_CURVE('',#2744,#2786,#2794,.T.);
#2794 = LINE('',#2795,#2796);
#2795 = CARTESIAN_POINT('',(-0.835,0.2,1.9));
#2796 = VECTOR('',#2797,1.);
#2797 = DIRECTION('',(1.,0.,0.));
#2798 = ORIENTED_EDGE('',*,*,#2768,.T.);
#2799 = PLANE('',#2800);
#2800 = AXIS2_PLACEMENT_3D('',#2801,#2802,#2803);
#2801 = CARTESIAN_POINT('',(-0.635,0.225,1.925));
#2802 = DIRECTION('',(0.,-0.707106781187,0.707106781187));
#2803 = DIRECTION('',(0.,-0.707106781187,-0.707106781187));
#2804 = ADVANCED_FACE('',(#2805),#2816,.T.);
#2805 = FACE_BOUND('',#2806,.F.);
#2806 = EDGE_LOOP('',(#2807,#2813,#2814,#2815));
#2807 = ORIENTED_EDGE('',*,*,#2808,.F.);
#2808 = EDGE_CURVE('',#2786,#2691,#2809,.T.);
#2809 = LINE('',#2810,#2811);
#2810 = CARTESIAN_POINT('',(-0.435,0.2,1.9));
#2811 = VECTOR('',#2812,1.);
#2812 = DIRECTION('',(0.,-1.,0.));
#2813 = ORIENTED_EDGE('',*,*,#2785,.T.);
#2814 = ORIENTED_EDGE('',*,*,#2614,.T.);
#2815 = ORIENTED_EDGE('',*,*,#2700,.F.);
#2816 = PLANE('',#2817);
#2817 = AXIS2_PLACEMENT_3D('',#2818,#2819,#2820);
#2818 = CARTESIAN_POINT('',(-0.41,0.,1.925));
#2819 = DIRECTION('',(-0.707106781187,0.,0.707106781187));
#2820 = DIRECTION('',(-0.707106781187,0.,-0.707106781187));
#2821 = ADVANCED_FACE('',(#2822),#2833,.F.);
#2822 = FACE_BOUND('',#2823,.F.);
#2823 = EDGE_LOOP('',(#2824,#2825,#2826,#2827));
#2824 = ORIENTED_EDGE('',*,*,#2808,.T.);
#2825 = ORIENTED_EDGE('',*,*,#2729,.T.);
#2826 = ORIENTED_EDGE('',*,*,#376,.T.);
#2827 = ORIENTED_EDGE('',*,*,#2828,.F.);
#2828 = EDGE_CURVE('',#2786,#379,#2829,.T.);
#2829 = LINE('',#2830,#2831);
#2830 = CARTESIAN_POINT('',(-0.435,0.2,1.9));
#2831 = VECTOR('',#2832,1.);
#2832 = DIRECTION('',(0.,0.,-1.));
#2833 = PLANE('',#2834);
#2834 = AXIS2_PLACEMENT_3D('',#2835,#2836,#2837);
#2835 = CARTESIAN_POINT('',(-0.435,-0.2,1.95));
#2836 = DIRECTION('',(1.,0.,0.));
#2837 = DIRECTION('',(-0.,1.,0.));
#2838 = ADVANCED_FACE('',(#2839),#2845,.F.);
#2839 = FACE_BOUND('',#2840,.F.);
#2840 = EDGE_LOOP('',(#2841,#2842,#2843,#2844));
#2841 = ORIENTED_EDGE('',*,*,#2793,.T.);
#2842 = ORIENTED_EDGE('',*,*,#2828,.T.);
#2843 = ORIENTED_EDGE('',*,*,#402,.T.);
#2844 = ORIENTED_EDGE('',*,*,#2751,.F.);
#2845 = PLANE('',#2846);
#2846 = AXIS2_PLACEMENT_3D('',#2847,#2848,#2849);
#2847 = CARTESIAN_POINT('',(-0.435,0.2,1.95));
#2848 = DIRECTION('',(0.,1.,0.));
#2849 = DIRECTION('',(-1.,0.,0.));
#2850 = ADVANCED_FACE('',(#2851),#2876,.T.);
#2851 = FACE_BOUND('',#2852,.F.);
#2852 = EDGE_LOOP('',(#2853,#2854,#2862,#2870));
#2853 = ORIENTED_EDGE('',*,*,#2638,.T.);
#2854 = ORIENTED_EDGE('',*,*,#2855,.F.);
#2855 = EDGE_CURVE('',#2856,#2641,#2858,.T.);
#2856 = VERTEX_POINT('',#2857);
#2857 = CARTESIAN_POINT('',(0.835,0.2,1.9));
#2858 = LINE('',#2859,#2860);
#2859 = CARTESIAN_POINT('',(0.835,0.2,1.9));
#2860 = VECTOR('',#2861,1.);
#2861 = DIRECTION('',(0.57735026919,0.57735026919,0.57735026919));
#2862 = ORIENTED_EDGE('',*,*,#2863,.F.);
#2863 = EDGE_CURVE('',#2864,#2856,#2866,.T.);
#2864 = VERTEX_POINT('',#2865);
#2865 = CARTESIAN_POINT('',(0.435,0.2,1.9));
#2866 = LINE('',#2867,#2868);
#2867 = CARTESIAN_POINT('',(0.435,0.2,1.9));
#2868 = VECTOR('',#2869,1.);
#2869 = DIRECTION('',(1.,0.,0.));
#2870 = ORIENTED_EDGE('',*,*,#2871,.T.);
#2871 = EDGE_CURVE('',#2864,#2639,#2872,.T.);
#2872 = LINE('',#2873,#2874);
#2873 = CARTESIAN_POINT('',(0.435,0.2,1.9));
#2874 = VECTOR('',#2875,1.);
#2875 = DIRECTION('',(-0.57735026919,0.57735026919,0.57735026919));
#2876 = PLANE('',#2877);
#2877 = AXIS2_PLACEMENT_3D('',#2878,#2879,#2880);
#2878 = CARTESIAN_POINT('',(0.635,0.225,1.925));
#2879 = DIRECTION('',(0.,-0.707106781187,0.707106781187));
#2880 = DIRECTION('',(0.,-0.707106781187,-0.707106781187));
#2881 = ADVANCED_FACE('',(#2882),#2900,.T.);
#2882 = FACE_BOUND('',#2883,.F.);
#2883 = EDGE_LOOP('',(#2884,#2885,#2893,#2899));
#2884 = ORIENTED_EDGE('',*,*,#2664,.T.);
#2885 = ORIENTED_EDGE('',*,*,#2886,.F.);
#2886 = EDGE_CURVE('',#2887,#2657,#2889,.T.);
#2887 = VERTEX_POINT('',#2888);
#2888 = CARTESIAN_POINT('',(0.835,-0.2,1.9));
#2889 = LINE('',#2890,#2891);
#2890 = CARTESIAN_POINT('',(0.835,-0.2,1.9));
#2891 = VECTOR('',#2892,1.);
#2892 = DIRECTION('',(0.57735026919,-0.57735026919,0.57735026919));
#2893 = ORIENTED_EDGE('',*,*,#2894,.F.);
#2894 = EDGE_CURVE('',#2856,#2887,#2895,.T.);
#2895 = LINE('',#2896,#2897);
#2896 = CARTESIAN_POINT('',(0.835,0.2,1.9));
#2897 = VECTOR('',#2898,1.);
#2898 = DIRECTION('',(0.,-1.,0.));
#2899 = ORIENTED_EDGE('',*,*,#2855,.T.);
#2900 = PLANE('',#2901);
#2901 = AXIS2_PLACEMENT_3D('',#2902,#2903,#2904);
#2902 = CARTESIAN_POINT('',(0.86,0.,1.925));
#2903 = DIRECTION('',(-0.707106781187,0.,0.707106781187));
#2904 = DIRECTION('',(-0.707106781187,0.,-0.707106781187));
#2905 = ADVANCED_FACE('',(#2906),#2924,.T.);
#2906 = FACE_BOUND('',#2907,.F.);
#2907 = EDGE_LOOP('',(#2908,#2916,#2917,#2918));
#2908 = ORIENTED_EDGE('',*,*,#2909,.F.);
#2909 = EDGE_CURVE('',#2887,#2910,#2912,.T.);
#2910 = VERTEX_POINT('',#2911);
#2911 = CARTESIAN_POINT('',(0.435,-0.2,1.9));
#2912 = LINE('',#2913,#2914);
#2913 = CARTESIAN_POINT('',(0.835,-0.2,1.9));
#2914 = VECTOR('',#2915,1.);
#2915 = DIRECTION('',(-1.,0.,0.));
#2916 = ORIENTED_EDGE('',*,*,#2886,.T.);
#2917 = ORIENTED_EDGE('',*,*,#2656,.T.);
#2918 = ORIENTED_EDGE('',*,*,#2919,.F.);
#2919 = EDGE_CURVE('',#2910,#2649,#2920,.T.);
#2920 = LINE('',#2921,#2922);
#2921 = CARTESIAN_POINT('',(0.435,-0.2,1.9));
#2922 = VECTOR('',#2923,1.);
#2923 = DIRECTION('',(-0.57735026919,-0.57735026919,0.57735026919));
#2924 = PLANE('',#2925);
#2925 = AXIS2_PLACEMENT_3D('',#2926,#2927,#2928);
#2926 = CARTESIAN_POINT('',(0.635,-0.225,1.925));
#2927 = DIRECTION('',(0.,0.707106781187,0.707106781187));
#2928 = DIRECTION('',(0.,0.707106781187,-0.707106781187));
#2929 = ADVANCED_FACE('',(#2930),#2946,.F.);
#2930 = FACE_BOUND('',#2931,.F.);
#2931 = EDGE_LOOP('',(#2932,#2933,#2939,#2940));
#2932 = ORIENTED_EDGE('',*,*,#2909,.T.);
#2933 = ORIENTED_EDGE('',*,*,#2934,.T.);
#2934 = EDGE_CURVE('',#2910,#343,#2935,.T.);
#2935 = LINE('',#2936,#2937);
#2936 = CARTESIAN_POINT('',(0.435,-0.2,1.9));
#2937 = VECTOR('',#2938,1.);
#2938 = DIRECTION('',(0.,0.,-1.));
#2939 = ORIENTED_EDGE('',*,*,#342,.T.);
#2940 = ORIENTED_EDGE('',*,*,#2941,.F.);
#2941 = EDGE_CURVE('',#2887,#345,#2942,.T.);
#2942 = LINE('',#2943,#2944);
#2943 = CARTESIAN_POINT('',(0.835,-0.2,1.9));
#2944 = VECTOR('',#2945,1.);
#2945 = DIRECTION('',(0.,0.,-1.));
#2946 = PLANE('',#2947);
#2947 = AXIS2_PLACEMENT_3D('',#2948,#2949,#2950);
#2948 = CARTESIAN_POINT('',(0.435,-0.2,1.95));
#2949 = DIRECTION('',(0.,-1.,0.));
#2950 = DIRECTION('',(1.,0.,0.));
#2951 = ADVANCED_FACE('',(#2952),#2968,.F.);
#2952 = FACE_BOUND('',#2953,.F.);
#2953 = EDGE_LOOP('',(#2954,#2960,#2966,#2967));
#2954 = ORIENTED_EDGE('',*,*,#2955,.T.);
#2955 = EDGE_CURVE('',#2910,#2864,#2956,.T.);
#2956 = LINE('',#2957,#2958);
#2957 = CARTESIAN_POINT('',(0.435,-0.2,1.9));
#2958 = VECTOR('',#2959,1.);
#2959 = DIRECTION('',(0.,1.,0.));
#2960 = ORIENTED_EDGE('',*,*,#2961,.T.);
#2961 = EDGE_CURVE('',#2864,#353,#2962,.T.);
#2962 = LINE('',#2963,#2964);
#2963 = CARTESIAN_POINT('',(0.435,0.2,1.9));
#2964 = VECTOR('',#2965,1.);
#2965 = DIRECTION('',(0.,0.,-1.));
#2966 = ORIENTED_EDGE('',*,*,#352,.T.);
#2967 = ORIENTED_EDGE('',*,*,#2934,.F.);
#2968 = PLANE('',#2969);
#2969 = AXIS2_PLACEMENT_3D('',#2970,#2971,#2972);
#2970 = CARTESIAN_POINT('',(0.435,0.2,1.95));
#2971 = DIRECTION('',(-1.,0.,0.));
#2972 = DIRECTION('',(0.,-1.,0.));
#2973 = ADVANCED_FACE('',(#2974),#2980,.T.);
#2974 = FACE_BOUND('',#2975,.F.);
#2975 = EDGE_LOOP('',(#2976,#2977,#2978,#2979));
#2976 = ORIENTED_EDGE('',*,*,#2955,.F.);
#2977 = ORIENTED_EDGE('',*,*,#2919,.T.);
#2978 = ORIENTED_EDGE('',*,*,#2648,.T.);
#2979 = ORIENTED_EDGE('',*,*,#2871,.F.);
#2980 = PLANE('',#2981);
#2981 = AXIS2_PLACEMENT_3D('',#2982,#2983,#2984);
#2982 = CARTESIAN_POINT('',(0.41,0.,1.925));
#2983 = DIRECTION('',(0.707106781187,0.,0.707106781187));
#2984 = DIRECTION('',(0.707106781187,0.,-0.707106781187));
#2985 = ADVANCED_FACE('',(#2986),#2997,.F.);
#2986 = FACE_BOUND('',#2987,.F.);
#2987 = EDGE_LOOP('',(#2988,#2989,#2995,#2996));
#2988 = ORIENTED_EDGE('',*,*,#2863,.T.);
#2989 = ORIENTED_EDGE('',*,*,#2990,.T.);
#2990 = EDGE_CURVE('',#2856,#361,#2991,.T.);
#2991 = LINE('',#2992,#2993);
#2992 = CARTESIAN_POINT('',(0.835,0.2,1.9));
#2993 = VECTOR('',#2994,1.);
#2994 = DIRECTION('',(0.,0.,-1.));
#2995 = ORIENTED_EDGE('',*,*,#360,.T.);
#2996 = ORIENTED_EDGE('',*,*,#2961,.F.);
#2997 = PLANE('',#2998);
#2998 = AXIS2_PLACEMENT_3D('',#2999,#3000,#3001);
#2999 = CARTESIAN_POINT('',(0.835,0.2,1.95));
#3000 = DIRECTION('',(0.,1.,0.));
#3001 = DIRECTION('',(-1.,0.,0.));
#3002 = ADVANCED_FACE('',(#3003),#3009,.F.);
#3003 = FACE_BOUND('',#3004,.F.);
#3004 = EDGE_LOOP('',(#3005,#3006,#3007,#3008));
#3005 = ORIENTED_EDGE('',*,*,#2894,.T.);
#3006 = ORIENTED_EDGE('',*,*,#2941,.T.);
#3007 = ORIENTED_EDGE('',*,*,#368,.T.);
#3008 = ORIENTED_EDGE('',*,*,#2990,.F.);
#3009 = PLANE('',#3010);
#3010 = AXIS2_PLACEMENT_3D('',#3011,#3012,#3013);
#3011 = CARTESIAN_POINT('',(0.835,-0.2,1.95));
#3012 = DIRECTION('',(1.,0.,0.));
#3013 = DIRECTION('',(-0.,1.,0.));
#3014 = ADVANCED_FACE('',(#3015),#3026,.F.);
#3015 = FACE_BOUND('',#3016,.F.);
#3016 = EDGE_LOOP('',(#3017,#3023,#3024,#3025));
#3017 = ORIENTED_EDGE('',*,*,#3018,.F.);
#3018 = EDGE_CURVE('',#909,#1733,#3019,.T.);
#3019 = LINE('',#3020,#3021);
#3020 = CARTESIAN_POINT('',(-2.5,-0.8,1.95));
#3021 = VECTOR('',#3022,1.);
#3022 = DIRECTION('',(1.,0.,0.));
#3023 = ORIENTED_EDGE('',*,*,#908,.F.);
#3024 = ORIENTED_EDGE('',*,*,#2059,.T.);
#3025 = ORIENTED_EDGE('',*,*,#1740,.T.);
#3026 = PLANE('',#3027);
#3027 = AXIS2_PLACEMENT_3D('',#3028,#3029,#3030);
#3028 = CARTESIAN_POINT('',(-2.5,-0.8,2.45));
#3029 = DIRECTION('',(0.,1.,0.));
#3030 = DIRECTION('',(0.,0.,-1.));
#3031 = ADVANCED_FACE('',(#3032,#3043,#3077),#3111,.F.);
#3032 = FACE_BOUND('',#3033,.F.);
#3033 = EDGE_LOOP('',(#3034,#3035,#3036,#3042));
#3034 = ORIENTED_EDGE('',*,*,#3018,.T.);
#3035 = ORIENTED_EDGE('',*,*,#1732,.T.);
#3036 = ORIENTED_EDGE('',*,*,#3037,.F.);
#3037 = EDGE_CURVE('',#917,#1725,#3038,.T.);
#3038 = LINE('',#3039,#3040);
#3039 = CARTESIAN_POINT('',(-2.5,-1.74,1.95));
#3040 = VECTOR('',#3041,1.);
#3041 = DIRECTION('',(1.,0.,0.));
#3042 = ORIENTED_EDGE('',*,*,#916,.F.);
#3043 = FACE_BOUND('',#3044,.F.);
#3044 = EDGE_LOOP('',(#3045,#3055,#3063,#3071));
#3045 = ORIENTED_EDGE('',*,*,#3046,.F.);
#3046 = EDGE_CURVE('',#3047,#3049,#3051,.T.);
#3047 = VERTEX_POINT('',#3048);
#3048 = CARTESIAN_POINT('',(-0.385,-1.52,1.95));
#3049 = VERTEX_POINT('',#3050);
#3050 = CARTESIAN_POINT('',(-0.885,-1.52,1.95));
#3051 = LINE('',#3052,#3053);
#3052 = CARTESIAN_POINT('',(-0.385,-1.52,1.95));
#3053 = VECTOR('',#3054,1.);
#3054 = DIRECTION('',(-1.,0.,0.));
#3055 = ORIENTED_EDGE('',*,*,#3056,.F.);
#3056 = EDGE_CURVE('',#3057,#3047,#3059,.T.);
#3057 = VERTEX_POINT('',#3058);
#3058 = CARTESIAN_POINT('',(-0.385,-1.02,1.95));
#3059 = LINE('',#3060,#3061);
#3060 = CARTESIAN_POINT('',(-0.385,-1.02,1.95));
#3061 = VECTOR('',#3062,1.);
#3062 = DIRECTION('',(0.,-1.,0.));
#3063 = ORIENTED_EDGE('',*,*,#3064,.F.);
#3064 = EDGE_CURVE('',#3065,#3057,#3067,.T.);
#3065 = VERTEX_POINT('',#3066);
#3066 = CARTESIAN_POINT('',(-0.885,-1.02,1.95));
#3067 = LINE('',#3068,#3069);
#3068 = CARTESIAN_POINT('',(-0.885,-1.02,1.95));
#3069 = VECTOR('',#3070,1.);
#3070 = DIRECTION('',(1.,0.,0.));
#3071 = ORIENTED_EDGE('',*,*,#3072,.F.);
#3072 = EDGE_CURVE('',#3049,#3065,#3073,.T.);
#3073 = LINE('',#3074,#3075);
#3074 = CARTESIAN_POINT('',(-0.885,-1.52,1.95));
#3075 = VECTOR('',#3076,1.);
#3076 = DIRECTION('',(0.,1.,0.));
#3077 = FACE_BOUND('',#3078,.F.);
#3078 = EDGE_LOOP('',(#3079,#3089,#3097,#3105));
#3079 = ORIENTED_EDGE('',*,*,#3080,.F.);
#3080 = EDGE_CURVE('',#3081,#3083,#3085,.T.);
#3081 = VERTEX_POINT('',#3082);
#3082 = CARTESIAN_POINT('',(0.385,-1.02,1.95));
#3083 = VERTEX_POINT('',#3084);
#3084 = CARTESIAN_POINT('',(0.885,-1.02,1.95));
#3085 = LINE('',#3086,#3087);
#3086 = CARTESIAN_POINT('',(0.385,-1.02,1.95));
#3087 = VECTOR('',#3088,1.);
#3088 = DIRECTION('',(1.,0.,0.));
#3089 = ORIENTED_EDGE('',*,*,#3090,.F.);
#3090 = EDGE_CURVE('',#3091,#3081,#3093,.T.);
#3091 = VERTEX_POINT('',#3092);
#3092 = CARTESIAN_POINT('',(0.385,-1.52,1.95));
#3093 = LINE('',#3094,#3095);
#3094 = CARTESIAN_POINT('',(0.385,-1.52,1.95));
#3095 = VECTOR('',#3096,1.);
#3096 = DIRECTION('',(0.,1.,0.));
#3097 = ORIENTED_EDGE('',*,*,#3098,.F.);
#3098 = EDGE_CURVE('',#3099,#3091,#3101,.T.);
#3099 = VERTEX_POINT('',#3100);
#3100 = CARTESIAN_POINT('',(0.885,-1.52,1.95));
#3101 = LINE('',#3102,#3103);
#3102 = CARTESIAN_POINT('',(0.885,-1.52,1.95));
#3103 = VECTOR('',#3104,1.);
#3104 = DIRECTION('',(-1.,0.,0.));
#3105 = ORIENTED_EDGE('',*,*,#3106,.F.);
#3106 = EDGE_CURVE('',#3083,#3099,#3107,.T.);
#3107 = LINE('',#3108,#3109);
#3108 = CARTESIAN_POINT('',(0.885,-1.02,1.95));
#3109 = VECTOR('',#3110,1.);
#3110 = DIRECTION('',(0.,-1.,0.));
#3111 = PLANE('',#3112);
#3112 = AXIS2_PLACEMENT_3D('',#3113,#3114,#3115);
#3113 = CARTESIAN_POINT('',(-2.5,-0.8,1.95));
#3114 = DIRECTION('',(0.,0.,-1.));
#3115 = DIRECTION('',(0.,-1.,0.));
#3116 = ADVANCED_FACE('',(#3117),#3123,.F.);
#3117 = FACE_BOUND('',#3118,.F.);
#3118 = EDGE_LOOP('',(#3119,#3120,#3121,#3122));
#3119 = ORIENTED_EDGE('',*,*,#3037,.T.);
#3120 = ORIENTED_EDGE('',*,*,#1724,.F.);
#3121 = ORIENTED_EDGE('',*,*,#2083,.F.);
#3122 = ORIENTED_EDGE('',*,*,#924,.T.);
#3123 = PLANE('',#3124);
#3124 = AXIS2_PLACEMENT_3D('',#3125,#3126,#3127);
#3125 = CARTESIAN_POINT('',(-2.5,-1.74,1.95));
#3126 = DIRECTION('',(0.,-1.,0.));
#3127 = DIRECTION('',(0.,0.,1.));
#3128 = ADVANCED_FACE('',(#3129),#3154,.T.);
#3129 = FACE_BOUND('',#3130,.F.);
#3130 = EDGE_LOOP('',(#3131,#3141,#3147,#3148));
#3131 = ORIENTED_EDGE('',*,*,#3132,.F.);
#3132 = EDGE_CURVE('',#3133,#3135,#3137,.T.);
#3133 = VERTEX_POINT('',#3134);
#3134 = CARTESIAN_POINT('',(-0.435,-1.47,1.9));
#3135 = VERTEX_POINT('',#3136);
#3136 = CARTESIAN_POINT('',(-0.835,-1.47,1.9));
#3137 = LINE('',#3138,#3139);
#3138 = CARTESIAN_POINT('',(-0.435,-1.47,1.9));
#3139 = VECTOR('',#3140,1.);
#3140 = DIRECTION('',(-1.,0.,0.));
#3141 = ORIENTED_EDGE('',*,*,#3142,.T.);
#3142 = EDGE_CURVE('',#3133,#3047,#3143,.T.);
#3143 = LINE('',#3144,#3145);
#3144 = CARTESIAN_POINT('',(-0.435,-1.47,1.9));
#3145 = VECTOR('',#3146,1.);
#3146 = DIRECTION('',(0.57735026919,-0.57735026919,0.57735026919));
#3147 = ORIENTED_EDGE('',*,*,#3046,.T.);
#3148 = ORIENTED_EDGE('',*,*,#3149,.F.);
#3149 = EDGE_CURVE('',#3135,#3049,#3150,.T.);
#3150 = LINE('',#3151,#3152);
#3151 = CARTESIAN_POINT('',(-0.835,-1.47,1.9));
#3152 = VECTOR('',#3153,1.);
#3153 = DIRECTION('',(-0.57735026919,-0.57735026919,0.57735026919));
#3154 = PLANE('',#3155);
#3155 = AXIS2_PLACEMENT_3D('',#3156,#3157,#3158);
#3156 = CARTESIAN_POINT('',(-0.635,-1.495,1.925));
#3157 = DIRECTION('',(0.,0.707106781187,0.707106781187));
#3158 = DIRECTION('',(0.,0.707106781187,-0.707106781187));
#3159 = ADVANCED_FACE('',(#3160),#3176,.F.);
#3160 = FACE_BOUND('',#3161,.F.);
#3161 = EDGE_LOOP('',(#3162,#3163,#3169,#3170));
#3162 = ORIENTED_EDGE('',*,*,#3132,.T.);
#3163 = ORIENTED_EDGE('',*,*,#3164,.T.);
#3164 = EDGE_CURVE('',#3135,#455,#3165,.T.);
#3165 = LINE('',#3166,#3167);
#3166 = CARTESIAN_POINT('',(-0.835,-1.47,1.9));
#3167 = VECTOR('',#3168,1.);
#3168 = DIRECTION('',(0.,0.,-1.));
#3169 = ORIENTED_EDGE('',*,*,#454,.T.);
#3170 = ORIENTED_EDGE('',*,*,#3171,.F.);
#3171 = EDGE_CURVE('',#3133,#445,#3172,.T.);
#3172 = LINE('',#3173,#3174);
#3173 = CARTESIAN_POINT('',(-0.435,-1.47,1.9));
#3174 = VECTOR('',#3175,1.);
#3175 = DIRECTION('',(0.,0.,-1.));
#3176 = PLANE('',#3177);
#3177 = AXIS2_PLACEMENT_3D('',#3178,#3179,#3180);
#3178 = CARTESIAN_POINT('',(-0.835,-1.47,1.95));
#3179 = DIRECTION('',(0.,-1.,0.));
#3180 = DIRECTION('',(1.,0.,0.));
#3181 = ADVANCED_FACE('',(#3182),#3200,.F.);
#3182 = FACE_BOUND('',#3183,.F.);
#3183 = EDGE_LOOP('',(#3184,#3192,#3198,#3199));
#3184 = ORIENTED_EDGE('',*,*,#3185,.T.);
#3185 = EDGE_CURVE('',#3135,#3186,#3188,.T.);
#3186 = VERTEX_POINT('',#3187);
#3187 = CARTESIAN_POINT('',(-0.835,-1.07,1.9));
#3188 = LINE('',#3189,#3190);
#3189 = CARTESIAN_POINT('',(-0.835,-1.47,1.9));
#3190 = VECTOR('',#3191,1.);
#3191 = DIRECTION('',(0.,1.,0.));
#3192 = ORIENTED_EDGE('',*,*,#3193,.T.);
#3193 = EDGE_CURVE('',#3186,#463,#3194,.T.);
#3194 = LINE('',#3195,#3196);
#3195 = CARTESIAN_POINT('',(-0.835,-1.07,1.9));
#3196 = VECTOR('',#3197,1.);
#3197 = DIRECTION('',(0.,0.,-1.));
#3198 = ORIENTED_EDGE('',*,*,#462,.T.);
#3199 = ORIENTED_EDGE('',*,*,#3164,.F.);
#3200 = PLANE('',#3201);
#3201 = AXIS2_PLACEMENT_3D('',#3202,#3203,#3204);
#3202 = CARTESIAN_POINT('',(-0.835,-1.07,1.95));
#3203 = DIRECTION('',(-1.,0.,0.));
#3204 = DIRECTION('',(0.,-1.,0.));
#3205 = ADVANCED_FACE('',(#3206),#3217,.T.);
#3206 = FACE_BOUND('',#3207,.F.);
#3207 = EDGE_LOOP('',(#3208,#3209,#3215,#3216));
#3208 = ORIENTED_EDGE('',*,*,#3072,.T.);
#3209 = ORIENTED_EDGE('',*,*,#3210,.F.);
#3210 = EDGE_CURVE('',#3186,#3065,#3211,.T.);
#3211 = LINE('',#3212,#3213);
#3212 = CARTESIAN_POINT('',(-0.835,-1.07,1.9));
#3213 = VECTOR('',#3214,1.);
#3214 = DIRECTION('',(-0.57735026919,0.57735026919,0.57735026919));
#3215 = ORIENTED_EDGE('',*,*,#3185,.F.);
#3216 = ORIENTED_EDGE('',*,*,#3149,.T.);
#3217 = PLANE('',#3218);
#3218 = AXIS2_PLACEMENT_3D('',#3219,#3220,#3221);
#3219 = CARTESIAN_POINT('',(-0.86,-1.27,1.925));
#3220 = DIRECTION('',(0.707106781187,0.,0.707106781187));
#3221 = DIRECTION('',(0.707106781187,0.,-0.707106781187));
#3222 = ADVANCED_FACE('',(#3223),#3241,.T.);
#3223 = FACE_BOUND('',#3224,.F.);
#3224 = EDGE_LOOP('',(#3225,#3226,#3234,#3240));
#3225 = ORIENTED_EDGE('',*,*,#3064,.T.);
#3226 = ORIENTED_EDGE('',*,*,#3227,.F.);
#3227 = EDGE_CURVE('',#3228,#3057,#3230,.T.);
#3228 = VERTEX_POINT('',#3229);
#3229 = CARTESIAN_POINT('',(-0.435,-1.07,1.9));
#3230 = LINE('',#3231,#3232);
#3231 = CARTESIAN_POINT('',(-0.435,-1.07,1.9));
#3232 = VECTOR('',#3233,1.);
#3233 = DIRECTION('',(0.57735026919,0.57735026919,0.57735026919));
#3234 = ORIENTED_EDGE('',*,*,#3235,.F.);
#3235 = EDGE_CURVE('',#3186,#3228,#3236,.T.);
#3236 = LINE('',#3237,#3238);
#3237 = CARTESIAN_POINT('',(-0.835,-1.07,1.9));
#3238 = VECTOR('',#3239,1.);
#3239 = DIRECTION('',(1.,0.,0.));
#3240 = ORIENTED_EDGE('',*,*,#3210,.T.);
#3241 = PLANE('',#3242);
#3242 = AXIS2_PLACEMENT_3D('',#3243,#3244,#3245);
#3243 = CARTESIAN_POINT('',(-0.635,-1.045,1.925));
#3244 = DIRECTION('',(0.,-0.707106781187,0.707106781187));
#3245 = DIRECTION('',(0.,-0.707106781187,-0.707106781187));
#3246 = ADVANCED_FACE('',(#3247),#3258,.T.);
#3247 = FACE_BOUND('',#3248,.F.);
#3248 = EDGE_LOOP('',(#3249,#3255,#3256,#3257));
#3249 = ORIENTED_EDGE('',*,*,#3250,.F.);
#3250 = EDGE_CURVE('',#3228,#3133,#3251,.T.);
#3251 = LINE('',#3252,#3253);
#3252 = CARTESIAN_POINT('',(-0.435,-1.07,1.9));
#3253 = VECTOR('',#3254,1.);
#3254 = DIRECTION('',(0.,-1.,0.));
#3255 = ORIENTED_EDGE('',*,*,#3227,.T.);
#3256 = ORIENTED_EDGE('',*,*,#3056,.T.);
#3257 = ORIENTED_EDGE('',*,*,#3142,.F.);
#3258 = PLANE('',#3259);
#3259 = AXIS2_PLACEMENT_3D('',#3260,#3261,#3262);
#3260 = CARTESIAN_POINT('',(-0.41,-1.27,1.925));
#3261 = DIRECTION('',(-0.707106781187,0.,0.707106781187));
#3262 = DIRECTION('',(-0.707106781187,0.,-0.707106781187));
#3263 = ADVANCED_FACE('',(#3264),#3275,.F.);
#3264 = FACE_BOUND('',#3265,.F.);
#3265 = EDGE_LOOP('',(#3266,#3267,#3268,#3269));
#3266 = ORIENTED_EDGE('',*,*,#3250,.T.);
#3267 = ORIENTED_EDGE('',*,*,#3171,.T.);
#3268 = ORIENTED_EDGE('',*,*,#444,.T.);
#3269 = ORIENTED_EDGE('',*,*,#3270,.F.);
#3270 = EDGE_CURVE('',#3228,#447,#3271,.T.);
#3271 = LINE('',#3272,#3273);
#3272 = CARTESIAN_POINT('',(-0.435,-1.07,1.9));
#3273 = VECTOR('',#3274,1.);
#3274 = DIRECTION('',(0.,0.,-1.));
#3275 = PLANE('',#3276);
#3276 = AXIS2_PLACEMENT_3D('',#3277,#3278,#3279);
#3277 = CARTESIAN_POINT('',(-0.435,-1.47,1.95));
#3278 = DIRECTION('',(1.,0.,0.));
#3279 = DIRECTION('',(-0.,1.,0.));
#3280 = ADVANCED_FACE('',(#3281),#3287,.F.);
#3281 = FACE_BOUND('',#3282,.F.);
#3282 = EDGE_LOOP('',(#3283,#3284,#3285,#3286));
#3283 = ORIENTED_EDGE('',*,*,#3235,.T.);
#3284 = ORIENTED_EDGE('',*,*,#3270,.T.);
#3285 = ORIENTED_EDGE('',*,*,#470,.T.);
#3286 = ORIENTED_EDGE('',*,*,#3193,.F.);
#3287 = PLANE('',#3288);
#3288 = AXIS2_PLACEMENT_3D('',#3289,#3290,#3291);
#3289 = CARTESIAN_POINT('',(-0.435,-1.07,1.95));
#3290 = DIRECTION('',(0.,1.,0.));
#3291 = DIRECTION('',(-1.,0.,0.));
#3292 = ADVANCED_FACE('',(#3293),#3318,.T.);
#3293 = FACE_BOUND('',#3294,.F.);
#3294 = EDGE_LOOP('',(#3295,#3296,#3304,#3312));
#3295 = ORIENTED_EDGE('',*,*,#3080,.T.);
#3296 = ORIENTED_EDGE('',*,*,#3297,.F.);
#3297 = EDGE_CURVE('',#3298,#3083,#3300,.T.);
#3298 = VERTEX_POINT('',#3299);
#3299 = CARTESIAN_POINT('',(0.835,-1.07,1.9));
#3300 = LINE('',#3301,#3302);
#3301 = CARTESIAN_POINT('',(0.835,-1.07,1.9));
#3302 = VECTOR('',#3303,1.);
#3303 = DIRECTION('',(0.57735026919,0.57735026919,0.57735026919));
#3304 = ORIENTED_EDGE('',*,*,#3305,.F.);
#3305 = EDGE_CURVE('',#3306,#3298,#3308,.T.);
#3306 = VERTEX_POINT('',#3307);
#3307 = CARTESIAN_POINT('',(0.435,-1.07,1.9));
#3308 = LINE('',#3309,#3310);
#3309 = CARTESIAN_POINT('',(0.435,-1.07,1.9));
#3310 = VECTOR('',#3311,1.);
#3311 = DIRECTION('',(1.,0.,0.));
#3312 = ORIENTED_EDGE('',*,*,#3313,.T.);
#3313 = EDGE_CURVE('',#3306,#3081,#3314,.T.);
#3314 = LINE('',#3315,#3316);
#3315 = CARTESIAN_POINT('',(0.435,-1.07,1.9));
#3316 = VECTOR('',#3317,1.);
#3317 = DIRECTION('',(-0.57735026919,0.57735026919,0.57735026919));
#3318 = PLANE('',#3319);
#3319 = AXIS2_PLACEMENT_3D('',#3320,#3321,#3322);
#3320 = CARTESIAN_POINT('',(0.635,-1.045,1.925));
#3321 = DIRECTION('',(0.,-0.707106781187,0.707106781187));
#3322 = DIRECTION('',(0.,-0.707106781187,-0.707106781187));
#3323 = ADVANCED_FACE('',(#3324),#3342,.T.);
#3324 = FACE_BOUND('',#3325,.F.);
#3325 = EDGE_LOOP('',(#3326,#3327,#3335,#3341));
#3326 = ORIENTED_EDGE('',*,*,#3106,.T.);
#3327 = ORIENTED_EDGE('',*,*,#3328,.F.);
#3328 = EDGE_CURVE('',#3329,#3099,#3331,.T.);
#3329 = VERTEX_POINT('',#3330);
#3330 = CARTESIAN_POINT('',(0.835,-1.47,1.9));
#3331 = LINE('',#3332,#3333);
#3332 = CARTESIAN_POINT('',(0.835,-1.47,1.9));
#3333 = VECTOR('',#3334,1.);
#3334 = DIRECTION('',(0.57735026919,-0.57735026919,0.57735026919));
#3335 = ORIENTED_EDGE('',*,*,#3336,.F.);
#3336 = EDGE_CURVE('',#3298,#3329,#3337,.T.);
#3337 = LINE('',#3338,#3339);
#3338 = CARTESIAN_POINT('',(0.835,-1.07,1.9));
#3339 = VECTOR('',#3340,1.);
#3340 = DIRECTION('',(0.,-1.,0.));
#3341 = ORIENTED_EDGE('',*,*,#3297,.T.);
#3342 = PLANE('',#3343);
#3343 = AXIS2_PLACEMENT_3D('',#3344,#3345,#3346);
#3344 = CARTESIAN_POINT('',(0.86,-1.27,1.925));
#3345 = DIRECTION('',(-0.707106781187,0.,0.707106781187));
#3346 = DIRECTION('',(-0.707106781187,0.,-0.707106781187));
#3347 = ADVANCED_FACE('',(#3348),#3366,.T.);
#3348 = FACE_BOUND('',#3349,.F.);
#3349 = EDGE_LOOP('',(#3350,#3358,#3359,#3360));
#3350 = ORIENTED_EDGE('',*,*,#3351,.F.);
#3351 = EDGE_CURVE('',#3329,#3352,#3354,.T.);
#3352 = VERTEX_POINT('',#3353);
#3353 = CARTESIAN_POINT('',(0.435,-1.47,1.9));
#3354 = LINE('',#3355,#3356);
#3355 = CARTESIAN_POINT('',(0.835,-1.47,1.9));
#3356 = VECTOR('',#3357,1.);
#3357 = DIRECTION('',(-1.,0.,0.));
#3358 = ORIENTED_EDGE('',*,*,#3328,.T.);
#3359 = ORIENTED_EDGE('',*,*,#3098,.T.);
#3360 = ORIENTED_EDGE('',*,*,#3361,.F.);
#3361 = EDGE_CURVE('',#3352,#3091,#3362,.T.);
#3362 = LINE('',#3363,#3364);
#3363 = CARTESIAN_POINT('',(0.435,-1.47,1.9));
#3364 = VECTOR('',#3365,1.);
#3365 = DIRECTION('',(-0.57735026919,-0.57735026919,0.57735026919));
#3366 = PLANE('',#3367);
#3367 = AXIS2_PLACEMENT_3D('',#3368,#3369,#3370);
#3368 = CARTESIAN_POINT('',(0.635,-1.495,1.925));
#3369 = DIRECTION('',(0.,0.707106781187,0.707106781187));
#3370 = DIRECTION('',(0.,0.707106781187,-0.707106781187));
#3371 = ADVANCED_FACE('',(#3372),#3388,.F.);
#3372 = FACE_BOUND('',#3373,.F.);
#3373 = EDGE_LOOP('',(#3374,#3375,#3381,#3382));
#3374 = ORIENTED_EDGE('',*,*,#3351,.T.);
#3375 = ORIENTED_EDGE('',*,*,#3376,.T.);
#3376 = EDGE_CURVE('',#3352,#411,#3377,.T.);
#3377 = LINE('',#3378,#3379);
#3378 = CARTESIAN_POINT('',(0.435,-1.47,1.9));
#3379 = VECTOR('',#3380,1.);
#3380 = DIRECTION('',(0.,0.,-1.));
#3381 = ORIENTED_EDGE('',*,*,#410,.T.);
#3382 = ORIENTED_EDGE('',*,*,#3383,.F.);
#3383 = EDGE_CURVE('',#3329,#413,#3384,.T.);
#3384 = LINE('',#3385,#3386);
#3385 = CARTESIAN_POINT('',(0.835,-1.47,1.9));
#3386 = VECTOR('',#3387,1.);
#3387 = DIRECTION('',(0.,0.,-1.));
#3388 = PLANE('',#3389);
#3389 = AXIS2_PLACEMENT_3D('',#3390,#3391,#3392);
#3390 = CARTESIAN_POINT('',(0.435,-1.47,1.95));
#3391 = DIRECTION('',(0.,-1.,0.));
#3392 = DIRECTION('',(1.,0.,0.));
#3393 = ADVANCED_FACE('',(#3394),#3410,.F.);
#3394 = FACE_BOUND('',#3395,.F.);
#3395 = EDGE_LOOP('',(#3396,#3402,#3408,#3409));
#3396 = ORIENTED_EDGE('',*,*,#3397,.T.);
#3397 = EDGE_CURVE('',#3352,#3306,#3398,.T.);
#3398 = LINE('',#3399,#3400);
#3399 = CARTESIAN_POINT('',(0.435,-1.47,1.9));
#3400 = VECTOR('',#3401,1.);
#3401 = DIRECTION('',(0.,1.,0.));
#3402 = ORIENTED_EDGE('',*,*,#3403,.T.);
#3403 = EDGE_CURVE('',#3306,#421,#3404,.T.);
#3404 = LINE('',#3405,#3406);
#3405 = CARTESIAN_POINT('',(0.435,-1.07,1.9));
#3406 = VECTOR('',#3407,1.);
#3407 = DIRECTION('',(0.,0.,-1.));
#3408 = ORIENTED_EDGE('',*,*,#420,.T.);
#3409 = ORIENTED_EDGE('',*,*,#3376,.F.);
#3410 = PLANE('',#3411);
#3411 = AXIS2_PLACEMENT_3D('',#3412,#3413,#3414);
#3412 = CARTESIAN_POINT('',(0.435,-1.07,1.95));
#3413 = DIRECTION('',(-1.,0.,0.));
#3414 = DIRECTION('',(0.,-1.,0.));
#3415 = ADVANCED_FACE('',(#3416),#3422,.T.);
#3416 = FACE_BOUND('',#3417,.F.);
#3417 = EDGE_LOOP('',(#3418,#3419,#3420,#3421));
#3418 = ORIENTED_EDGE('',*,*,#3397,.F.);
#3419 = ORIENTED_EDGE('',*,*,#3361,.T.);
#3420 = ORIENTED_EDGE('',*,*,#3090,.T.);
#3421 = ORIENTED_EDGE('',*,*,#3313,.F.);
#3422 = PLANE('',#3423);
#3423 = AXIS2_PLACEMENT_3D('',#3424,#3425,#3426);
#3424 = CARTESIAN_POINT('',(0.41,-1.27,1.925));
#3425 = DIRECTION('',(0.707106781187,0.,0.707106781187));
#3426 = DIRECTION('',(0.707106781187,0.,-0.707106781187));
#3427 = ADVANCED_FACE('',(#3428),#3439,.F.);
#3428 = FACE_BOUND('',#3429,.F.);
#3429 = EDGE_LOOP('',(#3430,#3431,#3437,#3438));
#3430 = ORIENTED_EDGE('',*,*,#3305,.T.);
#3431 = ORIENTED_EDGE('',*,*,#3432,.T.);
#3432 = EDGE_CURVE('',#3298,#429,#3433,.T.);
#3433 = LINE('',#3434,#3435);
#3434 = CARTESIAN_POINT('',(0.835,-1.07,1.9));
#3435 = VECTOR('',#3436,1.);
#3436 = DIRECTION('',(0.,0.,-1.));
#3437 = ORIENTED_EDGE('',*,*,#428,.T.);
#3438 = ORIENTED_EDGE('',*,*,#3403,.F.);
#3439 = PLANE('',#3440);
#3440 = AXIS2_PLACEMENT_3D('',#3441,#3442,#3443);
#3441 = CARTESIAN_POINT('',(0.835,-1.07,1.95));
#3442 = DIRECTION('',(0.,1.,0.));
#3443 = DIRECTION('',(-1.,0.,0.));
#3444 = ADVANCED_FACE('',(#3445),#3451,.F.);
#3445 = FACE_BOUND('',#3446,.F.);
#3446 = EDGE_LOOP('',(#3447,#3448,#3449,#3450));
#3447 = ORIENTED_EDGE('',*,*,#3336,.T.);
#3448 = ORIENTED_EDGE('',*,*,#3383,.T.);
#3449 = ORIENTED_EDGE('',*,*,#436,.T.);
#3450 = ORIENTED_EDGE('',*,*,#3432,.F.);
#3451 = PLANE('',#3452);
#3452 = AXIS2_PLACEMENT_3D('',#3453,#3454,#3455);
#3453 = CARTESIAN_POINT('',(0.835,-1.47,1.95));
#3454 = DIRECTION('',(1.,0.,0.));
#3455 = DIRECTION('',(-0.,1.,0.));
#3456 = ADVANCED_FACE('',(#3457),#3482,.T.);
#3457 = FACE_BOUND('',#3458,.F.);
#3458 = EDGE_LOOP('',(#3459,#3469,#3475,#3476));
#3459 = ORIENTED_EDGE('',*,*,#3460,.F.);
#3460 = EDGE_CURVE('',#3461,#3463,#3465,.T.);
#3461 = VERTEX_POINT('',#3462);
#3462 = CARTESIAN_POINT('',(-0.435,-2.74,1.9));
#3463 = VERTEX_POINT('',#3464);
#3464 = CARTESIAN_POINT('',(-0.835,-2.74,1.9));
#3465 = LINE('',#3466,#3467);
#3466 = CARTESIAN_POINT('',(-0.435,-2.74,1.9));
#3467 = VECTOR('',#3468,1.);
#3468 = DIRECTION('',(-1.,0.,0.));
#3469 = ORIENTED_EDGE('',*,*,#3470,.T.);
#3470 = EDGE_CURVE('',#3461,#1908,#3471,.T.);
#3471 = LINE('',#3472,#3473);
#3472 = CARTESIAN_POINT('',(-0.435,-2.74,1.9));
#3473 = VECTOR('',#3474,1.);
#3474 = DIRECTION('',(0.57735026919,-0.57735026919,0.57735026919));
#3475 = ORIENTED_EDGE('',*,*,#1907,.T.);
#3476 = ORIENTED_EDGE('',*,*,#3477,.F.);
#3477 = EDGE_CURVE('',#3463,#1910,#3478,.T.);
#3478 = LINE('',#3479,#3480);
#3479 = CARTESIAN_POINT('',(-0.835,-2.74,1.9));
#3480 = VECTOR('',#3481,1.);
#3481 = DIRECTION('',(-0.57735026919,-0.57735026919,0.57735026919));
#3482 = PLANE('',#3483);
#3483 = AXIS2_PLACEMENT_3D('',#3484,#3485,#3486);
#3484 = CARTESIAN_POINT('',(-0.635,-2.765,1.925));
#3485 = DIRECTION('',(0.,0.707106781187,0.707106781187));
#3486 = DIRECTION('',(0.,0.707106781187,-0.707106781187));
#3487 = ADVANCED_FACE('',(#3488),#3504,.F.);
#3488 = FACE_BOUND('',#3489,.F.);
#3489 = EDGE_LOOP('',(#3490,#3491,#3497,#3498));
#3490 = ORIENTED_EDGE('',*,*,#3460,.T.);
#3491 = ORIENTED_EDGE('',*,*,#3492,.T.);
#3492 = EDGE_CURVE('',#3463,#523,#3493,.T.);
#3493 = LINE('',#3494,#3495);
#3494 = CARTESIAN_POINT('',(-0.835,-2.74,1.9));
#3495 = VECTOR('',#3496,1.);
#3496 = DIRECTION('',(0.,0.,-1.));
#3497 = ORIENTED_EDGE('',*,*,#522,.T.);
#3498 = ORIENTED_EDGE('',*,*,#3499,.F.);
#3499 = EDGE_CURVE('',#3461,#513,#3500,.T.);
#3500 = LINE('',#3501,#3502);
#3501 = CARTESIAN_POINT('',(-0.435,-2.74,1.9));
#3502 = VECTOR('',#3503,1.);
#3503 = DIRECTION('',(0.,0.,-1.));
#3504 = PLANE('',#3505);
#3505 = AXIS2_PLACEMENT_3D('',#3506,#3507,#3508);
#3506 = CARTESIAN_POINT('',(-0.835,-2.74,1.95));
#3507 = DIRECTION('',(0.,-1.,0.));
#3508 = DIRECTION('',(1.,0.,0.));
#3509 = ADVANCED_FACE('',(#3510),#3528,.F.);
#3510 = FACE_BOUND('',#3511,.F.);
#3511 = EDGE_LOOP('',(#3512,#3520,#3526,#3527));
#3512 = ORIENTED_EDGE('',*,*,#3513,.T.);
#3513 = EDGE_CURVE('',#3463,#3514,#3516,.T.);
#3514 = VERTEX_POINT('',#3515);
#3515 = CARTESIAN_POINT('',(-0.835,-2.34,1.9));
#3516 = LINE('',#3517,#3518);
#3517 = CARTESIAN_POINT('',(-0.835,-2.74,1.9));
#3518 = VECTOR('',#3519,1.);
#3519 = DIRECTION('',(0.,1.,0.));
#3520 = ORIENTED_EDGE('',*,*,#3521,.T.);
#3521 = EDGE_CURVE('',#3514,#531,#3522,.T.);
#3522 = LINE('',#3523,#3524);
#3523 = CARTESIAN_POINT('',(-0.835,-2.34,1.9));
#3524 = VECTOR('',#3525,1.);
#3525 = DIRECTION('',(0.,0.,-1.));
#3526 = ORIENTED_EDGE('',*,*,#530,.T.);
#3527 = ORIENTED_EDGE('',*,*,#3492,.F.);
#3528 = PLANE('',#3529);
#3529 = AXIS2_PLACEMENT_3D('',#3530,#3531,#3532);
#3530 = CARTESIAN_POINT('',(-0.835,-2.34,1.95));
#3531 = DIRECTION('',(-1.,0.,0.));
#3532 = DIRECTION('',(0.,-1.,0.));
#3533 = ADVANCED_FACE('',(#3534),#3545,.T.);
#3534 = FACE_BOUND('',#3535,.F.);
#3535 = EDGE_LOOP('',(#3536,#3537,#3543,#3544));
#3536 = ORIENTED_EDGE('',*,*,#1933,.T.);
#3537 = ORIENTED_EDGE('',*,*,#3538,.F.);
#3538 = EDGE_CURVE('',#3514,#1926,#3539,.T.);
#3539 = LINE('',#3540,#3541);
#3540 = CARTESIAN_POINT('',(-0.835,-2.34,1.9));
#3541 = VECTOR('',#3542,1.);
#3542 = DIRECTION('',(-0.57735026919,0.57735026919,0.57735026919));
#3543 = ORIENTED_EDGE('',*,*,#3513,.F.);
#3544 = ORIENTED_EDGE('',*,*,#3477,.T.);
#3545 = PLANE('',#3546);
#3546 = AXIS2_PLACEMENT_3D('',#3547,#3548,#3549);
#3547 = CARTESIAN_POINT('',(-0.86,-2.54,1.925));
#3548 = DIRECTION('',(0.707106781187,0.,0.707106781187));
#3549 = DIRECTION('',(0.707106781187,0.,-0.707106781187));
#3550 = ADVANCED_FACE('',(#3551),#3569,.T.);
#3551 = FACE_BOUND('',#3552,.F.);
#3552 = EDGE_LOOP('',(#3553,#3554,#3562,#3568));
#3553 = ORIENTED_EDGE('',*,*,#1925,.T.);
#3554 = ORIENTED_EDGE('',*,*,#3555,.F.);
#3555 = EDGE_CURVE('',#3556,#1918,#3558,.T.);
#3556 = VERTEX_POINT('',#3557);
#3557 = CARTESIAN_POINT('',(-0.435,-2.34,1.9));
#3558 = LINE('',#3559,#3560);
#3559 = CARTESIAN_POINT('',(-0.435,-2.34,1.9));
#3560 = VECTOR('',#3561,1.);
#3561 = DIRECTION('',(0.57735026919,0.57735026919,0.57735026919));
#3562 = ORIENTED_EDGE('',*,*,#3563,.F.);
#3563 = EDGE_CURVE('',#3514,#3556,#3564,.T.);
#3564 = LINE('',#3565,#3566);
#3565 = CARTESIAN_POINT('',(-0.835,-2.34,1.9));
#3566 = VECTOR('',#3567,1.);
#3567 = DIRECTION('',(1.,0.,0.));
#3568 = ORIENTED_EDGE('',*,*,#3538,.T.);
#3569 = PLANE('',#3570);
#3570 = AXIS2_PLACEMENT_3D('',#3571,#3572,#3573);
#3571 = CARTESIAN_POINT('',(-0.635,-2.315,1.925));
#3572 = DIRECTION('',(0.,-0.707106781187,0.707106781187));
#3573 = DIRECTION('',(0.,-0.707106781187,-0.707106781187));
#3574 = ADVANCED_FACE('',(#3575),#3586,.T.);
#3575 = FACE_BOUND('',#3576,.F.);
#3576 = EDGE_LOOP('',(#3577,#3583,#3584,#3585));
#3577 = ORIENTED_EDGE('',*,*,#3578,.F.);
#3578 = EDGE_CURVE('',#3556,#3461,#3579,.T.);
#3579 = LINE('',#3580,#3581);
#3580 = CARTESIAN_POINT('',(-0.435,-2.34,1.9));
#3581 = VECTOR('',#3582,1.);
#3582 = DIRECTION('',(0.,-1.,0.));
#3583 = ORIENTED_EDGE('',*,*,#3555,.T.);
#3584 = ORIENTED_EDGE('',*,*,#1917,.T.);
#3585 = ORIENTED_EDGE('',*,*,#3470,.F.);
#3586 = PLANE('',#3587);
#3587 = AXIS2_PLACEMENT_3D('',#3588,#3589,#3590);
#3588 = CARTESIAN_POINT('',(-0.41,-2.54,1.925));
#3589 = DIRECTION('',(-0.707106781187,0.,0.707106781187));
#3590 = DIRECTION('',(-0.707106781187,0.,-0.707106781187));
#3591 = ADVANCED_FACE('',(#3592),#3603,.F.);
#3592 = FACE_BOUND('',#3593,.F.);
#3593 = EDGE_LOOP('',(#3594,#3595,#3596,#3597));
#3594 = ORIENTED_EDGE('',*,*,#3578,.T.);
#3595 = ORIENTED_EDGE('',*,*,#3499,.T.);
#3596 = ORIENTED_EDGE('',*,*,#512,.T.);
#3597 = ORIENTED_EDGE('',*,*,#3598,.F.);
#3598 = EDGE_CURVE('',#3556,#515,#3599,.T.);
#3599 = LINE('',#3600,#3601);
#3600 = CARTESIAN_POINT('',(-0.435,-2.34,1.9));
#3601 = VECTOR('',#3602,1.);
#3602 = DIRECTION('',(0.,0.,-1.));
#3603 = PLANE('',#3604);
#3604 = AXIS2_PLACEMENT_3D('',#3605,#3606,#3607);
#3605 = CARTESIAN_POINT('',(-0.435,-2.74,1.95));
#3606 = DIRECTION('',(1.,0.,0.));
#3607 = DIRECTION('',(-0.,1.,0.));
#3608 = ADVANCED_FACE('',(#3609),#3615,.F.);
#3609 = FACE_BOUND('',#3610,.F.);
#3610 = EDGE_LOOP('',(#3611,#3612,#3613,#3614));
#3611 = ORIENTED_EDGE('',*,*,#3563,.T.);
#3612 = ORIENTED_EDGE('',*,*,#3598,.T.);
#3613 = ORIENTED_EDGE('',*,*,#538,.T.);
#3614 = ORIENTED_EDGE('',*,*,#3521,.F.);
#3615 = PLANE('',#3616);
#3616 = AXIS2_PLACEMENT_3D('',#3617,#3618,#3619);
#3617 = CARTESIAN_POINT('',(-0.435,-2.34,1.95));
#3618 = DIRECTION('',(0.,1.,0.));
#3619 = DIRECTION('',(-1.,0.,0.));
#3620 = ADVANCED_FACE('',(#3621),#3646,.T.);
#3621 = FACE_BOUND('',#3622,.F.);
#3622 = EDGE_LOOP('',(#3623,#3624,#3632,#3640));
#3623 = ORIENTED_EDGE('',*,*,#1941,.T.);
#3624 = ORIENTED_EDGE('',*,*,#3625,.F.);
#3625 = EDGE_CURVE('',#3626,#1944,#3628,.T.);
#3626 = VERTEX_POINT('',#3627);
#3627 = CARTESIAN_POINT('',(0.835,-2.34,1.9));
#3628 = LINE('',#3629,#3630);
#3629 = CARTESIAN_POINT('',(0.835,-2.34,1.9));
#3630 = VECTOR('',#3631,1.);
#3631 = DIRECTION('',(0.57735026919,0.57735026919,0.57735026919));
#3632 = ORIENTED_EDGE('',*,*,#3633,.F.);
#3633 = EDGE_CURVE('',#3634,#3626,#3636,.T.);
#3634 = VERTEX_POINT('',#3635);
#3635 = CARTESIAN_POINT('',(0.435,-2.34,1.9));
#3636 = LINE('',#3637,#3638);
#3637 = CARTESIAN_POINT('',(0.435,-2.34,1.9));
#3638 = VECTOR('',#3639,1.);
#3639 = DIRECTION('',(1.,0.,0.));
#3640 = ORIENTED_EDGE('',*,*,#3641,.T.);
#3641 = EDGE_CURVE('',#3634,#1942,#3642,.T.);
#3642 = LINE('',#3643,#3644);
#3643 = CARTESIAN_POINT('',(0.435,-2.34,1.9));
#3644 = VECTOR('',#3645,1.);
#3645 = DIRECTION('',(-0.57735026919,0.57735026919,0.57735026919));
#3646 = PLANE('',#3647);
#3647 = AXIS2_PLACEMENT_3D('',#3648,#3649,#3650);
#3648 = CARTESIAN_POINT('',(0.635,-2.315,1.925));
#3649 = DIRECTION('',(0.,-0.707106781187,0.707106781187));
#3650 = DIRECTION('',(0.,-0.707106781187,-0.707106781187));
#3651 = ADVANCED_FACE('',(#3652),#3670,.T.);
#3652 = FACE_BOUND('',#3653,.F.);
#3653 = EDGE_LOOP('',(#3654,#3655,#3663,#3669));
#3654 = ORIENTED_EDGE('',*,*,#1967,.T.);
#3655 = ORIENTED_EDGE('',*,*,#3656,.F.);
#3656 = EDGE_CURVE('',#3657,#1960,#3659,.T.);
#3657 = VERTEX_POINT('',#3658);
#3658 = CARTESIAN_POINT('',(0.835,-2.74,1.9));
#3659 = LINE('',#3660,#3661);
#3660 = CARTESIAN_POINT('',(0.835,-2.74,1.9));
#3661 = VECTOR('',#3662,1.);
#3662 = DIRECTION('',(0.57735026919,-0.57735026919,0.57735026919));
#3663 = ORIENTED_EDGE('',*,*,#3664,.F.);
#3664 = EDGE_CURVE('',#3626,#3657,#3665,.T.);
#3665 = LINE('',#3666,#3667);
#3666 = CARTESIAN_POINT('',(0.835,-2.34,1.9));
#3667 = VECTOR('',#3668,1.);
#3668 = DIRECTION('',(0.,-1.,0.));
#3669 = ORIENTED_EDGE('',*,*,#3625,.T.);
#3670 = PLANE('',#3671);
#3671 = AXIS2_PLACEMENT_3D('',#3672,#3673,#3674);
#3672 = CARTESIAN_POINT('',(0.86,-2.54,1.925));
#3673 = DIRECTION('',(-0.707106781187,0.,0.707106781187));
#3674 = DIRECTION('',(-0.707106781187,0.,-0.707106781187));
#3675 = ADVANCED_FACE('',(#3676),#3694,.T.);
#3676 = FACE_BOUND('',#3677,.F.);
#3677 = EDGE_LOOP('',(#3678,#3686,#3687,#3688));
#3678 = ORIENTED_EDGE('',*,*,#3679,.F.);
#3679 = EDGE_CURVE('',#3657,#3680,#3682,.T.);
#3680 = VERTEX_POINT('',#3681);
#3681 = CARTESIAN_POINT('',(0.435,-2.74,1.9));
#3682 = LINE('',#3683,#3684);
#3683 = CARTESIAN_POINT('',(0.835,-2.74,1.9));
#3684 = VECTOR('',#3685,1.);
#3685 = DIRECTION('',(-1.,0.,0.));
#3686 = ORIENTED_EDGE('',*,*,#3656,.T.);
#3687 = ORIENTED_EDGE('',*,*,#1959,.T.);
#3688 = ORIENTED_EDGE('',*,*,#3689,.F.);
#3689 = EDGE_CURVE('',#3680,#1952,#3690,.T.);
#3690 = LINE('',#3691,#3692);
#3691 = CARTESIAN_POINT('',(0.435,-2.74,1.9));
#3692 = VECTOR('',#3693,1.);
#3693 = DIRECTION('',(-0.57735026919,-0.57735026919,0.57735026919));
#3694 = PLANE('',#3695);
#3695 = AXIS2_PLACEMENT_3D('',#3696,#3697,#3698);
#3696 = CARTESIAN_POINT('',(0.635,-2.765,1.925));
#3697 = DIRECTION('',(0.,0.707106781187,0.707106781187));
#3698 = DIRECTION('',(0.,0.707106781187,-0.707106781187));
#3699 = ADVANCED_FACE('',(#3700),#3716,.F.);
#3700 = FACE_BOUND('',#3701,.F.);
#3701 = EDGE_LOOP('',(#3702,#3703,#3709,#3710));
#3702 = ORIENTED_EDGE('',*,*,#3679,.T.);
#3703 = ORIENTED_EDGE('',*,*,#3704,.T.);
#3704 = EDGE_CURVE('',#3680,#479,#3705,.T.);
#3705 = LINE('',#3706,#3707);
#3706 = CARTESIAN_POINT('',(0.435,-2.74,1.9));
#3707 = VECTOR('',#3708,1.);
#3708 = DIRECTION('',(0.,0.,-1.));
#3709 = ORIENTED_EDGE('',*,*,#478,.T.);
#3710 = ORIENTED_EDGE('',*,*,#3711,.F.);
#3711 = EDGE_CURVE('',#3657,#481,#3712,.T.);
#3712 = LINE('',#3713,#3714);
#3713 = CARTESIAN_POINT('',(0.835,-2.74,1.9));
#3714 = VECTOR('',#3715,1.);
#3715 = DIRECTION('',(0.,0.,-1.));
#3716 = PLANE('',#3717);
#3717 = AXIS2_PLACEMENT_3D('',#3718,#3719,#3720);
#3718 = CARTESIAN_POINT('',(0.435,-2.74,1.95));
#3719 = DIRECTION('',(0.,-1.,0.));
#3720 = DIRECTION('',(1.,0.,0.));
#3721 = ADVANCED_FACE('',(#3722),#3738,.F.);
#3722 = FACE_BOUND('',#3723,.F.);
#3723 = EDGE_LOOP('',(#3724,#3730,#3736,#3737));
#3724 = ORIENTED_EDGE('',*,*,#3725,.T.);
#3725 = EDGE_CURVE('',#3680,#3634,#3726,.T.);
#3726 = LINE('',#3727,#3728);
#3727 = CARTESIAN_POINT('',(0.435,-2.74,1.9));
#3728 = VECTOR('',#3729,1.);
#3729 = DIRECTION('',(0.,1.,0.));
#3730 = ORIENTED_EDGE('',*,*,#3731,.T.);
#3731 = EDGE_CURVE('',#3634,#489,#3732,.T.);
#3732 = LINE('',#3733,#3734);
#3733 = CARTESIAN_POINT('',(0.435,-2.34,1.9));
#3734 = VECTOR('',#3735,1.);
#3735 = DIRECTION('',(0.,0.,-1.));
#3736 = ORIENTED_EDGE('',*,*,#488,.T.);
#3737 = ORIENTED_EDGE('',*,*,#3704,.F.);
#3738 = PLANE('',#3739);
#3739 = AXIS2_PLACEMENT_3D('',#3740,#3741,#3742);
#3740 = CARTESIAN_POINT('',(0.435,-2.34,1.95));
#3741 = DIRECTION('',(-1.,0.,0.));
#3742 = DIRECTION('',(0.,-1.,0.));
#3743 = ADVANCED_FACE('',(#3744),#3750,.T.);
#3744 = FACE_BOUND('',#3745,.F.);
#3745 = EDGE_LOOP('',(#3746,#3747,#3748,#3749));
#3746 = ORIENTED_EDGE('',*,*,#3725,.F.);
#3747 = ORIENTED_EDGE('',*,*,#3689,.T.);
#3748 = ORIENTED_EDGE('',*,*,#1951,.T.);
#3749 = ORIENTED_EDGE('',*,*,#3641,.F.);
#3750 = PLANE('',#3751);
#3751 = AXIS2_PLACEMENT_3D('',#3752,#3753,#3754);
#3752 = CARTESIAN_POINT('',(0.41,-2.54,1.925));
#3753 = DIRECTION('',(0.707106781187,0.,0.707106781187));
#3754 = DIRECTION('',(0.707106781187,0.,-0.707106781187));
#3755 = ADVANCED_FACE('',(#3756),#3767,.F.);
#3756 = FACE_BOUND('',#3757,.F.);
#3757 = EDGE_LOOP('',(#3758,#3759,#3765,#3766));
#3758 = ORIENTED_EDGE('',*,*,#3633,.T.);
#3759 = ORIENTED_EDGE('',*,*,#3760,.T.);
#3760 = EDGE_CURVE('',#3626,#497,#3761,.T.);
#3761 = LINE('',#3762,#3763);
#3762 = CARTESIAN_POINT('',(0.835,-2.34,1.9));
#3763 = VECTOR('',#3764,1.);
#3764 = DIRECTION('',(0.,0.,-1.));
#3765 = ORIENTED_EDGE('',*,*,#496,.T.);
#3766 = ORIENTED_EDGE('',*,*,#3731,.F.);
#3767 = PLANE('',#3768);
#3768 = AXIS2_PLACEMENT_3D('',#3769,#3770,#3771);
#3769 = CARTESIAN_POINT('',(0.835,-2.34,1.95));
#3770 = DIRECTION('',(0.,1.,0.));
#3771 = DIRECTION('',(-1.,0.,0.));
#3772 = ADVANCED_FACE('',(#3773),#3779,.F.);
#3773 = FACE_BOUND('',#3774,.F.);
#3774 = EDGE_LOOP('',(#3775,#3776,#3777,#3778));
#3775 = ORIENTED_EDGE('',*,*,#3664,.T.);
#3776 = ORIENTED_EDGE('',*,*,#3711,.T.);
#3777 = ORIENTED_EDGE('',*,*,#504,.T.);
#3778 = ORIENTED_EDGE('',*,*,#3760,.F.);
#3779 = PLANE('',#3780);
#3780 = AXIS2_PLACEMENT_3D('',#3781,#3782,#3783);
#3781 = CARTESIAN_POINT('',(0.835,-2.74,1.95));
#3782 = DIRECTION('',(1.,0.,0.));
#3783 = DIRECTION('',(-0.,1.,0.));
#3784 = ADVANCED_FACE('',(#3785),#3810,.T.);
#3785 = FACE_BOUND('',#3786,.F.);
#3786 = EDGE_LOOP('',(#3787,#3797,#3803,#3804));
#3787 = ORIENTED_EDGE('',*,*,#3788,.F.);
#3788 = EDGE_CURVE('',#3789,#3791,#3793,.T.);
#3789 = VERTEX_POINT('',#3790);
#3790 = CARTESIAN_POINT('',(-0.435,2.34,1.9));
#3791 = VERTEX_POINT('',#3792);
#3792 = CARTESIAN_POINT('',(-0.835,2.34,1.9));
#3793 = LINE('',#3794,#3795);
#3794 = CARTESIAN_POINT('',(-0.435,2.34,1.9));
#3795 = VECTOR('',#3796,1.);
#3796 = DIRECTION('',(-1.,0.,0.));
#3797 = ORIENTED_EDGE('',*,*,#3798,.T.);
#3798 = EDGE_CURVE('',#3789,#714,#3799,.T.);
#3799 = LINE('',#3800,#3801);
#3800 = CARTESIAN_POINT('',(-0.435,2.34,1.9));
#3801 = VECTOR('',#3802,1.);
#3802 = DIRECTION('',(0.57735026919,-0.57735026919,0.57735026919));
#3803 = ORIENTED_EDGE('',*,*,#713,.T.);
#3804 = ORIENTED_EDGE('',*,*,#3805,.F.);
#3805 = EDGE_CURVE('',#3791,#716,#3806,.T.);
#3806 = LINE('',#3807,#3808);
#3807 = CARTESIAN_POINT('',(-0.835,2.34,1.9));
#3808 = VECTOR('',#3809,1.);
#3809 = DIRECTION('',(-0.57735026919,-0.57735026919,0.57735026919));
#3810 = PLANE('',#3811);
#3811 = AXIS2_PLACEMENT_3D('',#3812,#3813,#3814);
#3812 = CARTESIAN_POINT('',(-0.635,2.315,1.925));
#3813 = DIRECTION('',(0.,0.707106781187,0.707106781187));
#3814 = DIRECTION('',(0.,0.707106781187,-0.707106781187));
#3815 = ADVANCED_FACE('',(#3816),#3832,.F.);
#3816 = FACE_BOUND('',#3817,.F.);
#3817 = EDGE_LOOP('',(#3818,#3819,#3825,#3826));
#3818 = ORIENTED_EDGE('',*,*,#3788,.T.);
#3819 = ORIENTED_EDGE('',*,*,#3820,.T.);
#3820 = EDGE_CURVE('',#3791,#251,#3821,.T.);
#3821 = LINE('',#3822,#3823);
#3822 = CARTESIAN_POINT('',(-0.835,2.34,1.9));
#3823 = VECTOR('',#3824,1.);
#3824 = DIRECTION('',(0.,0.,-1.));
#3825 = ORIENTED_EDGE('',*,*,#250,.T.);
#3826 = ORIENTED_EDGE('',*,*,#3827,.F.);
#3827 = EDGE_CURVE('',#3789,#241,#3828,.T.);
#3828 = LINE('',#3829,#3830);
#3829 = CARTESIAN_POINT('',(-0.435,2.34,1.9));
#3830 = VECTOR('',#3831,1.);
#3831 = DIRECTION('',(0.,0.,-1.));
#3832 = PLANE('',#3833);
#3833 = AXIS2_PLACEMENT_3D('',#3834,#3835,#3836);
#3834 = CARTESIAN_POINT('',(-0.835,2.34,1.95));
#3835 = DIRECTION('',(0.,-1.,0.));
#3836 = DIRECTION('',(1.,0.,0.));
#3837 = ADVANCED_FACE('',(#3838),#3856,.F.);
#3838 = FACE_BOUND('',#3839,.F.);
#3839 = EDGE_LOOP('',(#3840,#3848,#3854,#3855));
#3840 = ORIENTED_EDGE('',*,*,#3841,.T.);
#3841 = EDGE_CURVE('',#3791,#3842,#3844,.T.);
#3842 = VERTEX_POINT('',#3843);
#3843 = CARTESIAN_POINT('',(-0.835,2.74,1.9));
#3844 = LINE('',#3845,#3846);
#3845 = CARTESIAN_POINT('',(-0.835,2.34,1.9));
#3846 = VECTOR('',#3847,1.);
#3847 = DIRECTION('',(0.,1.,0.));
#3848 = ORIENTED_EDGE('',*,*,#3849,.T.);
#3849 = EDGE_CURVE('',#3842,#259,#3850,.T.);
#3850 = LINE('',#3851,#3852);
#3851 = CARTESIAN_POINT('',(-0.835,2.74,1.9));
#3852 = VECTOR('',#3853,1.);
#3853 = DIRECTION('',(0.,0.,-1.));
#3854 = ORIENTED_EDGE('',*,*,#258,.T.);
#3855 = ORIENTED_EDGE('',*,*,#3820,.F.);
#3856 = PLANE('',#3857);
#3857 = AXIS2_PLACEMENT_3D('',#3858,#3859,#3860);
#3858 = CARTESIAN_POINT('',(-0.835,2.74,1.95));
#3859 = DIRECTION('',(-1.,0.,0.));
#3860 = DIRECTION('',(0.,-1.,0.));
#3861 = ADVANCED_FACE('',(#3862),#3873,.T.);
#3862 = FACE_BOUND('',#3863,.F.);
#3863 = EDGE_LOOP('',(#3864,#3865,#3871,#3872));
#3864 = ORIENTED_EDGE('',*,*,#739,.T.);
#3865 = ORIENTED_EDGE('',*,*,#3866,.F.);
#3866 = EDGE_CURVE('',#3842,#732,#3867,.T.);
#3867 = LINE('',#3868,#3869);
#3868 = CARTESIAN_POINT('',(-0.835,2.74,1.9));
#3869 = VECTOR('',#3870,1.);
#3870 = DIRECTION('',(-0.57735026919,0.57735026919,0.57735026919));
#3871 = ORIENTED_EDGE('',*,*,#3841,.F.);
#3872 = ORIENTED_EDGE('',*,*,#3805,.T.);
#3873 = PLANE('',#3874);
#3874 = AXIS2_PLACEMENT_3D('',#3875,#3876,#3877);
#3875 = CARTESIAN_POINT('',(-0.86,2.54,1.925));
#3876 = DIRECTION('',(0.707106781187,0.,0.707106781187));
#3877 = DIRECTION('',(0.707106781187,0.,-0.707106781187));
#3878 = ADVANCED_FACE('',(#3879),#3897,.T.);
#3879 = FACE_BOUND('',#3880,.F.);
#3880 = EDGE_LOOP('',(#3881,#3882,#3890,#3896));
#3881 = ORIENTED_EDGE('',*,*,#731,.T.);
#3882 = ORIENTED_EDGE('',*,*,#3883,.F.);
#3883 = EDGE_CURVE('',#3884,#724,#3886,.T.);
#3884 = VERTEX_POINT('',#3885);
#3885 = CARTESIAN_POINT('',(-0.435,2.74,1.9));
#3886 = LINE('',#3887,#3888);
#3887 = CARTESIAN_POINT('',(-0.435,2.74,1.9));
#3888 = VECTOR('',#3889,1.);
#3889 = DIRECTION('',(0.57735026919,0.57735026919,0.57735026919));
#3890 = ORIENTED_EDGE('',*,*,#3891,.F.);
#3891 = EDGE_CURVE('',#3842,#3884,#3892,.T.);
#3892 = LINE('',#3893,#3894);
#3893 = CARTESIAN_POINT('',(-0.835,2.74,1.9));
#3894 = VECTOR('',#3895,1.);
#3895 = DIRECTION('',(1.,0.,0.));
#3896 = ORIENTED_EDGE('',*,*,#3866,.T.);
#3897 = PLANE('',#3898);
#3898 = AXIS2_PLACEMENT_3D('',#3899,#3900,#3901);
#3899 = CARTESIAN_POINT('',(-0.635,2.765,1.925));
#3900 = DIRECTION('',(0.,-0.707106781187,0.707106781187));
#3901 = DIRECTION('',(0.,-0.707106781187,-0.707106781187));
#3902 = ADVANCED_FACE('',(#3903),#3914,.T.);
#3903 = FACE_BOUND('',#3904,.F.);
#3904 = EDGE_LOOP('',(#3905,#3911,#3912,#3913));
#3905 = ORIENTED_EDGE('',*,*,#3906,.F.);
#3906 = EDGE_CURVE('',#3884,#3789,#3907,.T.);
#3907 = LINE('',#3908,#3909);
#3908 = CARTESIAN_POINT('',(-0.435,2.74,1.9));
#3909 = VECTOR('',#3910,1.);
#3910 = DIRECTION('',(0.,-1.,0.));
#3911 = ORIENTED_EDGE('',*,*,#3883,.T.);
#3912 = ORIENTED_EDGE('',*,*,#723,.T.);
#3913 = ORIENTED_EDGE('',*,*,#3798,.F.);
#3914 = PLANE('',#3915);
#3915 = AXIS2_PLACEMENT_3D('',#3916,#3917,#3918);
#3916 = CARTESIAN_POINT('',(-0.41,2.54,1.925));
#3917 = DIRECTION('',(-0.707106781187,0.,0.707106781187));
#3918 = DIRECTION('',(-0.707106781187,0.,-0.707106781187));
#3919 = ADVANCED_FACE('',(#3920),#3931,.F.);
#3920 = FACE_BOUND('',#3921,.F.);
#3921 = EDGE_LOOP('',(#3922,#3923,#3924,#3925));
#3922 = ORIENTED_EDGE('',*,*,#3906,.T.);
#3923 = ORIENTED_EDGE('',*,*,#3827,.T.);
#3924 = ORIENTED_EDGE('',*,*,#240,.T.);
#3925 = ORIENTED_EDGE('',*,*,#3926,.F.);
#3926 = EDGE_CURVE('',#3884,#243,#3927,.T.);
#3927 = LINE('',#3928,#3929);
#3928 = CARTESIAN_POINT('',(-0.435,2.74,1.9));
#3929 = VECTOR('',#3930,1.);
#3930 = DIRECTION('',(0.,0.,-1.));
#3931 = PLANE('',#3932);
#3932 = AXIS2_PLACEMENT_3D('',#3933,#3934,#3935);
#3933 = CARTESIAN_POINT('',(-0.435,2.34,1.95));
#3934 = DIRECTION('',(1.,0.,0.));
#3935 = DIRECTION('',(-0.,1.,0.));
#3936 = ADVANCED_FACE('',(#3937),#3943,.F.);
#3937 = FACE_BOUND('',#3938,.F.);
#3938 = EDGE_LOOP('',(#3939,#3940,#3941,#3942));
#3939 = ORIENTED_EDGE('',*,*,#3891,.T.);
#3940 = ORIENTED_EDGE('',*,*,#3926,.T.);
#3941 = ORIENTED_EDGE('',*,*,#266,.T.);
#3942 = ORIENTED_EDGE('',*,*,#3849,.F.);
#3943 = PLANE('',#3944);
#3944 = AXIS2_PLACEMENT_3D('',#3945,#3946,#3947);
#3945 = CARTESIAN_POINT('',(-0.435,2.74,1.95));
#3946 = DIRECTION('',(0.,1.,0.));
#3947 = DIRECTION('',(-1.,0.,0.));
#3948 = ADVANCED_FACE('',(#3949),#3967,.T.);
#3949 = FACE_BOUND('',#3950,.F.);
#3950 = EDGE_LOOP('',(#3951,#3952,#3953,#3961));
#3951 = ORIENTED_EDGE('',*,*,#747,.T.);
#3952 = ORIENTED_EDGE('',*,*,#665,.F.);
#3953 = ORIENTED_EDGE('',*,*,#3954,.F.);
#3954 = EDGE_CURVE('',#3955,#658,#3957,.T.);
#3955 = VERTEX_POINT('',#3956);
#3956 = CARTESIAN_POINT('',(0.435,2.74,1.9));
#3957 = LINE('',#3958,#3959);
#3958 = CARTESIAN_POINT('',(0.435,2.74,1.9));
#3959 = VECTOR('',#3960,1.);
#3960 = DIRECTION('',(1.,0.,0.));
#3961 = ORIENTED_EDGE('',*,*,#3962,.T.);
#3962 = EDGE_CURVE('',#3955,#748,#3963,.T.);
#3963 = LINE('',#3964,#3965);
#3964 = CARTESIAN_POINT('',(0.435,2.74,1.9));
#3965 = VECTOR('',#3966,1.);
#3966 = DIRECTION('',(-0.57735026919,0.57735026919,0.57735026919));
#3967 = PLANE('',#3968);
#3968 = AXIS2_PLACEMENT_3D('',#3969,#3970,#3971);
#3969 = CARTESIAN_POINT('',(0.635,2.765,1.925));
#3970 = DIRECTION('',(0.,-0.707106781187,0.707106781187));
#3971 = DIRECTION('',(0.,-0.707106781187,-0.707106781187));
#3972 = ADVANCED_FACE('',(#3973),#3989,.F.);
#3973 = FACE_BOUND('',#3974,.F.);
#3974 = EDGE_LOOP('',(#3975,#3976,#3982,#3983));
#3975 = ORIENTED_EDGE('',*,*,#3954,.T.);
#3976 = ORIENTED_EDGE('',*,*,#3977,.T.);
#3977 = EDGE_CURVE('',#658,#565,#3978,.T.);
#3978 = LINE('',#3979,#3980);
#3979 = CARTESIAN_POINT('',(0.835,2.74,1.9));
#3980 = VECTOR('',#3981,1.);
#3981 = DIRECTION('',(0.,0.,-1.));
#3982 = ORIENTED_EDGE('',*,*,#564,.T.);
#3983 = ORIENTED_EDGE('',*,*,#3984,.F.);
#3984 = EDGE_CURVE('',#3955,#557,#3985,.T.);
#3985 = LINE('',#3986,#3987);
#3986 = CARTESIAN_POINT('',(0.435,2.74,1.9));
#3987 = VECTOR('',#3988,1.);
#3988 = DIRECTION('',(0.,0.,-1.));
#3989 = PLANE('',#3990);
#3990 = AXIS2_PLACEMENT_3D('',#3991,#3992,#3993);
#3991 = CARTESIAN_POINT('',(0.835,2.74,1.95));
#3992 = DIRECTION('',(0.,1.,0.));
#3993 = DIRECTION('',(-1.,0.,0.));
#3994 = ADVANCED_FACE('',(#3995),#4001,.F.);
#3995 = FACE_BOUND('',#3996,.F.);
#3996 = EDGE_LOOP('',(#3997,#3998,#3999,#4000));
#3997 = ORIENTED_EDGE('',*,*,#657,.T.);
#3998 = ORIENTED_EDGE('',*,*,#603,.T.);
#3999 = ORIENTED_EDGE('',*,*,#572,.T.);
#4000 = ORIENTED_EDGE('',*,*,#3977,.F.);
#4001 = PLANE('',#4002);
#4002 = AXIS2_PLACEMENT_3D('',#4003,#4004,#4005);
#4003 = CARTESIAN_POINT('',(0.835,2.34,1.95));
#4004 = DIRECTION('',(1.,0.,0.));
#4005 = DIRECTION('',(-0.,1.,0.));
#4006 = ADVANCED_FACE('',(#4007),#4018,.F.);
#4007 = FACE_BOUND('',#4008,.F.);
#4008 = EDGE_LOOP('',(#4009,#4015,#4016,#4017));
#4009 = ORIENTED_EDGE('',*,*,#4010,.T.);
#4010 = EDGE_CURVE('',#589,#3955,#4011,.T.);
#4011 = LINE('',#4012,#4013);
#4012 = CARTESIAN_POINT('',(0.435,2.34,1.9));
#4013 = VECTOR('',#4014,1.);
#4014 = DIRECTION('',(0.,1.,0.));
#4015 = ORIENTED_EDGE('',*,*,#3984,.T.);
#4016 = ORIENTED_EDGE('',*,*,#556,.T.);
#4017 = ORIENTED_EDGE('',*,*,#596,.F.);
#4018 = PLANE('',#4019);
#4019 = AXIS2_PLACEMENT_3D('',#4020,#4021,#4022);
#4020 = CARTESIAN_POINT('',(0.435,2.74,1.95));
#4021 = DIRECTION('',(-1.,0.,0.));
#4022 = DIRECTION('',(0.,-1.,0.));
#4023 = ADVANCED_FACE('',(#4024),#4030,.T.);
#4024 = FACE_BOUND('',#4025,.F.);
#4025 = EDGE_LOOP('',(#4026,#4027,#4028,#4029));
#4026 = ORIENTED_EDGE('',*,*,#4010,.F.);
#4027 = ORIENTED_EDGE('',*,*,#634,.T.);
#4028 = ORIENTED_EDGE('',*,*,#755,.T.);
#4029 = ORIENTED_EDGE('',*,*,#3962,.F.);
#4030 = PLANE('',#4031);
#4031 = AXIS2_PLACEMENT_3D('',#4032,#4033,#4034);
#4032 = CARTESIAN_POINT('',(0.41,2.54,1.925));
#4033 = DIRECTION('',(0.707106781187,0.,0.707106781186));
#4034 = DIRECTION('',(0.707106781186,0.,-0.707106781187));
#4035 = ( GEOMETRIC_REPRESENTATION_CONTEXT(3) 
GLOBAL_UNCERTAINTY_ASSIGNED_CONTEXT((#4039)) 
GLOBAL_UNIT_ASSIGNED_CONTEXT((#4036,#4037,#4038)) REPRESENTATION_CONTEXT
('Context #1','3D Context with UNIT and UNCERTAINTY') );
#4036 = ( LENGTH_UNIT() NAMED_UNIT(*) SI_UNIT(.MILLI.,.METRE.) );
#4037 = ( NAMED_UNIT(*) PLANE_ANGLE_UNIT() SI_UNIT($,.RADIAN.) );
#4038 = ( NAMED_UNIT(*) SI_UNIT($,.STERADIAN.) SOLID_ANGLE_UNIT() );
#4039 = UNCERTAINTY_MEASURE_WITH_UNIT(LENGTH_MEASURE(1.E-07),#4036,
  'distance_accuracy_value','confusion accuracy');
#4040 = CONTEXT_DEPENDENT_SHAPE_REPRESENTATION(#4041,#4043);
#4041 = ( REPRESENTATION_RELATIONSHIP('','',#72,#10) 
REPRESENTATION_RELATIONSHIP_WITH_TRANSFORMATION(#4042) 
SHAPE_REPRESENTATION_RELATIONSHIP() );
#4042 = ITEM_DEFINED_TRANSFORMATION('','',#11,#15);
#4043 = PRODUCT_DEFINITION_SHAPE('Placement','Placement of an item',
  #4044);
#4044 = NEXT_ASSEMBLY_USAGE_OCCURRENCE('1','801-2195-10-K','',#5,#67,$);
#4045 = PRODUCT_RELATED_PRODUCT_CATEGORY('part',$,(#69));
#4046 = SHAPE_DEFINITION_REPRESENTATION(#4047,#4053);
#4047 = PRODUCT_DEFINITION_SHAPE('','',#4048);
#4048 = PRODUCT_DEFINITION('design','',#4049,#4052);
#4049 = PRODUCT_DEFINITION_FORMATION('','',#4050);
#4050 = PRODUCT('2195SM-PIN','2195SM-PIN','',(#4051));
#4051 = PRODUCT_CONTEXT('',#2,'mechanical');
#4052 = PRODUCT_DEFINITION_CONTEXT('part definition',#2,'design');
#4053 = ADVANCED_BREP_SHAPE_REPRESENTATION('',(#11,#4054),#4532);
#4054 = MANIFOLD_SOLID_BREP('',#4055);
#4055 = CLOSED_SHELL('',(#4056,#4130,#4161,#4192,#4216,#4241,#4265,#4296
    ,#4320,#4351,#4375,#4400,#4424,#4448,#4465,#4482,#4503,#4520));
#4056 = ADVANCED_FACE('',(#4057),#4125,.F.);
#4057 = FACE_BOUND('',#4058,.F.);
#4058 = EDGE_LOOP('',(#4059,#4069,#4077,#4086,#4094,#4102,#4110,#4119));
#4059 = ORIENTED_EDGE('',*,*,#4060,.F.);
#4060 = EDGE_CURVE('',#4061,#4063,#4065,.T.);
#4061 = VERTEX_POINT('',#4062);
#4062 = CARTESIAN_POINT('',(-0.4,4.63,0.));
#4063 = VERTEX_POINT('',#4064);
#4064 = CARTESIAN_POINT('',(0.,4.63,0.));
#4065 = LINE('',#4066,#4067);
#4066 = CARTESIAN_POINT('',(-0.4,4.63,0.));
#4067 = VECTOR('',#4068,1.);
#4068 = DIRECTION('',(1.,0.,0.));
#4069 = ORIENTED_EDGE('',*,*,#4070,.T.);
#4070 = EDGE_CURVE('',#4061,#4071,#4073,.T.);
#4071 = VERTEX_POINT('',#4072);
#4072 = CARTESIAN_POINT('',(-0.4,0.45,0.));
#4073 = LINE('',#4074,#4075);
#4074 = CARTESIAN_POINT('',(-0.4,4.63,0.));
#4075 = VECTOR('',#4076,1.);
#4076 = DIRECTION('',(0.,-1.,0.));
#4077 = ORIENTED_EDGE('',*,*,#4078,.T.);
#4078 = EDGE_CURVE('',#4071,#4079,#4081,.T.);
#4079 = VERTEX_POINT('',#4080);
#4080 = CARTESIAN_POINT('',(5.E-02,0.,0.));
#4081 = CIRCLE('',#4082,0.45);
#4082 = AXIS2_PLACEMENT_3D('',#4083,#4084,#4085);
#4083 = CARTESIAN_POINT('',(5.E-02,0.45,0.));
#4084 = DIRECTION('',(0.,0.,1.));
#4085 = DIRECTION('',(-1.,0.,0.));
#4086 = ORIENTED_EDGE('',*,*,#4087,.T.);
#4087 = EDGE_CURVE('',#4079,#4088,#4090,.T.);
#4088 = VERTEX_POINT('',#4089);
#4089 = CARTESIAN_POINT('',(1.665,0.,0.));
#4090 = LINE('',#4091,#4092);
#4091 = CARTESIAN_POINT('',(5.E-02,0.,0.));
#4092 = VECTOR('',#4093,1.);
#4093 = DIRECTION('',(1.,0.,0.));
#4094 = ORIENTED_EDGE('',*,*,#4095,.F.);
#4095 = EDGE_CURVE('',#4096,#4088,#4098,.T.);
#4096 = VERTEX_POINT('',#4097);
#4097 = CARTESIAN_POINT('',(1.665,0.4,0.));
#4098 = LINE('',#4099,#4100);
#4099 = CARTESIAN_POINT('',(1.665,0.4,0.));
#4100 = VECTOR('',#4101,1.);
#4101 = DIRECTION('',(0.,-1.,0.));
#4102 = ORIENTED_EDGE('',*,*,#4103,.T.);
#4103 = EDGE_CURVE('',#4096,#4104,#4106,.T.);
#4104 = VERTEX_POINT('',#4105);
#4105 = CARTESIAN_POINT('',(0.25,0.4,0.));
#4106 = LINE('',#4107,#4108);
#4107 = CARTESIAN_POINT('',(1.665,0.4,0.));
#4108 = VECTOR('',#4109,1.);
#4109 = DIRECTION('',(-1.,0.,0.));
#4110 = ORIENTED_EDGE('',*,*,#4111,.T.);
#4111 = EDGE_CURVE('',#4104,#4112,#4114,.T.);
#4112 = VERTEX_POINT('',#4113);
#4113 = CARTESIAN_POINT('',(0.,0.65,0.));
#4114 = CIRCLE('',#4115,0.25);
#4115 = AXIS2_PLACEMENT_3D('',#4116,#4117,#4118);
#4116 = CARTESIAN_POINT('',(0.25,0.65,0.));
#4117 = DIRECTION('',(0.,0.,-1.));
#4118 = DIRECTION('',(0.,-1.,0.));
#4119 = ORIENTED_EDGE('',*,*,#4120,.T.);
#4120 = EDGE_CURVE('',#4112,#4063,#4121,.T.);
#4121 = LINE('',#4122,#4123);
#4122 = CARTESIAN_POINT('',(0.,0.65,0.));
#4123 = VECTOR('',#4124,1.);
#4124 = DIRECTION('',(0.,1.,0.));
#4125 = PLANE('',#4126);
#4126 = AXIS2_PLACEMENT_3D('',#4127,#4128,#4129);
#4127 = CARTESIAN_POINT('',(0.,0.,0.));
#4128 = DIRECTION('',(0.,0.,1.));
#4129 = DIRECTION('',(1.,0.,-0.));
#4130 = ADVANCED_FACE('',(#4131),#4156,.T.);
#4131 = FACE_BOUND('',#4132,.F.);
#4132 = EDGE_LOOP('',(#4133,#4134,#4142,#4150));
#4133 = ORIENTED_EDGE('',*,*,#4060,.T.);
#4134 = ORIENTED_EDGE('',*,*,#4135,.F.);
#4135 = EDGE_CURVE('',#4136,#4063,#4138,.T.);
#4136 = VERTEX_POINT('',#4137);
#4137 = CARTESIAN_POINT('',(-0.1,4.93,0.1));
#4138 = LINE('',#4139,#4140);
#4139 = CARTESIAN_POINT('',(-0.1,4.93,0.1));
#4140 = VECTOR('',#4141,1.);
#4141 = DIRECTION('',(0.301511344578,-0.904534033733,-0.301511344578));
#4142 = ORIENTED_EDGE('',*,*,#4143,.F.);
#4143 = EDGE_CURVE('',#4144,#4136,#4146,.T.);
#4144 = VERTEX_POINT('',#4145);
#4145 = CARTESIAN_POINT('',(-0.3,4.93,0.1));
#4146 = LINE('',#4147,#4148);
#4147 = CARTESIAN_POINT('',(-0.3,4.93,0.1));
#4148 = VECTOR('',#4149,1.);
#4149 = DIRECTION('',(1.,0.,0.));
#4150 = ORIENTED_EDGE('',*,*,#4151,.T.);
#4151 = EDGE_CURVE('',#4144,#4061,#4152,.T.);
#4152 = LINE('',#4153,#4154);
#4153 = CARTESIAN_POINT('',(-0.3,4.93,0.1));
#4154 = VECTOR('',#4155,1.);
#4155 = DIRECTION('',(-0.301511344578,-0.904534033733,-0.301511344578));
#4156 = PLANE('',#4157);
#4157 = AXIS2_PLACEMENT_3D('',#4158,#4159,#4160);
#4158 = CARTESIAN_POINT('',(-0.2,4.78,5.E-02));
#4159 = DIRECTION('',(0.,0.316227766017,-0.948683298051));
#4160 = DIRECTION('',(0.,0.948683298051,0.316227766017));
#4161 = ADVANCED_FACE('',(#4162),#4187,.T.);
#4162 = FACE_BOUND('',#4163,.F.);
#4163 = EDGE_LOOP('',(#4164,#4172,#4180,#4186));
#4164 = ORIENTED_EDGE('',*,*,#4165,.F.);
#4165 = EDGE_CURVE('',#4166,#4063,#4168,.T.);
#4166 = VERTEX_POINT('',#4167);
#4167 = CARTESIAN_POINT('',(0.,4.63,0.4));
#4168 = LINE('',#4169,#4170);
#4169 = CARTESIAN_POINT('',(0.,4.63,0.4));
#4170 = VECTOR('',#4171,1.);
#4171 = DIRECTION('',(0.,0.,-1.));
#4172 = ORIENTED_EDGE('',*,*,#4173,.F.);
#4173 = EDGE_CURVE('',#4174,#4166,#4176,.T.);
#4174 = VERTEX_POINT('',#4175);
#4175 = CARTESIAN_POINT('',(-0.1,4.93,0.3));
#4176 = LINE('',#4177,#4178);
#4177 = CARTESIAN_POINT('',(-0.1,4.93,0.3));
#4178 = VECTOR('',#4179,1.);
#4179 = DIRECTION('',(0.301511344578,-0.904534033733,0.301511344578));
#4180 = ORIENTED_EDGE('',*,*,#4181,.T.);
#4181 = EDGE_CURVE('',#4174,#4136,#4182,.T.);
#4182 = LINE('',#4183,#4184);
#4183 = CARTESIAN_POINT('',(-0.1,4.93,0.3));
#4184 = VECTOR('',#4185,1.);
#4185 = DIRECTION('',(0.,0.,-1.));
#4186 = ORIENTED_EDGE('',*,*,#4135,.T.);
#4187 = PLANE('',#4188);
#4188 = AXIS2_PLACEMENT_3D('',#4189,#4190,#4191);
#4189 = CARTESIAN_POINT('',(-5.E-02,4.78,0.2));
#4190 = DIRECTION('',(0.948683298051,0.316227766017,0.));
#4191 = DIRECTION('',(0.316227766017,-0.948683298051,0.));
#4192 = ADVANCED_FACE('',(#4193),#4211,.T.);
#4193 = FACE_BOUND('',#4194,.F.);
#4194 = EDGE_LOOP('',(#4195,#4196,#4197,#4205));
#4195 = ORIENTED_EDGE('',*,*,#4165,.T.);
#4196 = ORIENTED_EDGE('',*,*,#4120,.F.);
#4197 = ORIENTED_EDGE('',*,*,#4198,.T.);
#4198 = EDGE_CURVE('',#4112,#4199,#4201,.T.);
#4199 = VERTEX_POINT('',#4200);
#4200 = CARTESIAN_POINT('',(0.,0.65,0.4));
#4201 = LINE('',#4202,#4203);
#4202 = CARTESIAN_POINT('',(0.,0.65,0.));
#4203 = VECTOR('',#4204,1.);
#4204 = DIRECTION('',(0.,0.,1.));
#4205 = ORIENTED_EDGE('',*,*,#4206,.T.);
#4206 = EDGE_CURVE('',#4199,#4166,#4207,.T.);
#4207 = LINE('',#4208,#4209);
#4208 = CARTESIAN_POINT('',(0.,0.65,0.4));
#4209 = VECTOR('',#4210,1.);
#4210 = DIRECTION('',(0.,1.,0.));
#4211 = PLANE('',#4212);
#4212 = AXIS2_PLACEMENT_3D('',#4213,#4214,#4215);
#4213 = CARTESIAN_POINT('',(0.,0.65,0.));
#4214 = DIRECTION('',(1.,0.,0.));
#4215 = DIRECTION('',(-0.,1.,0.));
#4216 = ADVANCED_FACE('',(#4217),#4236,.F.);
#4217 = FACE_BOUND('',#4218,.F.);
#4218 = EDGE_LOOP('',(#4219,#4220,#4228,#4235));
#4219 = ORIENTED_EDGE('',*,*,#4111,.F.);
#4220 = ORIENTED_EDGE('',*,*,#4221,.T.);
#4221 = EDGE_CURVE('',#4104,#4222,#4224,.T.);
#4222 = VERTEX_POINT('',#4223);
#4223 = CARTESIAN_POINT('',(0.25,0.4,0.4));
#4224 = LINE('',#4225,#4226);
#4225 = CARTESIAN_POINT('',(0.25,0.4,0.));
#4226 = VECTOR('',#4227,1.);
#4227 = DIRECTION('',(0.,0.,1.));
#4228 = ORIENTED_EDGE('',*,*,#4229,.T.);
#4229 = EDGE_CURVE('',#4222,#4199,#4230,.T.);
#4230 = CIRCLE('',#4231,0.25);
#4231 = AXIS2_PLACEMENT_3D('',#4232,#4233,#4234);
#4232 = CARTESIAN_POINT('',(0.25,0.65,0.4));
#4233 = DIRECTION('',(0.,0.,-1.));
#4234 = DIRECTION('',(0.,-1.,0.));
#4235 = ORIENTED_EDGE('',*,*,#4198,.F.);
#4236 = CYLINDRICAL_SURFACE('',#4237,0.25);
#4237 = AXIS2_PLACEMENT_3D('',#4238,#4239,#4240);
#4238 = CARTESIAN_POINT('',(0.25,0.65,0.));
#4239 = DIRECTION('',(0.,0.,1.));
#4240 = DIRECTION('',(1.,0.,-0.));
#4241 = ADVANCED_FACE('',(#4242),#4260,.T.);
#4242 = FACE_BOUND('',#4243,.F.);
#4243 = EDGE_LOOP('',(#4244,#4252,#4258,#4259));
#4244 = ORIENTED_EDGE('',*,*,#4245,.F.);
#4245 = EDGE_CURVE('',#4246,#4096,#4248,.T.);
#4246 = VERTEX_POINT('',#4247);
#4247 = CARTESIAN_POINT('',(1.665,0.4,0.4));
#4248 = LINE('',#4249,#4250);
#4249 = CARTESIAN_POINT('',(1.665,0.4,0.4));
#4250 = VECTOR('',#4251,1.);
#4251 = DIRECTION('',(0.,0.,-1.));
#4252 = ORIENTED_EDGE('',*,*,#4253,.T.);
#4253 = EDGE_CURVE('',#4246,#4222,#4254,.T.);
#4254 = LINE('',#4255,#4256);
#4255 = CARTESIAN_POINT('',(1.665,0.4,0.4));
#4256 = VECTOR('',#4257,1.);
#4257 = DIRECTION('',(-1.,0.,0.));
#4258 = ORIENTED_EDGE('',*,*,#4221,.F.);
#4259 = ORIENTED_EDGE('',*,*,#4103,.F.);
#4260 = PLANE('',#4261);
#4261 = AXIS2_PLACEMENT_3D('',#4262,#4263,#4264);
#4262 = CARTESIAN_POINT('',(1.965,0.4,0.));
#4263 = DIRECTION('',(0.,1.,0.));
#4264 = DIRECTION('',(-1.,0.,0.));
#4265 = ADVANCED_FACE('',(#4266),#4291,.T.);
#4266 = FACE_BOUND('',#4267,.F.);
#4267 = EDGE_LOOP('',(#4268,#4269,#4277,#4285));
#4268 = ORIENTED_EDGE('',*,*,#4245,.T.);
#4269 = ORIENTED_EDGE('',*,*,#4270,.F.);
#4270 = EDGE_CURVE('',#4271,#4096,#4273,.T.);
#4271 = VERTEX_POINT('',#4272);
#4272 = CARTESIAN_POINT('',(1.965,0.3,0.1));
#4273 = LINE('',#4274,#4275);
#4274 = CARTESIAN_POINT('',(1.965,0.3,0.1));
#4275 = VECTOR('',#4276,1.);
#4276 = DIRECTION('',(-0.904534033733,0.301511344578,-0.301511344578));
#4277 = ORIENTED_EDGE('',*,*,#4278,.F.);
#4278 = EDGE_CURVE('',#4279,#4271,#4281,.T.);
#4279 = VERTEX_POINT('',#4280);
#4280 = CARTESIAN_POINT('',(1.965,0.3,0.3));
#4281 = LINE('',#4282,#4283);
#4282 = CARTESIAN_POINT('',(1.965,0.3,0.3));
#4283 = VECTOR('',#4284,1.);
#4284 = DIRECTION('',(0.,0.,-1.));
#4285 = ORIENTED_EDGE('',*,*,#4286,.F.);
#4286 = EDGE_CURVE('',#4246,#4279,#4287,.T.);
#4287 = LINE('',#4288,#4289);
#4288 = CARTESIAN_POINT('',(1.665,0.4,0.4));
#4289 = VECTOR('',#4290,1.);
#4290 = DIRECTION('',(0.904534033733,-0.301511344578,-0.301511344578));
#4291 = PLANE('',#4292);
#4292 = AXIS2_PLACEMENT_3D('',#4293,#4294,#4295);
#4293 = CARTESIAN_POINT('',(1.815,0.35,0.2));
#4294 = DIRECTION('',(0.316227766017,0.948683298051,0.));
#4295 = DIRECTION('',(0.948683298051,-0.316227766017,0.));
#4296 = ADVANCED_FACE('',(#4297),#4315,.T.);
#4297 = FACE_BOUND('',#4298,.F.);
#4298 = EDGE_LOOP('',(#4299,#4300,#4308,#4314));
#4299 = ORIENTED_EDGE('',*,*,#4095,.T.);
#4300 = ORIENTED_EDGE('',*,*,#4301,.F.);
#4301 = EDGE_CURVE('',#4302,#4088,#4304,.T.);
#4302 = VERTEX_POINT('',#4303);
#4303 = CARTESIAN_POINT('',(1.965,0.1,0.1));
#4304 = LINE('',#4305,#4306);
#4305 = CARTESIAN_POINT('',(1.965,0.1,0.1));
#4306 = VECTOR('',#4307,1.);
#4307 = DIRECTION('',(-0.904534033733,-0.301511344578,-0.301511344578));
#4308 = ORIENTED_EDGE('',*,*,#4309,.F.);
#4309 = EDGE_CURVE('',#4271,#4302,#4310,.T.);
#4310 = LINE('',#4311,#4312);
#4311 = CARTESIAN_POINT('',(1.965,0.3,0.1));
#4312 = VECTOR('',#4313,1.);
#4313 = DIRECTION('',(0.,-1.,0.));
#4314 = ORIENTED_EDGE('',*,*,#4270,.T.);
#4315 = PLANE('',#4316);
#4316 = AXIS2_PLACEMENT_3D('',#4317,#4318,#4319);
#4317 = CARTESIAN_POINT('',(1.815,0.2,5.E-02));
#4318 = DIRECTION('',(0.316227766017,0.,-0.948683298051));
#4319 = DIRECTION('',(0.948683298051,0.,0.316227766017));
#4320 = ADVANCED_FACE('',(#4321),#4346,.T.);
#4321 = FACE_BOUND('',#4322,.F.);
#4322 = EDGE_LOOP('',(#4323,#4331,#4339,#4345));
#4323 = ORIENTED_EDGE('',*,*,#4324,.F.);
#4324 = EDGE_CURVE('',#4325,#4088,#4327,.T.);
#4325 = VERTEX_POINT('',#4326);
#4326 = CARTESIAN_POINT('',(1.665,0.,0.4));
#4327 = LINE('',#4328,#4329);
#4328 = CARTESIAN_POINT('',(1.665,0.,0.4));
#4329 = VECTOR('',#4330,1.);
#4330 = DIRECTION('',(0.,0.,-1.));
#4331 = ORIENTED_EDGE('',*,*,#4332,.F.);
#4332 = EDGE_CURVE('',#4333,#4325,#4335,.T.);
#4333 = VERTEX_POINT('',#4334);
#4334 = CARTESIAN_POINT('',(1.965,0.1,0.3));
#4335 = LINE('',#4336,#4337);
#4336 = CARTESIAN_POINT('',(1.965,0.1,0.3));
#4337 = VECTOR('',#4338,1.);
#4338 = DIRECTION('',(-0.904534033733,-0.301511344578,0.301511344578));
#4339 = ORIENTED_EDGE('',*,*,#4340,.T.);
#4340 = EDGE_CURVE('',#4333,#4302,#4341,.T.);
#4341 = LINE('',#4342,#4343);
#4342 = CARTESIAN_POINT('',(1.965,0.1,0.3));
#4343 = VECTOR('',#4344,1.);
#4344 = DIRECTION('',(0.,0.,-1.));
#4345 = ORIENTED_EDGE('',*,*,#4301,.T.);
#4346 = PLANE('',#4347);
#4347 = AXIS2_PLACEMENT_3D('',#4348,#4349,#4350);
#4348 = CARTESIAN_POINT('',(1.815,5.E-02,0.2));
#4349 = DIRECTION('',(0.316227766017,-0.948683298051,0.));
#4350 = DIRECTION('',(-0.948683298051,-0.316227766017,0.));
#4351 = ADVANCED_FACE('',(#4352),#4370,.T.);
#4352 = FACE_BOUND('',#4353,.F.);
#4353 = EDGE_LOOP('',(#4354,#4355,#4356,#4364));
#4354 = ORIENTED_EDGE('',*,*,#4324,.T.);
#4355 = ORIENTED_EDGE('',*,*,#4087,.F.);
#4356 = ORIENTED_EDGE('',*,*,#4357,.T.);
#4357 = EDGE_CURVE('',#4079,#4358,#4360,.T.);
#4358 = VERTEX_POINT('',#4359);
#4359 = CARTESIAN_POINT('',(5.E-02,0.,0.4));
#4360 = LINE('',#4361,#4362);
#4361 = CARTESIAN_POINT('',(5.E-02,0.,0.));
#4362 = VECTOR('',#4363,1.);
#4363 = DIRECTION('',(0.,0.,1.));
#4364 = ORIENTED_EDGE('',*,*,#4365,.T.);
#4365 = EDGE_CURVE('',#4358,#4325,#4366,.T.);
#4366 = LINE('',#4367,#4368);
#4367 = CARTESIAN_POINT('',(5.E-02,0.,0.4));
#4368 = VECTOR('',#4369,1.);
#4369 = DIRECTION('',(1.,0.,0.));
#4370 = PLANE('',#4371);
#4371 = AXIS2_PLACEMENT_3D('',#4372,#4373,#4374);
#4372 = CARTESIAN_POINT('',(5.E-02,0.,0.));
#4373 = DIRECTION('',(0.,-1.,0.));
#4374 = DIRECTION('',(1.,0.,0.));
#4375 = ADVANCED_FACE('',(#4376),#4395,.T.);
#4376 = FACE_BOUND('',#4377,.T.);
#4377 = EDGE_LOOP('',(#4378,#4379,#4388,#4394));
#4378 = ORIENTED_EDGE('',*,*,#4357,.T.);
#4379 = ORIENTED_EDGE('',*,*,#4380,.F.);
#4380 = EDGE_CURVE('',#4381,#4358,#4383,.T.);
#4381 = VERTEX_POINT('',#4382);
#4382 = CARTESIAN_POINT('',(-0.4,0.45,0.4));
#4383 = CIRCLE('',#4384,0.45);
#4384 = AXIS2_PLACEMENT_3D('',#4385,#4386,#4387);
#4385 = CARTESIAN_POINT('',(5.E-02,0.45,0.4));
#4386 = DIRECTION('',(0.,0.,1.));
#4387 = DIRECTION('',(-1.,0.,0.));
#4388 = ORIENTED_EDGE('',*,*,#4389,.F.);
#4389 = EDGE_CURVE('',#4071,#4381,#4390,.T.);
#4390 = LINE('',#4391,#4392);
#4391 = CARTESIAN_POINT('',(-0.4,0.45,0.));
#4392 = VECTOR('',#4393,1.);
#4393 = DIRECTION('',(0.,0.,1.));
#4394 = ORIENTED_EDGE('',*,*,#4078,.T.);
#4395 = CYLINDRICAL_SURFACE('',#4396,0.45);
#4396 = AXIS2_PLACEMENT_3D('',#4397,#4398,#4399);
#4397 = CARTESIAN_POINT('',(5.E-02,0.45,0.));
#4398 = DIRECTION('',(0.,0.,1.));
#4399 = DIRECTION('',(1.,0.,-0.));
#4400 = ADVANCED_FACE('',(#4401),#4419,.T.);
#4401 = FACE_BOUND('',#4402,.F.);
#4402 = EDGE_LOOP('',(#4403,#4411,#4417,#4418));
#4403 = ORIENTED_EDGE('',*,*,#4404,.F.);
#4404 = EDGE_CURVE('',#4405,#4061,#4407,.T.);
#4405 = VERTEX_POINT('',#4406);
#4406 = CARTESIAN_POINT('',(-0.4,4.63,0.4));
#4407 = LINE('',#4408,#4409);
#4408 = CARTESIAN_POINT('',(-0.4,4.63,0.4));
#4409 = VECTOR('',#4410,1.);
#4410 = DIRECTION('',(0.,0.,-1.));
#4411 = ORIENTED_EDGE('',*,*,#4412,.T.);
#4412 = EDGE_CURVE('',#4405,#4381,#4413,.T.);
#4413 = LINE('',#4414,#4415);
#4414 = CARTESIAN_POINT('',(-0.4,4.63,0.4));
#4415 = VECTOR('',#4416,1.);
#4416 = DIRECTION('',(0.,-1.,0.));
#4417 = ORIENTED_EDGE('',*,*,#4389,.F.);
#4418 = ORIENTED_EDGE('',*,*,#4070,.F.);
#4419 = PLANE('',#4420);
#4420 = AXIS2_PLACEMENT_3D('',#4421,#4422,#4423);
#4421 = CARTESIAN_POINT('',(-0.4,4.93,0.));
#4422 = DIRECTION('',(-1.,0.,0.));
#4423 = DIRECTION('',(0.,-1.,0.));
#4424 = ADVANCED_FACE('',(#4425),#4443,.T.);
#4425 = FACE_BOUND('',#4426,.F.);
#4426 = EDGE_LOOP('',(#4427,#4428,#4429,#4437));
#4427 = ORIENTED_EDGE('',*,*,#4404,.T.);
#4428 = ORIENTED_EDGE('',*,*,#4151,.F.);
#4429 = ORIENTED_EDGE('',*,*,#4430,.F.);
#4430 = EDGE_CURVE('',#4431,#4144,#4433,.T.);
#4431 = VERTEX_POINT('',#4432);
#4432 = CARTESIAN_POINT('',(-0.3,4.93,0.3));
#4433 = LINE('',#4434,#4435);
#4434 = CARTESIAN_POINT('',(-0.3,4.93,0.3));
#4435 = VECTOR('',#4436,1.);
#4436 = DIRECTION('',(0.,0.,-1.));
#4437 = ORIENTED_EDGE('',*,*,#4438,.T.);
#4438 = EDGE_CURVE('',#4431,#4405,#4439,.T.);
#4439 = LINE('',#4440,#4441);
#4440 = CARTESIAN_POINT('',(-0.3,4.93,0.3));
#4441 = VECTOR('',#4442,1.);
#4442 = DIRECTION('',(-0.301511344578,-0.904534033733,0.301511344578));
#4443 = PLANE('',#4444);
#4444 = AXIS2_PLACEMENT_3D('',#4445,#4446,#4447);
#4445 = CARTESIAN_POINT('',(-0.35,4.78,0.2));
#4446 = DIRECTION('',(-0.948683298051,0.316227766017,0.));
#4447 = DIRECTION('',(0.316227766017,0.948683298051,0.));
#4448 = ADVANCED_FACE('',(#4449),#4460,.T.);
#4449 = FACE_BOUND('',#4450,.F.);
#4450 = EDGE_LOOP('',(#4451,#4452,#4453,#4454));
#4451 = ORIENTED_EDGE('',*,*,#4430,.T.);
#4452 = ORIENTED_EDGE('',*,*,#4143,.T.);
#4453 = ORIENTED_EDGE('',*,*,#4181,.F.);
#4454 = ORIENTED_EDGE('',*,*,#4455,.T.);
#4455 = EDGE_CURVE('',#4174,#4431,#4456,.T.);
#4456 = LINE('',#4457,#4458);
#4457 = CARTESIAN_POINT('',(-0.1,4.93,0.3));
#4458 = VECTOR('',#4459,1.);
#4459 = DIRECTION('',(-1.,0.,0.));
#4460 = PLANE('',#4461);
#4461 = AXIS2_PLACEMENT_3D('',#4462,#4463,#4464);
#4462 = CARTESIAN_POINT('',(0.,4.93,0.));
#4463 = DIRECTION('',(0.,1.,0.));
#4464 = DIRECTION('',(-1.,0.,0.));
#4465 = ADVANCED_FACE('',(#4466),#4477,.T.);
#4466 = FACE_BOUND('',#4467,.F.);
#4467 = EDGE_LOOP('',(#4468,#4469,#4470,#4476));
#4468 = ORIENTED_EDGE('',*,*,#4455,.F.);
#4469 = ORIENTED_EDGE('',*,*,#4173,.T.);
#4470 = ORIENTED_EDGE('',*,*,#4471,.T.);
#4471 = EDGE_CURVE('',#4166,#4405,#4472,.T.);
#4472 = LINE('',#4473,#4474);
#4473 = CARTESIAN_POINT('',(0.,4.63,0.4));
#4474 = VECTOR('',#4475,1.);
#4475 = DIRECTION('',(-1.,0.,0.));
#4476 = ORIENTED_EDGE('',*,*,#4438,.F.);
#4477 = PLANE('',#4478);
#4478 = AXIS2_PLACEMENT_3D('',#4479,#4480,#4481);
#4479 = CARTESIAN_POINT('',(-0.2,4.78,0.35));
#4480 = DIRECTION('',(0.,0.316227766017,0.948683298051));
#4481 = DIRECTION('',(0.,0.948683298051,-0.316227766017));
#4482 = ADVANCED_FACE('',(#4483),#4498,.T.);
#4483 = FACE_BOUND('',#4484,.F.);
#4484 = EDGE_LOOP('',(#4485,#4486,#4487,#4488,#4489,#4495,#4496,#4497));
#4485 = ORIENTED_EDGE('',*,*,#4471,.F.);
#4486 = ORIENTED_EDGE('',*,*,#4206,.F.);
#4487 = ORIENTED_EDGE('',*,*,#4229,.F.);
#4488 = ORIENTED_EDGE('',*,*,#4253,.F.);
#4489 = ORIENTED_EDGE('',*,*,#4490,.F.);
#4490 = EDGE_CURVE('',#4325,#4246,#4491,.T.);
#4491 = LINE('',#4492,#4493);
#4492 = CARTESIAN_POINT('',(1.665,0.,0.4));
#4493 = VECTOR('',#4494,1.);
#4494 = DIRECTION('',(0.,1.,0.));
#4495 = ORIENTED_EDGE('',*,*,#4365,.F.);
#4496 = ORIENTED_EDGE('',*,*,#4380,.F.);
#4497 = ORIENTED_EDGE('',*,*,#4412,.F.);
#4498 = PLANE('',#4499);
#4499 = AXIS2_PLACEMENT_3D('',#4500,#4501,#4502);
#4500 = CARTESIAN_POINT('',(0.,0.,0.4));
#4501 = DIRECTION('',(0.,0.,1.));
#4502 = DIRECTION('',(1.,0.,-0.));
#4503 = ADVANCED_FACE('',(#4504),#4515,.T.);
#4504 = FACE_BOUND('',#4505,.F.);
#4505 = EDGE_LOOP('',(#4506,#4512,#4513,#4514));
#4506 = ORIENTED_EDGE('',*,*,#4507,.F.);
#4507 = EDGE_CURVE('',#4333,#4279,#4508,.T.);
#4508 = LINE('',#4509,#4510);
#4509 = CARTESIAN_POINT('',(1.965,0.1,0.3));
#4510 = VECTOR('',#4511,1.);
#4511 = DIRECTION('',(0.,1.,0.));
#4512 = ORIENTED_EDGE('',*,*,#4332,.T.);
#4513 = ORIENTED_EDGE('',*,*,#4490,.T.);
#4514 = ORIENTED_EDGE('',*,*,#4286,.T.);
#4515 = PLANE('',#4516);
#4516 = AXIS2_PLACEMENT_3D('',#4517,#4518,#4519);
#4517 = CARTESIAN_POINT('',(1.815,0.2,0.35));
#4518 = DIRECTION('',(0.316227766017,0.,0.948683298051));
#4519 = DIRECTION('',(0.948683298051,0.,-0.316227766017));
#4520 = ADVANCED_FACE('',(#4521),#4527,.T.);
#4521 = FACE_BOUND('',#4522,.F.);
#4522 = EDGE_LOOP('',(#4523,#4524,#4525,#4526));
#4523 = ORIENTED_EDGE('',*,*,#4507,.T.);
#4524 = ORIENTED_EDGE('',*,*,#4278,.T.);
#4525 = ORIENTED_EDGE('',*,*,#4309,.T.);
#4526 = ORIENTED_EDGE('',*,*,#4340,.F.);
#4527 = PLANE('',#4528);
#4528 = AXIS2_PLACEMENT_3D('',#4529,#4530,#4531);
#4529 = CARTESIAN_POINT('',(1.965,0.,0.));
#4530 = DIRECTION('',(1.,0.,0.));
#4531 = DIRECTION('',(-0.,1.,0.));
#4532 = ( GEOMETRIC_REPRESENTATION_CONTEXT(3) 
GLOBAL_UNCERTAINTY_ASSIGNED_CONTEXT((#4536)) 
GLOBAL_UNIT_ASSIGNED_CONTEXT((#4533,#4534,#4535)) REPRESENTATION_CONTEXT
('Context #1','3D Context with UNIT and UNCERTAINTY') );
#4533 = ( LENGTH_UNIT() NAMED_UNIT(*) SI_UNIT(.MILLI.,.METRE.) );
#4534 = ( NAMED_UNIT(*) PLANE_ANGLE_UNIT() SI_UNIT($,.RADIAN.) );
#4535 = ( NAMED_UNIT(*) SI_UNIT($,.STERADIAN.) SOLID_ANGLE_UNIT() );
#4536 = UNCERTAINTY_MEASURE_WITH_UNIT(LENGTH_MEASURE(1.E-07),#4533,
  'distance_accuracy_value','confusion accuracy');
#4537 = CONTEXT_DEPENDENT_SHAPE_REPRESENTATION(#4538,#4540);
#4538 = ( REPRESENTATION_RELATIONSHIP('','',#4053,#10) 
REPRESENTATION_RELATIONSHIP_WITH_TRANSFORMATION(#4539) 
SHAPE_REPRESENTATION_RELATIONSHIP() );
#4539 = ITEM_DEFINED_TRANSFORMATION('','',#11,#19);
#4540 = PRODUCT_DEFINITION_SHAPE('Placement','Placement of an item',
  #4541);
#4541 = NEXT_ASSEMBLY_USAGE_OCCURRENCE('2','2195SM-PIN','',#5,#4048,$);
#4542 = PRODUCT_RELATED_PRODUCT_CATEGORY('part',$,(#4050));
#4543 = CONTEXT_DEPENDENT_SHAPE_REPRESENTATION(#4544,#4546);
#4544 = ( REPRESENTATION_RELATIONSHIP('','',#4053,#10) 
REPRESENTATION_RELATIONSHIP_WITH_TRANSFORMATION(#4545) 
SHAPE_REPRESENTATION_RELATIONSHIP() );
#4545 = ITEM_DEFINED_TRANSFORMATION('','',#11,#23);
#4546 = PRODUCT_DEFINITION_SHAPE('Placement','Placement of an item',
  #4547);
#4547 = NEXT_ASSEMBLY_USAGE_OCCURRENCE('3','2195SM-PIN001','',#5,#4048,$
  );
#4548 = CONTEXT_DEPENDENT_SHAPE_REPRESENTATION(#4549,#4551);
#4549 = ( REPRESENTATION_RELATIONSHIP('','',#4053,#10) 
REPRESENTATION_RELATIONSHIP_WITH_TRANSFORMATION(#4550) 
SHAPE_REPRESENTATION_RELATIONSHIP() );
#4550 = ITEM_DEFINED_TRANSFORMATION('','',#11,#27);
#4551 = PRODUCT_DEFINITION_SHAPE('Placement','Placement of an item',
  #4552);
#4552 = NEXT_ASSEMBLY_USAGE_OCCURRENCE('4','2195SM-PIN002','',#5,#4048,$
  );
#4553 = CONTEXT_DEPENDENT_SHAPE_REPRESENTATION(#4554,#4556);
#4554 = ( REPRESENTATION_RELATIONSHIP('','',#4053,#10) 
REPRESENTATION_RELATIONSHIP_WITH_TRANSFORMATION(#4555) 
SHAPE_REPRESENTATION_RELATIONSHIP() );
#4555 = ITEM_DEFINED_TRANSFORMATION('','',#11,#31);
#4556 = PRODUCT_DEFINITION_SHAPE('Placement','Placement of an item',
  #4557);
#4557 = NEXT_ASSEMBLY_USAGE_OCCURRENCE('5','2195SM-PIN003','',#5,#4048,$
  );
#4558 = CONTEXT_DEPENDENT_SHAPE_REPRESENTATION(#4559,#4561);
#4559 = ( REPRESENTATION_RELATIONSHIP('','',#4053,#10) 
REPRESENTATION_RELATIONSHIP_WITH_TRANSFORMATION(#4560) 
SHAPE_REPRESENTATION_RELATIONSHIP() );
#4560 = ITEM_DEFINED_TRANSFORMATION('','',#11,#35);
#4561 = PRODUCT_DEFINITION_SHAPE('Placement','Placement of an item',
  #4562);
#4562 = NEXT_ASSEMBLY_USAGE_OCCURRENCE('6','2195SM-PIN004','',#5,#4048,$
  );
#4563 = CONTEXT_DEPENDENT_SHAPE_REPRESENTATION(#4564,#4566);
#4564 = ( REPRESENTATION_RELATIONSHIP('','',#4053,#10) 
REPRESENTATION_RELATIONSHIP_WITH_TRANSFORMATION(#4565) 
SHAPE_REPRESENTATION_RELATIONSHIP() );
#4565 = ITEM_DEFINED_TRANSFORMATION('','',#11,#39);
#4566 = PRODUCT_DEFINITION_SHAPE('Placement','Placement of an item',
  #4567);
#4567 = NEXT_ASSEMBLY_USAGE_OCCURRENCE('7','2195SM-PIN005','',#5,#4048,$
  );
#4568 = CONTEXT_DEPENDENT_SHAPE_REPRESENTATION(#4569,#4571);
#4569 = ( REPRESENTATION_RELATIONSHIP('','',#4053,#10) 
REPRESENTATION_RELATIONSHIP_WITH_TRANSFORMATION(#4570) 
SHAPE_REPRESENTATION_RELATIONSHIP() );
#4570 = ITEM_DEFINED_TRANSFORMATION('','',#11,#43);
#4571 = PRODUCT_DEFINITION_SHAPE('Placement','Placement of an item',
  #4572);
#4572 = NEXT_ASSEMBLY_USAGE_OCCURRENCE('8','2195SM-PIN006','',#5,#4048,$
  );
#4573 = CONTEXT_DEPENDENT_SHAPE_REPRESENTATION(#4574,#4576);
#4574 = ( REPRESENTATION_RELATIONSHIP('','',#4053,#10) 
REPRESENTATION_RELATIONSHIP_WITH_TRANSFORMATION(#4575) 
SHAPE_REPRESENTATION_RELATIONSHIP() );
#4575 = ITEM_DEFINED_TRANSFORMATION('','',#11,#47);
#4576 = PRODUCT_DEFINITION_SHAPE('Placement','Placement of an item',
  #4577);
#4577 = NEXT_ASSEMBLY_USAGE_OCCURRENCE('9','2195SM-PIN007','',#5,#4048,$
  );
#4578 = CONTEXT_DEPENDENT_SHAPE_REPRESENTATION(#4579,#4581);
#4579 = ( REPRESENTATION_RELATIONSHIP('','',#4053,#10) 
REPRESENTATION_RELATIONSHIP_WITH_TRANSFORMATION(#4580) 
SHAPE_REPRESENTATION_RELATIONSHIP() );
#4580 = ITEM_DEFINED_TRANSFORMATION('','',#11,#51);
#4581 = PRODUCT_DEFINITION_SHAPE('Placement','Placement of an item',
  #4582);
#4582 = NEXT_ASSEMBLY_USAGE_OCCURRENCE('10','2195SM-PIN008','',#5,#4048,
  $);
#4583 = CONTEXT_DEPENDENT_SHAPE_REPRESENTATION(#4584,#4586);
#4584 = ( REPRESENTATION_RELATIONSHIP('','',#4053,#10) 
REPRESENTATION_RELATIONSHIP_WITH_TRANSFORMATION(#4585) 
SHAPE_REPRESENTATION_RELATIONSHIP() );
#4585 = ITEM_DEFINED_TRANSFORMATION('','',#11,#55);
#4586 = PRODUCT_DEFINITION_SHAPE('Placement','Placement of an item',
  #4587);
#4587 = NEXT_ASSEMBLY_USAGE_OCCURRENCE('11','2195SM-PIN009','',#5,#4048,
  $);
#4588 = SHAPE_DEFINITION_REPRESENTATION(#4546,#4589);
#4589 = SHAPE_REPRESENTATION('',(#23),#4532);
#4590 = SHAPE_DEFINITION_REPRESENTATION(#4551,#4591);
#4591 = SHAPE_REPRESENTATION('',(#27),#4532);
#4592 = SHAPE_DEFINITION_REPRESENTATION(#4556,#4593);
#4593 = SHAPE_REPRESENTATION('',(#31),#4532);
#4594 = SHAPE_DEFINITION_REPRESENTATION(#4561,#4595);
#4595 = SHAPE_REPRESENTATION('',(#35),#4532);
#4596 = SHAPE_DEFINITION_REPRESENTATION(#4566,#4597);
#4597 = SHAPE_REPRESENTATION('',(#39),#4532);
#4598 = SHAPE_DEFINITION_REPRESENTATION(#4571,#4599);
#4599 = SHAPE_REPRESENTATION('',(#43),#4532);
#4600 = SHAPE_DEFINITION_REPRESENTATION(#4576,#4601);
#4601 = SHAPE_REPRESENTATION('',(#47),#4532);
#4602 = SHAPE_DEFINITION_REPRESENTATION(#4581,#4603);
#4603 = SHAPE_REPRESENTATION('',(#51),#4532);
#4604 = SHAPE_DEFINITION_REPRESENTATION(#4586,#4605);
#4605 = SHAPE_REPRESENTATION('',(#55),#4532);
#4606 = SHAPE_DEFINITION_REPRESENTATION(#4546,#4607);
#4607 = SHAPE_REPRESENTATION('',(#23),#4532);
#4608 = SHAPE_DEFINITION_REPRESENTATION(#4551,#4609);
#4609 = SHAPE_REPRESENTATION('',(#27),#4532);
#4610 = SHAPE_DEFINITION_REPRESENTATION(#4556,#4611);
#4611 = SHAPE_REPRESENTATION('',(#31),#4532);
#4612 = SHAPE_DEFINITION_REPRESENTATION(#4561,#4613);
#4613 = SHAPE_REPRESENTATION('',(#35),#4532);
#4614 = SHAPE_DEFINITION_REPRESENTATION(#4566,#4615);
#4615 = SHAPE_REPRESENTATION('',(#39),#4532);
#4616 = SHAPE_DEFINITION_REPRESENTATION(#4571,#4617);
#4617 = SHAPE_REPRESENTATION('',(#43),#4532);
#4618 = SHAPE_DEFINITION_REPRESENTATION(#4576,#4619);
#4619 = SHAPE_REPRESENTATION('',(#47),#4532);
#4620 = SHAPE_DEFINITION_REPRESENTATION(#4581,#4621);
#4621 = SHAPE_REPRESENTATION('',(#51),#4532);
#4622 = SHAPE_DEFINITION_REPRESENTATION(#4586,#4623);
#4623 = SHAPE_REPRESENTATION('',(#55),#4532);
#4624 = MECHANICAL_DESIGN_GEOMETRIC_PRESENTATION_REPRESENTATION('',(
    #4625),#4035);
#4625 = STYLED_ITEM('color',(#4626),#73);
#4626 = PRESENTATION_STYLE_ASSIGNMENT((#4627,#4633));
#4627 = SURFACE_STYLE_USAGE(.BOTH.,#4628);
#4628 = SURFACE_SIDE_STYLE('',(#4629));
#4629 = SURFACE_STYLE_FILL_AREA(#4630);
#4630 = FILL_AREA_STYLE('',(#4631));
#4631 = FILL_AREA_STYLE_COLOUR('',#4632);
#4632 = COLOUR_RGB('',0.203921572143,0.203921572143,0.203921572143);
#4633 = CURVE_STYLE('',#4634,POSITIVE_LENGTH_MEASURE(0.1),#4635);
#4634 = DRAUGHTING_PRE_DEFINED_CURVE_FONT('continuous');
#4635 = COLOUR_RGB('',9.803921802644E-02,9.803921802644E-02,
  9.803921802644E-02);
#4636 = MECHANICAL_DESIGN_GEOMETRIC_PRESENTATION_REPRESENTATION('',(
    #4637,#4647,#4656,#4665,#4674,#4683,#4692,#4701,#4710,#4719,#4728,
    #4739,#4748,#4757,#4766,#4775,#4784,#4793,#4802),#4532);
#4637 = STYLED_ITEM('color',(#4638),#4054);
#4638 = PRESENTATION_STYLE_ASSIGNMENT((#4639,#4645));
#4639 = SURFACE_STYLE_USAGE(.BOTH.,#4640);
#4640 = SURFACE_SIDE_STYLE('',(#4641));
#4641 = SURFACE_STYLE_FILL_AREA(#4642);
#4642 = FILL_AREA_STYLE('',(#4643));
#4643 = FILL_AREA_STYLE_COLOUR('',#4644);
#4644 = COLOUR_RGB('',0.784313732475,0.784313732475,0.784313732475);
#4645 = CURVE_STYLE('',#4646,POSITIVE_LENGTH_MEASURE(0.1),#4635);
#4646 = DRAUGHTING_PRE_DEFINED_CURVE_FONT('continuous');
#4647 = OVER_RIDING_STYLED_ITEM('overriding color',(#4648),#4054,#4637);
#4648 = PRESENTATION_STYLE_BY_CONTEXT((#4649,#4654),#4589);
#4649 = SURFACE_STYLE_USAGE(.BOTH.,#4650);
#4650 = SURFACE_SIDE_STYLE('',(#4651));
#4651 = SURFACE_STYLE_FILL_AREA(#4652);
#4652 = FILL_AREA_STYLE('',(#4653));
#4653 = FILL_AREA_STYLE_COLOUR('',#4644);
#4654 = CURVE_STYLE('',#4655,POSITIVE_LENGTH_MEASURE(0.1),#4635);
#4655 = DRAUGHTING_PRE_DEFINED_CURVE_FONT('continuous');
#4656 = OVER_RIDING_STYLED_ITEM('overriding color',(#4657),#4054,#4637);
#4657 = PRESENTATION_STYLE_BY_CONTEXT((#4658,#4663),#4591);
#4658 = SURFACE_STYLE_USAGE(.BOTH.,#4659);
#4659 = SURFACE_SIDE_STYLE('',(#4660));
#4660 = SURFACE_STYLE_FILL_AREA(#4661);
#4661 = FILL_AREA_STYLE('',(#4662));
#4662 = FILL_AREA_STYLE_COLOUR('',#4644);
#4663 = CURVE_STYLE('',#4664,POSITIVE_LENGTH_MEASURE(0.1),#4635);
#4664 = DRAUGHTING_PRE_DEFINED_CURVE_FONT('continuous');
#4665 = OVER_RIDING_STYLED_ITEM('overriding color',(#4666),#4054,#4637);
#4666 = PRESENTATION_STYLE_BY_CONTEXT((#4667,#4672),#4593);
#4667 = SURFACE_STYLE_USAGE(.BOTH.,#4668);
#4668 = SURFACE_SIDE_STYLE('',(#4669));
#4669 = SURFACE_STYLE_FILL_AREA(#4670);
#4670 = FILL_AREA_STYLE('',(#4671));
#4671 = FILL_AREA_STYLE_COLOUR('',#4644);
#4672 = CURVE_STYLE('',#4673,POSITIVE_LENGTH_MEASURE(0.1),#4635);
#4673 = DRAUGHTING_PRE_DEFINED_CURVE_FONT('continuous');
#4674 = OVER_RIDING_STYLED_ITEM('overriding color',(#4675),#4054,#4637);
#4675 = PRESENTATION_STYLE_BY_CONTEXT((#4676,#4681),#4595);
#4676 = SURFACE_STYLE_USAGE(.BOTH.,#4677);
#4677 = SURFACE_SIDE_STYLE('',(#4678));
#4678 = SURFACE_STYLE_FILL_AREA(#4679);
#4679 = FILL_AREA_STYLE('',(#4680));
#4680 = FILL_AREA_STYLE_COLOUR('',#4644);
#4681 = CURVE_STYLE('',#4682,POSITIVE_LENGTH_MEASURE(0.1),#4635);
#4682 = DRAUGHTING_PRE_DEFINED_CURVE_FONT('continuous');
#4683 = OVER_RIDING_STYLED_ITEM('overriding color',(#4684),#4054,#4637);
#4684 = PRESENTATION_STYLE_BY_CONTEXT((#4685,#4690),#4597);
#4685 = SURFACE_STYLE_USAGE(.BOTH.,#4686);
#4686 = SURFACE_SIDE_STYLE('',(#4687));
#4687 = SURFACE_STYLE_FILL_AREA(#4688);
#4688 = FILL_AREA_STYLE('',(#4689));
#4689 = FILL_AREA_STYLE_COLOUR('',#4644);
#4690 = CURVE_STYLE('',#4691,POSITIVE_LENGTH_MEASURE(0.1),#4635);
#4691 = DRAUGHTING_PRE_DEFINED_CURVE_FONT('continuous');
#4692 = OVER_RIDING_STYLED_ITEM('overriding color',(#4693),#4054,#4637);
#4693 = PRESENTATION_STYLE_BY_CONTEXT((#4694,#4699),#4599);
#4694 = SURFACE_STYLE_USAGE(.BOTH.,#4695);
#4695 = SURFACE_SIDE_STYLE('',(#4696));
#4696 = SURFACE_STYLE_FILL_AREA(#4697);
#4697 = FILL_AREA_STYLE('',(#4698));
#4698 = FILL_AREA_STYLE_COLOUR('',#4644);
#4699 = CURVE_STYLE('',#4700,POSITIVE_LENGTH_MEASURE(0.1),#4635);
#4700 = DRAUGHTING_PRE_DEFINED_CURVE_FONT('continuous');
#4701 = OVER_RIDING_STYLED_ITEM('overriding color',(#4702),#4054,#4637);
#4702 = PRESENTATION_STYLE_BY_CONTEXT((#4703,#4708),#4601);
#4703 = SURFACE_STYLE_USAGE(.BOTH.,#4704);
#4704 = SURFACE_SIDE_STYLE('',(#4705));
#4705 = SURFACE_STYLE_FILL_AREA(#4706);
#4706 = FILL_AREA_STYLE('',(#4707));
#4707 = FILL_AREA_STYLE_COLOUR('',#4644);
#4708 = CURVE_STYLE('',#4709,POSITIVE_LENGTH_MEASURE(0.1),#4635);
#4709 = DRAUGHTING_PRE_DEFINED_CURVE_FONT('continuous');
#4710 = OVER_RIDING_STYLED_ITEM('overriding color',(#4711),#4054,#4637);
#4711 = PRESENTATION_STYLE_BY_CONTEXT((#4712,#4717),#4603);
#4712 = SURFACE_STYLE_USAGE(.BOTH.,#4713);
#4713 = SURFACE_SIDE_STYLE('',(#4714));
#4714 = SURFACE_STYLE_FILL_AREA(#4715);
#4715 = FILL_AREA_STYLE('',(#4716));
#4716 = FILL_AREA_STYLE_COLOUR('',#4644);
#4717 = CURVE_STYLE('',#4718,POSITIVE_LENGTH_MEASURE(0.1),#4635);
#4718 = DRAUGHTING_PRE_DEFINED_CURVE_FONT('continuous');
#4719 = OVER_RIDING_STYLED_ITEM('overriding color',(#4720),#4054,#4637);
#4720 = PRESENTATION_STYLE_BY_CONTEXT((#4721,#4726),#4605);
#4721 = SURFACE_STYLE_USAGE(.BOTH.,#4722);
#4722 = SURFACE_SIDE_STYLE('',(#4723));
#4723 = SURFACE_STYLE_FILL_AREA(#4724);
#4724 = FILL_AREA_STYLE('',(#4725));
#4725 = FILL_AREA_STYLE_COLOUR('',#4644);
#4726 = CURVE_STYLE('',#4727,POSITIVE_LENGTH_MEASURE(0.1),#4635);
#4727 = DRAUGHTING_PRE_DEFINED_CURVE_FONT('continuous');
#4728 = OVER_RIDING_STYLED_ITEM('overriding color',(#4729),#4054,#4637);
#4729 = PRESENTATION_STYLE_BY_CONTEXT((#4730,#4736),#4607);
#4730 = SURFACE_STYLE_USAGE(.BOTH.,#4731);
#4731 = SURFACE_SIDE_STYLE('',(#4732));
#4732 = SURFACE_STYLE_FILL_AREA(#4733);
#4733 = FILL_AREA_STYLE('',(#4734));
#4734 = FILL_AREA_STYLE_COLOUR('',#4735);
#4735 = COLOUR_RGB('',0.784313732475,0.784313732475,0.784313732475);
#4736 = CURVE_STYLE('',#4737,POSITIVE_LENGTH_MEASURE(0.1),#4738);
#4737 = DRAUGHTING_PRE_DEFINED_CURVE_FONT('continuous');
#4738 = COLOUR_RGB('',9.803921802644E-02,9.803921802644E-02,
  9.803921802644E-02);
#4739 = OVER_RIDING_STYLED_ITEM('overriding color',(#4740),#4054,#4637);
#4740 = PRESENTATION_STYLE_BY_CONTEXT((#4741,#4746),#4609);
#4741 = SURFACE_STYLE_USAGE(.BOTH.,#4742);
#4742 = SURFACE_SIDE_STYLE('',(#4743));
#4743 = SURFACE_STYLE_FILL_AREA(#4744);
#4744 = FILL_AREA_STYLE('',(#4745));
#4745 = FILL_AREA_STYLE_COLOUR('',#4735);
#4746 = CURVE_STYLE('',#4747,POSITIVE_LENGTH_MEASURE(0.1),#4738);
#4747 = DRAUGHTING_PRE_DEFINED_CURVE_FONT('continuous');
#4748 = OVER_RIDING_STYLED_ITEM('overriding color',(#4749),#4054,#4637);
#4749 = PRESENTATION_STYLE_BY_CONTEXT((#4750,#4755),#4611);
#4750 = SURFACE_STYLE_USAGE(.BOTH.,#4751);
#4751 = SURFACE_SIDE_STYLE('',(#4752));
#4752 = SURFACE_STYLE_FILL_AREA(#4753);
#4753 = FILL_AREA_STYLE('',(#4754));
#4754 = FILL_AREA_STYLE_COLOUR('',#4735);
#4755 = CURVE_STYLE('',#4756,POSITIVE_LENGTH_MEASURE(0.1),#4738);
#4756 = DRAUGHTING_PRE_DEFINED_CURVE_FONT('continuous');
#4757 = OVER_RIDING_STYLED_ITEM('overriding color',(#4758),#4054,#4637);
#4758 = PRESENTATION_STYLE_BY_CONTEXT((#4759,#4764),#4613);
#4759 = SURFACE_STYLE_USAGE(.BOTH.,#4760);
#4760 = SURFACE_SIDE_STYLE('',(#4761));
#4761 = SURFACE_STYLE_FILL_AREA(#4762);
#4762 = FILL_AREA_STYLE('',(#4763));
#4763 = FILL_AREA_STYLE_COLOUR('',#4735);
#4764 = CURVE_STYLE('',#4765,POSITIVE_LENGTH_MEASURE(0.1),#4738);
#4765 = DRAUGHTING_PRE_DEFINED_CURVE_FONT('continuous');
#4766 = OVER_RIDING_STYLED_ITEM('overriding color',(#4767),#4054,#4637);
#4767 = PRESENTATION_STYLE_BY_CONTEXT((#4768,#4773),#4615);
#4768 = SURFACE_STYLE_USAGE(.BOTH.,#4769);
#4769 = SURFACE_SIDE_STYLE('',(#4770));
#4770 = SURFACE_STYLE_FILL_AREA(#4771);
#4771 = FILL_AREA_STYLE('',(#4772));
#4772 = FILL_AREA_STYLE_COLOUR('',#4735);
#4773 = CURVE_STYLE('',#4774,POSITIVE_LENGTH_MEASURE(0.1),#4738);
#4774 = DRAUGHTING_PRE_DEFINED_CURVE_FONT('continuous');
#4775 = OVER_RIDING_STYLED_ITEM('overriding color',(#4776),#4054,#4637);
#4776 = PRESENTATION_STYLE_BY_CONTEXT((#4777,#4782),#4617);
#4777 = SURFACE_STYLE_USAGE(.BOTH.,#4778);
#4778 = SURFACE_SIDE_STYLE('',(#4779));
#4779 = SURFACE_STYLE_FILL_AREA(#4780);
#4780 = FILL_AREA_STYLE('',(#4781));
#4781 = FILL_AREA_STYLE_COLOUR('',#4735);
#4782 = CURVE_STYLE('',#4783,POSITIVE_LENGTH_MEASURE(0.1),#4738);
#4783 = DRAUGHTING_PRE_DEFINED_CURVE_FONT('continuous');
#4784 = OVER_RIDING_STYLED_ITEM('overriding color',(#4785),#4054,#4637);
#4785 = PRESENTATION_STYLE_BY_CONTEXT((#4786,#4791),#4619);
#4786 = SURFACE_STYLE_USAGE(.BOTH.,#4787);
#4787 = SURFACE_SIDE_STYLE('',(#4788));
#4788 = SURFACE_STYLE_FILL_AREA(#4789);
#4789 = FILL_AREA_STYLE('',(#4790));
#4790 = FILL_AREA_STYLE_COLOUR('',#4735);
#4791 = CURVE_STYLE('',#4792,POSITIVE_LENGTH_MEASURE(0.1),#4738);
#4792 = DRAUGHTING_PRE_DEFINED_CURVE_FONT('continuous');
#4793 = OVER_RIDING_STYLED_ITEM('overriding color',(#4794),#4054,#4637);
#4794 = PRESENTATION_STYLE_BY_CONTEXT((#4795,#4800),#4621);
#4795 = SURFACE_STYLE_USAGE(.BOTH.,#4796);
#4796 = SURFACE_SIDE_STYLE('',(#4797));
#4797 = SURFACE_STYLE_FILL_AREA(#4798);
#4798 = FILL_AREA_STYLE('',(#4799));
#4799 = FILL_AREA_STYLE_COLOUR('',#4735);
#4800 = CURVE_STYLE('',#4801,POSITIVE_LENGTH_MEASURE(0.1),#4738);
#4801 = DRAUGHTING_PRE_DEFINED_CURVE_FONT('continuous');
#4802 = OVER_RIDING_STYLED_ITEM('overriding color',(#4803),#4054,#4637);
#4803 = PRESENTATION_STYLE_BY_CONTEXT((#4804,#4809),#4623);
#4804 = SURFACE_STYLE_USAGE(.BOTH.,#4805);
#4805 = SURFACE_SIDE_STYLE('',(#4806));
#4806 = SURFACE_STYLE_FILL_AREA(#4807);
#4807 = FILL_AREA_STYLE('',(#4808));
#4808 = FILL_AREA_STYLE_COLOUR('',#4735);
#4809 = CURVE_STYLE('',#4810,POSITIVE_LENGTH_MEASURE(0.1),#4738);
#4810 = DRAUGHTING_PRE_DEFINED_CURVE_FONT('continuous');
ENDSEC;
END-ISO-10303-21;
