ISO-10303-21;
HEADER;
/* Generated by software containing ST-Developer
 * from STEP Tools, Inc. (www.steptools.com) 
 */

FILE_DESCRIPTION(
/* description */ (''),
/* implementation_level */ '2;1');

FILE_NAME(
/* name */ 'VL53L9CX.step',
/* time_stamp */ '2026-06-11T12:31:47+02:00',
/* author */ (''),
/* organization */ (''),
/* preprocessor_version */ 'ST-DEVELOPER v20.1',
/* originating_system */ 'Autodesk Translation Framework v15.8.0.0',
/* authorisation */ '');

FILE_SCHEMA (('AUTOMOTIVE_DESIGN { 1 0 10303 214 3 1 1 }'));
ENDSEC;

DATA;
#10=MECHANICAL_DESIGN_GEOMETRIC_PRESENTATION_REPRESENTATION('',(#60,#61,
#62,#63,#64,#65,#66,#67,#68,#69,#70,#71,#72,#73,#74,#75,#76,#77,#78,#79,
#80,#81,#82,#83,#84,#85,#86,#87,#88,#89,#90,#91,#92,#93,#94,#95,#96,#97,
#98,#99,#100,#101,#102,#103,#104,#105,#106,#107,#108,#109,#110),#13069);
#11=SHAPE_REPRESENTATION_RELATIONSHIP('SRR','None',#13076,#12);
#12=ADVANCED_BREP_SHAPE_REPRESENTATION('',(#13,#14,#15,#16,#17,#18,#19,
#20,#21,#22,#23,#24,#25,#26,#27,#28,#29,#30,#31,#32,#33,#34,#35,#36,#37,
#38,#39,#40,#41,#42,#43,#44,#45,#46,#47,#48,#49,#50,#51,#52,#53,#54,#55,
#56,#57,#58,#59),#13068);
#13=MANIFOLD_SOLID_BREP('Body1',#7825);
#14=MANIFOLD_SOLID_BREP('Body2',#7826);
#15=MANIFOLD_SOLID_BREP('Body3',#7827);
#16=MANIFOLD_SOLID_BREP('Body4',#7828);
#17=MANIFOLD_SOLID_BREP('Body5',#7829);
#18=MANIFOLD_SOLID_BREP('Body6',#7830);
#19=MANIFOLD_SOLID_BREP('Body7',#7831);
#20=MANIFOLD_SOLID_BREP('Body8',#7832);
#21=MANIFOLD_SOLID_BREP('Body9',#7833);
#22=MANIFOLD_SOLID_BREP('Body10',#7834);
#23=MANIFOLD_SOLID_BREP('Body12',#7835);
#24=MANIFOLD_SOLID_BREP('Body13',#7836);
#25=MANIFOLD_SOLID_BREP('Body14',#7837);
#26=MANIFOLD_SOLID_BREP('Body15',#7838);
#27=MANIFOLD_SOLID_BREP('Body16',#7839);
#28=MANIFOLD_SOLID_BREP('Body17',#7840);
#29=MANIFOLD_SOLID_BREP('Body18',#7841);
#30=MANIFOLD_SOLID_BREP('Body19',#7842);
#31=MANIFOLD_SOLID_BREP('Body20',#7843);
#32=MANIFOLD_SOLID_BREP('Body22',#7844);
#33=MANIFOLD_SOLID_BREP('Body23',#7845);
#34=MANIFOLD_SOLID_BREP('Body24',#7846);
#35=MANIFOLD_SOLID_BREP('Body25',#7847);
#36=MANIFOLD_SOLID_BREP('Body26',#7848);
#37=MANIFOLD_SOLID_BREP('Body27',#7849);
#38=MANIFOLD_SOLID_BREP('Body28',#7850);
#39=MANIFOLD_SOLID_BREP('Body29',#7851);
#40=MANIFOLD_SOLID_BREP('Body30',#7852);
#41=MANIFOLD_SOLID_BREP('Body31',#7853);
#42=MANIFOLD_SOLID_BREP('Body32',#7854);
#43=MANIFOLD_SOLID_BREP('Body33',#7855);
#44=MANIFOLD_SOLID_BREP('Body34',#7856);
#45=MANIFOLD_SOLID_BREP('Body35',#7857);
#46=MANIFOLD_SOLID_BREP('Body36',#7858);
#47=MANIFOLD_SOLID_BREP('Body37',#7859);
#48=MANIFOLD_SOLID_BREP('Body38',#7860);
#49=MANIFOLD_SOLID_BREP('Body39',#7861);
#50=MANIFOLD_SOLID_BREP('Body40',#7862);
#51=MANIFOLD_SOLID_BREP('Body41',#7863);
#52=MANIFOLD_SOLID_BREP('Body42',#7864);
#53=MANIFOLD_SOLID_BREP('Body43',#7865);
#54=MANIFOLD_SOLID_BREP('Body44',#7866);
#55=MANIFOLD_SOLID_BREP('Body45',#7867);
#56=MANIFOLD_SOLID_BREP('Body46',#7868);
#57=MANIFOLD_SOLID_BREP('Body47',#7869);
#58=MANIFOLD_SOLID_BREP('Body48',#7870);
#59=MANIFOLD_SOLID_BREP('Body49',#7871);
#60=STYLED_ITEM('',(#13087),#7482);
#61=STYLED_ITEM('',(#13088),#7528);
#62=STYLED_ITEM('',(#13086),#13);
#63=STYLED_ITEM('',(#13090),#7549);
#64=STYLED_ITEM('',(#13090),#7550);
#65=STYLED_ITEM('',(#13089),#14);
#66=STYLED_ITEM('',(#13091),#15);
#67=STYLED_ITEM('',(#13091),#16);
#68=STYLED_ITEM('',(#13091),#17);
#69=STYLED_ITEM('',(#13091),#18);
#70=STYLED_ITEM('',(#13091),#19);
#71=STYLED_ITEM('',(#13091),#20);
#72=STYLED_ITEM('',(#13091),#21);
#73=STYLED_ITEM('',(#13091),#22);
#74=STYLED_ITEM('',(#13091),#23);
#75=STYLED_ITEM('',(#13091),#24);
#76=STYLED_ITEM('',(#13091),#25);
#77=STYLED_ITEM('',(#13091),#26);
#78=STYLED_ITEM('',(#13091),#27);
#79=STYLED_ITEM('',(#13091),#28);
#80=STYLED_ITEM('',(#13091),#29);
#81=STYLED_ITEM('',(#13091),#30);
#82=STYLED_ITEM('',(#13091),#31);
#83=STYLED_ITEM('',(#13091),#32);
#84=STYLED_ITEM('',(#13091),#33);
#85=STYLED_ITEM('',(#13091),#34);
#86=STYLED_ITEM('',(#13091),#35);
#87=STYLED_ITEM('',(#13091),#36);
#88=STYLED_ITEM('',(#13091),#37);
#89=STYLED_ITEM('',(#13091),#38);
#90=STYLED_ITEM('',(#13091),#39);
#91=STYLED_ITEM('',(#13091),#40);
#92=STYLED_ITEM('',(#13091),#41);
#93=STYLED_ITEM('',(#13091),#42);
#94=STYLED_ITEM('',(#13091),#43);
#95=STYLED_ITEM('',(#13091),#44);
#96=STYLED_ITEM('',(#13091),#45);
#97=STYLED_ITEM('',(#13091),#46);
#98=STYLED_ITEM('',(#13091),#47);
#99=STYLED_ITEM('',(#13091),#48);
#100=STYLED_ITEM('',(#13091),#49);
#101=STYLED_ITEM('',(#13091),#50);
#102=STYLED_ITEM('',(#13091),#51);
#103=STYLED_ITEM('',(#13091),#52);
#104=STYLED_ITEM('',(#13091),#53);
#105=STYLED_ITEM('',(#13091),#54);
#106=STYLED_ITEM('',(#13091),#55);
#107=STYLED_ITEM('',(#13091),#56);
#108=STYLED_ITEM('',(#13091),#57);
#109=STYLED_ITEM('',(#13091),#58);
#110=STYLED_ITEM('',(#13091),#59);
#111=ELLIPSE('',#7949,0.0707106781186548,0.05);
#112=ELLIPSE('',#7950,0.0707106781186548,0.05);
#113=ELLIPSE('',#7951,0.0707106781186539,0.05);
#114=ELLIPSE('',#7954,0.0707106781186546,0.05);
#115=ELLIPSE('',#7956,0.0707106781186556,0.05);
#116=ELLIPSE('',#7957,0.0707106781186548,0.05);
#117=ELLIPSE('',#8038,0.0707106781186548,0.05);
#118=ELLIPSE('',#8039,0.0707106781186548,0.05);
#119=ELLIPSE('',#8041,0.0707106781186548,0.05);
#120=ELLIPSE('',#8042,0.0707106781186548,0.05);
#121=ELLIPSE('',#8048,0.0500171396245434,0.05);
#122=ELLIPSE('',#8050,0.0707106781186549,0.05);
#123=ELLIPSE('',#8055,0.0707106781186547,0.05);
#124=ELLIPSE('',#8056,0.0500171396245434,0.05);
#125=ELLIPSE('',#8058,0.0707106781186548,0.05);
#126=ELLIPSE('',#8060,0.0500171396245434,0.05);
#127=ELLIPSE('',#8062,0.0707106781186548,0.05);
#128=ELLIPSE('',#8067,0.0707106781186548,0.05);
#129=ELLIPSE('',#8068,0.0500171396245434,0.05);
#130=ELLIPSE('',#8071,0.0500171396245434,0.05);
#131=ELLIPSE('',#8073,0.0500171396245434,0.05);
#132=ELLIPSE('',#8075,0.0707106781186548,0.05);
#133=ELLIPSE('',#8080,0.0707106781186548,0.05);
#134=ELLIPSE('',#8081,0.0500171396245434,0.05);
#135=ELLIPSE('',#8083,0.0500171396245434,0.05);
#136=ELLIPSE('',#8085,0.0707106781186548,0.05);
#137=ELLIPSE('',#8087,0.0500171396245434,0.05);
#138=ELLIPSE('',#8089,0.0707106781186548,0.05);
#139=ELLIPSE('',#8100,0.0707106781186548,0.05);
#140=ELLIPSE('',#8101,0.0500171396245434,0.05);
#141=ELLIPSE('',#8107,0.0707106781186548,0.05);
#142=ELLIPSE('',#8109,0.0707106781186548,0.05);
#143=ELLIPSE('',#8112,0.0707106781186547,0.05);
#144=ELLIPSE('',#8124,0.0707106781186548,0.05);
#145=FACE_BOUND('',#1146,.T.);
#146=FACE_BOUND('',#1177,.T.);
#147=FACE_BOUND('',#1178,.T.);
#148=FACE_BOUND('',#1179,.T.);
#149=FACE_BOUND('',#1239,.T.);
#150=FACE_BOUND('',#1241,.T.);
#151=FACE_BOUND('',#1243,.T.);
#152=FACE_BOUND('',#1245,.T.);
#153=FACE_BOUND('',#1247,.T.);
#154=FACE_BOUND('',#1261,.T.);
#155=FACE_BOUND('',#1262,.T.);
#156=FACE_BOUND('',#1286,.T.);
#157=FACE_BOUND('',#1287,.T.);
#158=FACE_BOUND('',#1288,.T.);
#159=FACE_BOUND('',#1296,.T.);
#160=FACE_BOUND('',#1343,.T.);
#161=FACE_BOUND('',#1351,.T.);
#162=FACE_BOUND('',#1353,.T.);
#163=FACE_BOUND('',#1360,.T.);
#164=FACE_BOUND('',#1362,.T.);
#165=TOROIDAL_SURFACE('',#7916,0.25,0.05);
#166=TOROIDAL_SURFACE('',#7922,0.25,0.05);
#167=TOROIDAL_SURFACE('',#7928,0.25,0.05);
#168=TOROIDAL_SURFACE('',#7934,0.25,0.05);
#169=TOROIDAL_SURFACE('',#7959,0.2,0.05);
#170=TOROIDAL_SURFACE('',#7964,0.2,0.05);
#171=TOROIDAL_SURFACE('',#7969,0.2,0.05);
#172=TOROIDAL_SURFACE('',#7974,0.2,0.05);
#173=TOROIDAL_SURFACE('',#7985,0.25,0.05);
#174=TOROIDAL_SURFACE('',#7992,0.25,0.05);
#175=TOROIDAL_SURFACE('',#7998,0.249999999999999,0.05);
#176=TOROIDAL_SURFACE('',#8004,0.25,0.05);
#177=TOROIDAL_SURFACE('',#8051,0.45,0.05);
#178=TOROIDAL_SURFACE('',#8063,0.4,0.05);
#179=TOROIDAL_SURFACE('',#8076,0.225,0.05);
#180=TOROIDAL_SURFACE('',#8090,0.225,0.05);
#181=TOROIDAL_SURFACE('',#8096,0.4,0.05);
#182=TOROIDAL_SURFACE('',#8113,0.15,0.05);
#183=TOROIDAL_SURFACE('',#8118,0.15,0.05);
#184=TOROIDAL_SURFACE('',#8125,0.3,0.05);
#185=TOROIDAL_SURFACE('',#8130,0.299999999999999,0.05);
#186=TOROIDAL_SURFACE('',#8135,0.3,0.05);
#187=TOROIDAL_SURFACE('',#8140,0.3,0.05);
#188=TOROIDAL_SURFACE('',#8144,0.15,0.05);
#189=TOROIDAL_SURFACE('',#8149,0.15,0.05);
#190=TOROIDAL_SURFACE('',#8238,0.309474291783743,0.05);
#191=TOROIDAL_SURFACE('',#8243,0.309474291783743,0.05);
#192=TOROIDAL_SURFACE('',#8248,0.240525708216254,0.05);
#193=TOROIDAL_SURFACE('',#8252,0.240525708216253,0.05);
#194=TOROIDAL_SURFACE('',#8257,0.309474291783744,0.05);
#195=TOROIDAL_SURFACE('',#8262,0.309474291783745,0.05);
#196=TOROIDAL_SURFACE('',#8267,0.240525708216251,0.05);
#197=TOROIDAL_SURFACE('',#8269,0.240525708216253,0.05);
#198=CYLINDRICAL_SURFACE('',#7893,0.3);
#199=CYLINDRICAL_SURFACE('',#7897,0.3);
#200=CYLINDRICAL_SURFACE('',#7901,0.3);
#201=CYLINDRICAL_SURFACE('',#7905,0.3);
#202=CYLINDRICAL_SURFACE('',#7909,0.3);
#203=CYLINDRICAL_SURFACE('',#7913,0.05);
#204=CYLINDRICAL_SURFACE('',#7920,0.05);
#205=CYLINDRICAL_SURFACE('',#7926,0.05);
#206=CYLINDRICAL_SURFACE('',#7932,0.05);
#207=CYLINDRICAL_SURFACE('',#7937,0.2);
#208=CYLINDRICAL_SURFACE('',#7940,0.2);
#209=CYLINDRICAL_SURFACE('',#7948,0.05);
#210=CYLINDRICAL_SURFACE('',#7952,0.05);
#211=CYLINDRICAL_SURFACE('',#7955,0.05);
#212=CYLINDRICAL_SURFACE('',#7958,0.05);
#213=CYLINDRICAL_SURFACE('',#7962,0.05);
#214=CYLINDRICAL_SURFACE('',#7967,0.05);
#215=CYLINDRICAL_SURFACE('',#7972,0.05);
#216=CYLINDRICAL_SURFACE('',#7977,0.05);
#217=CYLINDRICAL_SURFACE('',#7979,0.25);
#218=CYLINDRICAL_SURFACE('',#7982,0.25);
#219=CYLINDRICAL_SURFACE('',#7990,0.05);
#220=CYLINDRICAL_SURFACE('',#7996,0.05);
#221=CYLINDRICAL_SURFACE('',#8002,0.05);
#222=CYLINDRICAL_SURFACE('',#8008,0.05);
#223=CYLINDRICAL_SURFACE('',#8010,0.2);
#224=CYLINDRICAL_SURFACE('',#8013,0.2);
#225=CYLINDRICAL_SURFACE('',#8037,0.05);
#226=CYLINDRICAL_SURFACE('',#8040,0.05);
#227=CYLINDRICAL_SURFACE('',#8043,0.05);
#228=CYLINDRICAL_SURFACE('',#8044,0.05);
#229=CYLINDRICAL_SURFACE('',#8047,0.05);
#230=CYLINDRICAL_SURFACE('',#8054,0.05);
#231=CYLINDRICAL_SURFACE('',#8057,0.05);
#232=CYLINDRICAL_SURFACE('',#8059,0.05);
#233=CYLINDRICAL_SURFACE('',#8066,0.05);
#234=CYLINDRICAL_SURFACE('',#8069,0.05);
#235=CYLINDRICAL_SURFACE('',#8072,0.05);
#236=CYLINDRICAL_SURFACE('',#8079,0.05);
#237=CYLINDRICAL_SURFACE('',#8084,0.05);
#238=CYLINDRICAL_SURFACE('',#8086,0.05);
#239=CYLINDRICAL_SURFACE('',#8093,0.05);
#240=CYLINDRICAL_SURFACE('',#8094,0.05);
#241=CYLINDRICAL_SURFACE('',#8099,0.05);
#242=CYLINDRICAL_SURFACE('',#8102,0.05);
#243=CYLINDRICAL_SURFACE('',#8105,0.05);
#244=CYLINDRICAL_SURFACE('',#8108,0.05);
#245=CYLINDRICAL_SURFACE('',#8110,0.05);
#246=CYLINDRICAL_SURFACE('',#8116,0.05);
#247=CYLINDRICAL_SURFACE('',#8121,0.05);
#248=CYLINDRICAL_SURFACE('',#8122,0.05);
#249=CYLINDRICAL_SURFACE('',#8128,0.05);
#250=CYLINDRICAL_SURFACE('',#8133,0.05);
#251=CYLINDRICAL_SURFACE('',#8138,0.05);
#252=CYLINDRICAL_SURFACE('',#8143,0.05);
#253=CYLINDRICAL_SURFACE('',#8147,0.05);
#254=CYLINDRICAL_SURFACE('',#8152,0.05);
#255=CYLINDRICAL_SURFACE('',#8155,0.25);
#256=CYLINDRICAL_SURFACE('',#8158,0.25);
#257=CYLINDRICAL_SURFACE('',#8161,0.249999999999999);
#258=CYLINDRICAL_SURFACE('',#8164,0.25);
#259=CYLINDRICAL_SURFACE('',#8177,0.05);
#260=CYLINDRICAL_SURFACE('',#8180,0.05);
#261=CYLINDRICAL_SURFACE('',#8187,0.2);
#262=CYLINDRICAL_SURFACE('',#8190,0.75);
#263=CYLINDRICAL_SURFACE('',#8192,0.75);
#264=CYLINDRICAL_SURFACE('',#8194,0.199999999999999);
#265=CYLINDRICAL_SURFACE('',#8201,0.2);
#266=CYLINDRICAL_SURFACE('',#8204,0.2);
#267=CYLINDRICAL_SURFACE('',#8208,0.25);
#268=CYLINDRICAL_SURFACE('',#8211,0.25);
#269=CYLINDRICAL_SURFACE('',#8214,0.1);
#270=CYLINDRICAL_SURFACE('',#8217,0.1);
#271=CYLINDRICAL_SURFACE('',#8220,0.1);
#272=CYLINDRICAL_SURFACE('',#8225,0.1);
#273=CYLINDRICAL_SURFACE('',#8235,0.05);
#274=CYLINDRICAL_SURFACE('',#8241,0.05);
#275=CYLINDRICAL_SURFACE('',#8246,0.05);
#276=CYLINDRICAL_SURFACE('',#8251,0.05);
#277=CYLINDRICAL_SURFACE('',#8255,0.05);
#278=CYLINDRICAL_SURFACE('',#8260,0.05);
#279=CYLINDRICAL_SURFACE('',#8265,0.05);
#280=CYLINDRICAL_SURFACE('',#8315,0.165686999420279);
#281=CYLINDRICAL_SURFACE('',#8324,0.165686999420279);
#282=PLANE('',#7888);
#283=PLANE('',#7892);
#284=PLANE('',#7896);
#285=PLANE('',#7900);
#286=PLANE('',#7904);
#287=PLANE('',#7908);
#288=PLANE('',#7912);
#289=PLANE('',#7939);
#290=PLANE('',#7942);
#291=PLANE('',#7943);
#292=PLANE('',#7978);
#293=PLANE('',#7981);
#294=PLANE('',#7984);
#295=PLANE('',#8009);
#296=PLANE('',#8012);
#297=PLANE('',#8015);
#298=PLANE('',#8045);
#299=PLANE('',#8046);
#300=PLANE('',#8070);
#301=PLANE('',#8082);
#302=PLANE('',#8104);
#303=PLANE('',#8153);
#304=PLANE('',#8154);
#305=PLANE('',#8157);
#306=PLANE('',#8160);
#307=PLANE('',#8163);
#308=PLANE('',#8166);
#309=PLANE('',#8167);
#310=PLANE('',#8169);
#311=PLANE('',#8171);
#312=PLANE('',#8173);
#313=PLANE('',#8175);
#314=PLANE('',#8176);
#315=PLANE('',#8179);
#316=PLANE('',#8182);
#317=PLANE('',#8184);
#318=PLANE('',#8186);
#319=PLANE('',#8189);
#320=PLANE('',#8196);
#321=PLANE('',#8197);
#322=PLANE('',#8198);
#323=PLANE('',#8199);
#324=PLANE('',#8200);
#325=PLANE('',#8203);
#326=PLANE('',#8206);
#327=PLANE('',#8207);
#328=PLANE('',#8210);
#329=PLANE('',#8213);
#330=PLANE('',#8216);
#331=PLANE('',#8219);
#332=PLANE('',#8222);
#333=PLANE('',#8223);
#334=PLANE('',#8224);
#335=PLANE('',#8227);
#336=PLANE('',#8228);
#337=PLANE('',#8229);
#338=PLANE('',#8230);
#339=PLANE('',#8231);
#340=PLANE('',#8232);
#341=PLANE('',#8233);
#342=PLANE('',#8234);
#343=PLANE('',#8273);
#344=PLANE('',#8276);
#345=PLANE('',#8285);
#346=PLANE('',#8286);
#347=PLANE('',#8289);
#348=PLANE('',#8292);
#349=PLANE('',#8295);
#350=PLANE('',#8302);
#351=PLANE('',#8303);
#352=PLANE('',#8304);
#353=PLANE('',#8305);
#354=PLANE('',#8306);
#355=PLANE('',#8307);
#356=PLANE('',#8308);
#357=PLANE('',#8309);
#358=PLANE('',#8310);
#359=PLANE('',#8311);
#360=PLANE('',#8312);
#361=PLANE('',#8313);
#362=PLANE('',#8314);
#363=PLANE('',#8318);
#364=PLANE('',#8319);
#365=PLANE('',#8320);
#366=PLANE('',#8321);
#367=PLANE('',#8322);
#368=PLANE('',#8323);
#369=PLANE('',#8327);
#370=PLANE('',#8328);
#371=PLANE('',#8329);
#372=PLANE('',#8330);
#373=PLANE('',#8331);
#374=PLANE('',#8332);
#375=PLANE('',#8333);
#376=PLANE('',#8334);
#377=PLANE('',#8335);
#378=PLANE('',#8336);
#379=PLANE('',#8337);
#380=PLANE('',#8338);
#381=PLANE('',#8339);
#382=PLANE('',#8340);
#383=PLANE('',#8341);
#384=PLANE('',#8342);
#385=PLANE('',#8343);
#386=PLANE('',#8344);
#387=PLANE('',#8345);
#388=PLANE('',#8346);
#389=PLANE('',#8347);
#390=PLANE('',#8348);
#391=PLANE('',#8349);
#392=PLANE('',#8350);
#393=PLANE('',#8351);
#394=PLANE('',#8352);
#395=PLANE('',#8353);
#396=PLANE('',#8354);
#397=PLANE('',#8355);
#398=PLANE('',#8356);
#399=PLANE('',#8357);
#400=PLANE('',#8358);
#401=PLANE('',#8359);
#402=PLANE('',#8360);
#403=PLANE('',#8361);
#404=PLANE('',#8362);
#405=PLANE('',#8363);
#406=PLANE('',#8364);
#407=PLANE('',#8365);
#408=PLANE('',#8366);
#409=PLANE('',#8367);
#410=PLANE('',#8368);
#411=PLANE('',#8369);
#412=PLANE('',#8370);
#413=PLANE('',#8371);
#414=PLANE('',#8372);
#415=PLANE('',#8373);
#416=PLANE('',#8374);
#417=PLANE('',#8375);
#418=PLANE('',#8376);
#419=PLANE('',#8377);
#420=PLANE('',#8378);
#421=PLANE('',#8379);
#422=PLANE('',#8380);
#423=PLANE('',#8381);
#424=PLANE('',#8382);
#425=PLANE('',#8383);
#426=PLANE('',#8384);
#427=PLANE('',#8385);
#428=PLANE('',#8386);
#429=PLANE('',#8387);
#430=PLANE('',#8388);
#431=PLANE('',#8389);
#432=PLANE('',#8390);
#433=PLANE('',#8391);
#434=PLANE('',#8392);
#435=PLANE('',#8393);
#436=PLANE('',#8394);
#437=PLANE('',#8395);
#438=PLANE('',#8396);
#439=PLANE('',#8397);
#440=PLANE('',#8398);
#441=PLANE('',#8399);
#442=PLANE('',#8400);
#443=PLANE('',#8401);
#444=PLANE('',#8402);
#445=PLANE('',#8403);
#446=PLANE('',#8404);
#447=PLANE('',#8405);
#448=PLANE('',#8406);
#449=PLANE('',#8407);
#450=PLANE('',#8408);
#451=PLANE('',#8409);
#452=PLANE('',#8410);
#453=PLANE('',#8411);
#454=PLANE('',#8412);
#455=PLANE('',#8413);
#456=PLANE('',#8414);
#457=PLANE('',#8415);
#458=PLANE('',#8416);
#459=PLANE('',#8417);
#460=PLANE('',#8418);
#461=PLANE('',#8419);
#462=PLANE('',#8420);
#463=PLANE('',#8421);
#464=PLANE('',#8422);
#465=PLANE('',#8423);
#466=PLANE('',#8424);
#467=PLANE('',#8425);
#468=PLANE('',#8426);
#469=PLANE('',#8427);
#470=PLANE('',#8428);
#471=PLANE('',#8429);
#472=PLANE('',#8430);
#473=PLANE('',#8431);
#474=PLANE('',#8432);
#475=PLANE('',#8433);
#476=PLANE('',#8434);
#477=PLANE('',#8435);
#478=PLANE('',#8436);
#479=PLANE('',#8437);
#480=PLANE('',#8438);
#481=PLANE('',#8439);
#482=PLANE('',#8440);
#483=PLANE('',#8441);
#484=PLANE('',#8442);
#485=PLANE('',#8443);
#486=PLANE('',#8444);
#487=PLANE('',#8445);
#488=PLANE('',#8446);
#489=PLANE('',#8447);
#490=PLANE('',#8448);
#491=PLANE('',#8449);
#492=PLANE('',#8450);
#493=PLANE('',#8451);
#494=PLANE('',#8452);
#495=PLANE('',#8453);
#496=PLANE('',#8454);
#497=PLANE('',#8455);
#498=PLANE('',#8456);
#499=PLANE('',#8457);
#500=PLANE('',#8458);
#501=PLANE('',#8459);
#502=PLANE('',#8460);
#503=PLANE('',#8461);
#504=PLANE('',#8462);
#505=PLANE('',#8463);
#506=PLANE('',#8464);
#507=PLANE('',#8465);
#508=PLANE('',#8466);
#509=PLANE('',#8467);
#510=PLANE('',#8468);
#511=PLANE('',#8469);
#512=PLANE('',#8470);
#513=PLANE('',#8471);
#514=PLANE('',#8472);
#515=PLANE('',#8473);
#516=PLANE('',#8474);
#517=PLANE('',#8475);
#518=PLANE('',#8476);
#519=PLANE('',#8477);
#520=PLANE('',#8478);
#521=PLANE('',#8479);
#522=PLANE('',#8480);
#523=PLANE('',#8481);
#524=PLANE('',#8482);
#525=PLANE('',#8483);
#526=PLANE('',#8484);
#527=PLANE('',#8485);
#528=PLANE('',#8486);
#529=PLANE('',#8487);
#530=PLANE('',#8488);
#531=PLANE('',#8489);
#532=PLANE('',#8490);
#533=PLANE('',#8491);
#534=PLANE('',#8492);
#535=PLANE('',#8493);
#536=PLANE('',#8494);
#537=PLANE('',#8495);
#538=PLANE('',#8496);
#539=PLANE('',#8497);
#540=PLANE('',#8498);
#541=PLANE('',#8499);
#542=PLANE('',#8500);
#543=PLANE('',#8501);
#544=PLANE('',#8502);
#545=PLANE('',#8503);
#546=PLANE('',#8504);
#547=PLANE('',#8505);
#548=PLANE('',#8506);
#549=PLANE('',#8507);
#550=PLANE('',#8508);
#551=PLANE('',#8509);
#552=PLANE('',#8510);
#553=PLANE('',#8511);
#554=PLANE('',#8512);
#555=PLANE('',#8513);
#556=PLANE('',#8514);
#557=PLANE('',#8515);
#558=PLANE('',#8516);
#559=PLANE('',#8517);
#560=PLANE('',#8518);
#561=PLANE('',#8519);
#562=PLANE('',#8520);
#563=PLANE('',#8521);
#564=PLANE('',#8522);
#565=PLANE('',#8523);
#566=PLANE('',#8524);
#567=PLANE('',#8525);
#568=PLANE('',#8526);
#569=PLANE('',#8527);
#570=PLANE('',#8528);
#571=PLANE('',#8529);
#572=PLANE('',#8530);
#573=PLANE('',#8531);
#574=PLANE('',#8532);
#575=PLANE('',#8533);
#576=PLANE('',#8534);
#577=PLANE('',#8535);
#578=PLANE('',#8536);
#579=PLANE('',#8537);
#580=PLANE('',#8538);
#581=PLANE('',#8539);
#582=PLANE('',#8540);
#583=PLANE('',#8541);
#584=PLANE('',#8542);
#585=PLANE('',#8543);
#586=PLANE('',#8544);
#587=PLANE('',#8545);
#588=PLANE('',#8546);
#589=PLANE('',#8547);
#590=PLANE('',#8548);
#591=PLANE('',#8549);
#592=PLANE('',#8550);
#593=PLANE('',#8551);
#594=PLANE('',#8552);
#595=PLANE('',#8553);
#596=PLANE('',#8554);
#597=PLANE('',#8555);
#598=PLANE('',#8556);
#599=PLANE('',#8557);
#600=PLANE('',#8558);
#601=PLANE('',#8559);
#602=PLANE('',#8560);
#603=PLANE('',#8561);
#604=PLANE('',#8562);
#605=PLANE('',#8563);
#606=PLANE('',#8564);
#607=PLANE('',#8565);
#608=PLANE('',#8566);
#609=PLANE('',#8567);
#610=PLANE('',#8568);
#611=PLANE('',#8569);
#612=PLANE('',#8570);
#613=PLANE('',#8571);
#614=PLANE('',#8572);
#615=PLANE('',#8573);
#616=PLANE('',#8574);
#617=PLANE('',#8575);
#618=PLANE('',#8576);
#619=PLANE('',#8577);
#620=PLANE('',#8578);
#621=PLANE('',#8579);
#622=PLANE('',#8580);
#623=PLANE('',#8581);
#624=PLANE('',#8582);
#625=PLANE('',#8583);
#626=PLANE('',#8584);
#627=PLANE('',#8585);
#628=PLANE('',#8586);
#629=PLANE('',#8587);
#630=PLANE('',#8588);
#631=PLANE('',#8589);
#632=PLANE('',#8590);
#633=PLANE('',#8591);
#634=PLANE('',#8592);
#635=FACE_OUTER_BOUND('',#1119,.T.);
#636=FACE_OUTER_BOUND('',#1120,.T.);
#637=FACE_OUTER_BOUND('',#1121,.T.);
#638=FACE_OUTER_BOUND('',#1122,.T.);
#639=FACE_OUTER_BOUND('',#1123,.T.);
#640=FACE_OUTER_BOUND('',#1124,.T.);
#641=FACE_OUTER_BOUND('',#1125,.T.);
#642=FACE_OUTER_BOUND('',#1126,.T.);
#643=FACE_OUTER_BOUND('',#1127,.T.);
#644=FACE_OUTER_BOUND('',#1128,.T.);
#645=FACE_OUTER_BOUND('',#1129,.T.);
#646=FACE_OUTER_BOUND('',#1130,.T.);
#647=FACE_OUTER_BOUND('',#1131,.T.);
#648=FACE_OUTER_BOUND('',#1132,.T.);
#649=FACE_OUTER_BOUND('',#1133,.T.);
#650=FACE_OUTER_BOUND('',#1134,.T.);
#651=FACE_OUTER_BOUND('',#1135,.T.);
#652=FACE_OUTER_BOUND('',#1136,.T.);
#653=FACE_OUTER_BOUND('',#1137,.T.);
#654=FACE_OUTER_BOUND('',#1138,.T.);
#655=FACE_OUTER_BOUND('',#1139,.T.);
#656=FACE_OUTER_BOUND('',#1140,.T.);
#657=FACE_OUTER_BOUND('',#1141,.T.);
#658=FACE_OUTER_BOUND('',#1142,.T.);
#659=FACE_OUTER_BOUND('',#1143,.T.);
#660=FACE_OUTER_BOUND('',#1144,.T.);
#661=FACE_OUTER_BOUND('',#1145,.T.);
#662=FACE_OUTER_BOUND('',#1147,.T.);
#663=FACE_OUTER_BOUND('',#1148,.T.);
#664=FACE_OUTER_BOUND('',#1149,.T.);
#665=FACE_OUTER_BOUND('',#1150,.T.);
#666=FACE_OUTER_BOUND('',#1151,.T.);
#667=FACE_OUTER_BOUND('',#1152,.T.);
#668=FACE_OUTER_BOUND('',#1153,.T.);
#669=FACE_OUTER_BOUND('',#1154,.T.);
#670=FACE_OUTER_BOUND('',#1155,.T.);
#671=FACE_OUTER_BOUND('',#1156,.T.);
#672=FACE_OUTER_BOUND('',#1157,.T.);
#673=FACE_OUTER_BOUND('',#1158,.T.);
#674=FACE_OUTER_BOUND('',#1159,.T.);
#675=FACE_OUTER_BOUND('',#1160,.T.);
#676=FACE_OUTER_BOUND('',#1161,.T.);
#677=FACE_OUTER_BOUND('',#1162,.T.);
#678=FACE_OUTER_BOUND('',#1163,.T.);
#679=FACE_OUTER_BOUND('',#1164,.T.);
#680=FACE_OUTER_BOUND('',#1165,.T.);
#681=FACE_OUTER_BOUND('',#1166,.T.);
#682=FACE_OUTER_BOUND('',#1167,.T.);
#683=FACE_OUTER_BOUND('',#1168,.T.);
#684=FACE_OUTER_BOUND('',#1169,.T.);
#685=FACE_OUTER_BOUND('',#1170,.T.);
#686=FACE_OUTER_BOUND('',#1171,.T.);
#687=FACE_OUTER_BOUND('',#1172,.T.);
#688=FACE_OUTER_BOUND('',#1173,.T.);
#689=FACE_OUTER_BOUND('',#1174,.T.);
#690=FACE_OUTER_BOUND('',#1175,.T.);
#691=FACE_OUTER_BOUND('',#1176,.T.);
#692=FACE_OUTER_BOUND('',#1180,.T.);
#693=FACE_OUTER_BOUND('',#1181,.T.);
#694=FACE_OUTER_BOUND('',#1182,.T.);
#695=FACE_OUTER_BOUND('',#1183,.T.);
#696=FACE_OUTER_BOUND('',#1184,.T.);
#697=FACE_OUTER_BOUND('',#1185,.T.);
#698=FACE_OUTER_BOUND('',#1186,.T.);
#699=FACE_OUTER_BOUND('',#1187,.T.);
#700=FACE_OUTER_BOUND('',#1188,.T.);
#701=FACE_OUTER_BOUND('',#1189,.T.);
#702=FACE_OUTER_BOUND('',#1190,.T.);
#703=FACE_OUTER_BOUND('',#1191,.T.);
#704=FACE_OUTER_BOUND('',#1192,.T.);
#705=FACE_OUTER_BOUND('',#1193,.T.);
#706=FACE_OUTER_BOUND('',#1194,.T.);
#707=FACE_OUTER_BOUND('',#1195,.T.);
#708=FACE_OUTER_BOUND('',#1196,.T.);
#709=FACE_OUTER_BOUND('',#1197,.T.);
#710=FACE_OUTER_BOUND('',#1198,.T.);
#711=FACE_OUTER_BOUND('',#1199,.T.);
#712=FACE_OUTER_BOUND('',#1200,.T.);
#713=FACE_OUTER_BOUND('',#1201,.T.);
#714=FACE_OUTER_BOUND('',#1202,.T.);
#715=FACE_OUTER_BOUND('',#1203,.T.);
#716=FACE_OUTER_BOUND('',#1204,.T.);
#717=FACE_OUTER_BOUND('',#1205,.T.);
#718=FACE_OUTER_BOUND('',#1206,.T.);
#719=FACE_OUTER_BOUND('',#1207,.T.);
#720=FACE_OUTER_BOUND('',#1208,.T.);
#721=FACE_OUTER_BOUND('',#1209,.T.);
#722=FACE_OUTER_BOUND('',#1210,.T.);
#723=FACE_OUTER_BOUND('',#1211,.T.);
#724=FACE_OUTER_BOUND('',#1212,.T.);
#725=FACE_OUTER_BOUND('',#1213,.T.);
#726=FACE_OUTER_BOUND('',#1214,.T.);
#727=FACE_OUTER_BOUND('',#1215,.T.);
#728=FACE_OUTER_BOUND('',#1216,.T.);
#729=FACE_OUTER_BOUND('',#1217,.T.);
#730=FACE_OUTER_BOUND('',#1218,.T.);
#731=FACE_OUTER_BOUND('',#1219,.T.);
#732=FACE_OUTER_BOUND('',#1220,.T.);
#733=FACE_OUTER_BOUND('',#1221,.T.);
#734=FACE_OUTER_BOUND('',#1222,.T.);
#735=FACE_OUTER_BOUND('',#1223,.T.);
#736=FACE_OUTER_BOUND('',#1224,.T.);
#737=FACE_OUTER_BOUND('',#1225,.T.);
#738=FACE_OUTER_BOUND('',#1226,.T.);
#739=FACE_OUTER_BOUND('',#1227,.T.);
#740=FACE_OUTER_BOUND('',#1228,.T.);
#741=FACE_OUTER_BOUND('',#1229,.T.);
#742=FACE_OUTER_BOUND('',#1230,.T.);
#743=FACE_OUTER_BOUND('',#1231,.T.);
#744=FACE_OUTER_BOUND('',#1232,.T.);
#745=FACE_OUTER_BOUND('',#1233,.T.);
#746=FACE_OUTER_BOUND('',#1234,.T.);
#747=FACE_OUTER_BOUND('',#1235,.T.);
#748=FACE_OUTER_BOUND('',#1236,.T.);
#749=FACE_OUTER_BOUND('',#1237,.T.);
#750=FACE_OUTER_BOUND('',#1238,.T.);
#751=FACE_OUTER_BOUND('',#1240,.T.);
#752=FACE_OUTER_BOUND('',#1242,.T.);
#753=FACE_OUTER_BOUND('',#1244,.T.);
#754=FACE_OUTER_BOUND('',#1246,.T.);
#755=FACE_OUTER_BOUND('',#1248,.T.);
#756=FACE_OUTER_BOUND('',#1249,.T.);
#757=FACE_OUTER_BOUND('',#1250,.T.);
#758=FACE_OUTER_BOUND('',#1251,.T.);
#759=FACE_OUTER_BOUND('',#1252,.T.);
#760=FACE_OUTER_BOUND('',#1253,.T.);
#761=FACE_OUTER_BOUND('',#1254,.T.);
#762=FACE_OUTER_BOUND('',#1255,.T.);
#763=FACE_OUTER_BOUND('',#1256,.T.);
#764=FACE_OUTER_BOUND('',#1257,.T.);
#765=FACE_OUTER_BOUND('',#1258,.T.);
#766=FACE_OUTER_BOUND('',#1259,.T.);
#767=FACE_OUTER_BOUND('',#1260,.T.);
#768=FACE_OUTER_BOUND('',#1263,.T.);
#769=FACE_OUTER_BOUND('',#1264,.T.);
#770=FACE_OUTER_BOUND('',#1265,.T.);
#771=FACE_OUTER_BOUND('',#1266,.T.);
#772=FACE_OUTER_BOUND('',#1267,.T.);
#773=FACE_OUTER_BOUND('',#1268,.T.);
#774=FACE_OUTER_BOUND('',#1269,.T.);
#775=FACE_OUTER_BOUND('',#1270,.T.);
#776=FACE_OUTER_BOUND('',#1271,.T.);
#777=FACE_OUTER_BOUND('',#1272,.T.);
#778=FACE_OUTER_BOUND('',#1273,.T.);
#779=FACE_OUTER_BOUND('',#1274,.T.);
#780=FACE_OUTER_BOUND('',#1275,.T.);
#781=FACE_OUTER_BOUND('',#1276,.T.);
#782=FACE_OUTER_BOUND('',#1277,.T.);
#783=FACE_OUTER_BOUND('',#1278,.T.);
#784=FACE_OUTER_BOUND('',#1279,.T.);
#785=FACE_OUTER_BOUND('',#1280,.T.);
#786=FACE_OUTER_BOUND('',#1281,.T.);
#787=FACE_OUTER_BOUND('',#1282,.T.);
#788=FACE_OUTER_BOUND('',#1283,.T.);
#789=FACE_OUTER_BOUND('',#1284,.T.);
#790=FACE_OUTER_BOUND('',#1285,.T.);
#791=FACE_OUTER_BOUND('',#1289,.T.);
#792=FACE_OUTER_BOUND('',#1290,.T.);
#793=FACE_OUTER_BOUND('',#1291,.T.);
#794=FACE_OUTER_BOUND('',#1292,.T.);
#795=FACE_OUTER_BOUND('',#1293,.T.);
#796=FACE_OUTER_BOUND('',#1294,.T.);
#797=FACE_OUTER_BOUND('',#1295,.T.);
#798=FACE_OUTER_BOUND('',#1297,.T.);
#799=FACE_OUTER_BOUND('',#1298,.T.);
#800=FACE_OUTER_BOUND('',#1299,.T.);
#801=FACE_OUTER_BOUND('',#1300,.T.);
#802=FACE_OUTER_BOUND('',#1301,.T.);
#803=FACE_OUTER_BOUND('',#1302,.T.);
#804=FACE_OUTER_BOUND('',#1303,.T.);
#805=FACE_OUTER_BOUND('',#1304,.T.);
#806=FACE_OUTER_BOUND('',#1305,.T.);
#807=FACE_OUTER_BOUND('',#1306,.T.);
#808=FACE_OUTER_BOUND('',#1307,.T.);
#809=FACE_OUTER_BOUND('',#1308,.T.);
#810=FACE_OUTER_BOUND('',#1309,.T.);
#811=FACE_OUTER_BOUND('',#1310,.T.);
#812=FACE_OUTER_BOUND('',#1311,.T.);
#813=FACE_OUTER_BOUND('',#1312,.T.);
#814=FACE_OUTER_BOUND('',#1313,.T.);
#815=FACE_OUTER_BOUND('',#1314,.T.);
#816=FACE_OUTER_BOUND('',#1315,.T.);
#817=FACE_OUTER_BOUND('',#1316,.T.);
#818=FACE_OUTER_BOUND('',#1317,.T.);
#819=FACE_OUTER_BOUND('',#1318,.T.);
#820=FACE_OUTER_BOUND('',#1319,.T.);
#821=FACE_OUTER_BOUND('',#1320,.T.);
#822=FACE_OUTER_BOUND('',#1321,.T.);
#823=FACE_OUTER_BOUND('',#1322,.T.);
#824=FACE_OUTER_BOUND('',#1323,.T.);
#825=FACE_OUTER_BOUND('',#1324,.T.);
#826=FACE_OUTER_BOUND('',#1325,.T.);
#827=FACE_OUTER_BOUND('',#1326,.T.);
#828=FACE_OUTER_BOUND('',#1327,.T.);
#829=FACE_OUTER_BOUND('',#1328,.T.);
#830=FACE_OUTER_BOUND('',#1329,.T.);
#831=FACE_OUTER_BOUND('',#1330,.T.);
#832=FACE_OUTER_BOUND('',#1331,.T.);
#833=FACE_OUTER_BOUND('',#1332,.T.);
#834=FACE_OUTER_BOUND('',#1333,.T.);
#835=FACE_OUTER_BOUND('',#1334,.T.);
#836=FACE_OUTER_BOUND('',#1335,.T.);
#837=FACE_OUTER_BOUND('',#1336,.T.);
#838=FACE_OUTER_BOUND('',#1337,.T.);
#839=FACE_OUTER_BOUND('',#1338,.T.);
#840=FACE_OUTER_BOUND('',#1339,.T.);
#841=FACE_OUTER_BOUND('',#1340,.T.);
#842=FACE_OUTER_BOUND('',#1341,.T.);
#843=FACE_OUTER_BOUND('',#1342,.T.);
#844=FACE_OUTER_BOUND('',#1344,.T.);
#845=FACE_OUTER_BOUND('',#1345,.T.);
#846=FACE_OUTER_BOUND('',#1346,.T.);
#847=FACE_OUTER_BOUND('',#1347,.T.);
#848=FACE_OUTER_BOUND('',#1348,.T.);
#849=FACE_OUTER_BOUND('',#1349,.T.);
#850=FACE_OUTER_BOUND('',#1350,.T.);
#851=FACE_OUTER_BOUND('',#1352,.T.);
#852=FACE_OUTER_BOUND('',#1354,.T.);
#853=FACE_OUTER_BOUND('',#1355,.T.);
#854=FACE_OUTER_BOUND('',#1356,.T.);
#855=FACE_OUTER_BOUND('',#1357,.T.);
#856=FACE_OUTER_BOUND('',#1358,.T.);
#857=FACE_OUTER_BOUND('',#1359,.T.);
#858=FACE_OUTER_BOUND('',#1361,.T.);
#859=FACE_OUTER_BOUND('',#1363,.T.);
#860=FACE_OUTER_BOUND('',#1364,.T.);
#861=FACE_OUTER_BOUND('',#1365,.T.);
#862=FACE_OUTER_BOUND('',#1366,.T.);
#863=FACE_OUTER_BOUND('',#1367,.T.);
#864=FACE_OUTER_BOUND('',#1368,.T.);
#865=FACE_OUTER_BOUND('',#1369,.T.);
#866=FACE_OUTER_BOUND('',#1370,.T.);
#867=FACE_OUTER_BOUND('',#1371,.T.);
#868=FACE_OUTER_BOUND('',#1372,.T.);
#869=FACE_OUTER_BOUND('',#1373,.T.);
#870=FACE_OUTER_BOUND('',#1374,.T.);
#871=FACE_OUTER_BOUND('',#1375,.T.);
#872=FACE_OUTER_BOUND('',#1376,.T.);
#873=FACE_OUTER_BOUND('',#1377,.T.);
#874=FACE_OUTER_BOUND('',#1378,.T.);
#875=FACE_OUTER_BOUND('',#1379,.T.);
#876=FACE_OUTER_BOUND('',#1380,.T.);
#877=FACE_OUTER_BOUND('',#1381,.T.);
#878=FACE_OUTER_BOUND('',#1382,.T.);
#879=FACE_OUTER_BOUND('',#1383,.T.);
#880=FACE_OUTER_BOUND('',#1384,.T.);
#881=FACE_OUTER_BOUND('',#1385,.T.);
#882=FACE_OUTER_BOUND('',#1386,.T.);
#883=FACE_OUTER_BOUND('',#1387,.T.);
#884=FACE_OUTER_BOUND('',#1388,.T.);
#885=FACE_OUTER_BOUND('',#1389,.T.);
#886=FACE_OUTER_BOUND('',#1390,.T.);
#887=FACE_OUTER_BOUND('',#1391,.T.);
#888=FACE_OUTER_BOUND('',#1392,.T.);
#889=FACE_OUTER_BOUND('',#1393,.T.);
#890=FACE_OUTER_BOUND('',#1394,.T.);
#891=FACE_OUTER_BOUND('',#1395,.T.);
#892=FACE_OUTER_BOUND('',#1396,.T.);
#893=FACE_OUTER_BOUND('',#1397,.T.);
#894=FACE_OUTER_BOUND('',#1398,.T.);
#895=FACE_OUTER_BOUND('',#1399,.T.);
#896=FACE_OUTER_BOUND('',#1400,.T.);
#897=FACE_OUTER_BOUND('',#1401,.T.);
#898=FACE_OUTER_BOUND('',#1402,.T.);
#899=FACE_OUTER_BOUND('',#1403,.T.);
#900=FACE_OUTER_BOUND('',#1404,.T.);
#901=FACE_OUTER_BOUND('',#1405,.T.);
#902=FACE_OUTER_BOUND('',#1406,.T.);
#903=FACE_OUTER_BOUND('',#1407,.T.);
#904=FACE_OUTER_BOUND('',#1408,.T.);
#905=FACE_OUTER_BOUND('',#1409,.T.);
#906=FACE_OUTER_BOUND('',#1410,.T.);
#907=FACE_OUTER_BOUND('',#1411,.T.);
#908=FACE_OUTER_BOUND('',#1412,.T.);
#909=FACE_OUTER_BOUND('',#1413,.T.);
#910=FACE_OUTER_BOUND('',#1414,.T.);
#911=FACE_OUTER_BOUND('',#1415,.T.);
#912=FACE_OUTER_BOUND('',#1416,.T.);
#913=FACE_OUTER_BOUND('',#1417,.T.);
#914=FACE_OUTER_BOUND('',#1418,.T.);
#915=FACE_OUTER_BOUND('',#1419,.T.);
#916=FACE_OUTER_BOUND('',#1420,.T.);
#917=FACE_OUTER_BOUND('',#1421,.T.);
#918=FACE_OUTER_BOUND('',#1422,.T.);
#919=FACE_OUTER_BOUND('',#1423,.T.);
#920=FACE_OUTER_BOUND('',#1424,.T.);
#921=FACE_OUTER_BOUND('',#1425,.T.);
#922=FACE_OUTER_BOUND('',#1426,.T.);
#923=FACE_OUTER_BOUND('',#1427,.T.);
#924=FACE_OUTER_BOUND('',#1428,.T.);
#925=FACE_OUTER_BOUND('',#1429,.T.);
#926=FACE_OUTER_BOUND('',#1430,.T.);
#927=FACE_OUTER_BOUND('',#1431,.T.);
#928=FACE_OUTER_BOUND('',#1432,.T.);
#929=FACE_OUTER_BOUND('',#1433,.T.);
#930=FACE_OUTER_BOUND('',#1434,.T.);
#931=FACE_OUTER_BOUND('',#1435,.T.);
#932=FACE_OUTER_BOUND('',#1436,.T.);
#933=FACE_OUTER_BOUND('',#1437,.T.);
#934=FACE_OUTER_BOUND('',#1438,.T.);
#935=FACE_OUTER_BOUND('',#1439,.T.);
#936=FACE_OUTER_BOUND('',#1440,.T.);
#937=FACE_OUTER_BOUND('',#1441,.T.);
#938=FACE_OUTER_BOUND('',#1442,.T.);
#939=FACE_OUTER_BOUND('',#1443,.T.);
#940=FACE_OUTER_BOUND('',#1444,.T.);
#941=FACE_OUTER_BOUND('',#1445,.T.);
#942=FACE_OUTER_BOUND('',#1446,.T.);
#943=FACE_OUTER_BOUND('',#1447,.T.);
#944=FACE_OUTER_BOUND('',#1448,.T.);
#945=FACE_OUTER_BOUND('',#1449,.T.);
#946=FACE_OUTER_BOUND('',#1450,.T.);
#947=FACE_OUTER_BOUND('',#1451,.T.);
#948=FACE_OUTER_BOUND('',#1452,.T.);
#949=FACE_OUTER_BOUND('',#1453,.T.);
#950=FACE_OUTER_BOUND('',#1454,.T.);
#951=FACE_OUTER_BOUND('',#1455,.T.);
#952=FACE_OUTER_BOUND('',#1456,.T.);
#953=FACE_OUTER_BOUND('',#1457,.T.);
#954=FACE_OUTER_BOUND('',#1458,.T.);
#955=FACE_OUTER_BOUND('',#1459,.T.);
#956=FACE_OUTER_BOUND('',#1460,.T.);
#957=FACE_OUTER_BOUND('',#1461,.T.);
#958=FACE_OUTER_BOUND('',#1462,.T.);
#959=FACE_OUTER_BOUND('',#1463,.T.);
#960=FACE_OUTER_BOUND('',#1464,.T.);
#961=FACE_OUTER_BOUND('',#1465,.T.);
#962=FACE_OUTER_BOUND('',#1466,.T.);
#963=FACE_OUTER_BOUND('',#1467,.T.);
#964=FACE_OUTER_BOUND('',#1468,.T.);
#965=FACE_OUTER_BOUND('',#1469,.T.);
#966=FACE_OUTER_BOUND('',#1470,.T.);
#967=FACE_OUTER_BOUND('',#1471,.T.);
#968=FACE_OUTER_BOUND('',#1472,.T.);
#969=FACE_OUTER_BOUND('',#1473,.T.);
#970=FACE_OUTER_BOUND('',#1474,.T.);
#971=FACE_OUTER_BOUND('',#1475,.T.);
#972=FACE_OUTER_BOUND('',#1476,.T.);
#973=FACE_OUTER_BOUND('',#1477,.T.);
#974=FACE_OUTER_BOUND('',#1478,.T.);
#975=FACE_OUTER_BOUND('',#1479,.T.);
#976=FACE_OUTER_BOUND('',#1480,.T.);
#977=FACE_OUTER_BOUND('',#1481,.T.);
#978=FACE_OUTER_BOUND('',#1482,.T.);
#979=FACE_OUTER_BOUND('',#1483,.T.);
#980=FACE_OUTER_BOUND('',#1484,.T.);
#981=FACE_OUTER_BOUND('',#1485,.T.);
#982=FACE_OUTER_BOUND('',#1486,.T.);
#983=FACE_OUTER_BOUND('',#1487,.T.);
#984=FACE_OUTER_BOUND('',#1488,.T.);
#985=FACE_OUTER_BOUND('',#1489,.T.);
#986=FACE_OUTER_BOUND('',#1490,.T.);
#987=FACE_OUTER_BOUND('',#1491,.T.);
#988=FACE_OUTER_BOUND('',#1492,.T.);
#989=FACE_OUTER_BOUND('',#1493,.T.);
#990=FACE_OUTER_BOUND('',#1494,.T.);
#991=FACE_OUTER_BOUND('',#1495,.T.);
#992=FACE_OUTER_BOUND('',#1496,.T.);
#993=FACE_OUTER_BOUND('',#1497,.T.);
#994=FACE_OUTER_BOUND('',#1498,.T.);
#995=FACE_OUTER_BOUND('',#1499,.T.);
#996=FACE_OUTER_BOUND('',#1500,.T.);
#997=FACE_OUTER_BOUND('',#1501,.T.);
#998=FACE_OUTER_BOUND('',#1502,.T.);
#999=FACE_OUTER_BOUND('',#1503,.T.);
#1000=FACE_OUTER_BOUND('',#1504,.T.);
#1001=FACE_OUTER_BOUND('',#1505,.T.);
#1002=FACE_OUTER_BOUND('',#1506,.T.);
#1003=FACE_OUTER_BOUND('',#1507,.T.);
#1004=FACE_OUTER_BOUND('',#1508,.T.);
#1005=FACE_OUTER_BOUND('',#1509,.T.);
#1006=FACE_OUTER_BOUND('',#1510,.T.);
#1007=FACE_OUTER_BOUND('',#1511,.T.);
#1008=FACE_OUTER_BOUND('',#1512,.T.);
#1009=FACE_OUTER_BOUND('',#1513,.T.);
#1010=FACE_OUTER_BOUND('',#1514,.T.);
#1011=FACE_OUTER_BOUND('',#1515,.T.);
#1012=FACE_OUTER_BOUND('',#1516,.T.);
#1013=FACE_OUTER_BOUND('',#1517,.T.);
#1014=FACE_OUTER_BOUND('',#1518,.T.);
#1015=FACE_OUTER_BOUND('',#1519,.T.);
#1016=FACE_OUTER_BOUND('',#1520,.T.);
#1017=FACE_OUTER_BOUND('',#1521,.T.);
#1018=FACE_OUTER_BOUND('',#1522,.T.);
#1019=FACE_OUTER_BOUND('',#1523,.T.);
#1020=FACE_OUTER_BOUND('',#1524,.T.);
#1021=FACE_OUTER_BOUND('',#1525,.T.);
#1022=FACE_OUTER_BOUND('',#1526,.T.);
#1023=FACE_OUTER_BOUND('',#1527,.T.);
#1024=FACE_OUTER_BOUND('',#1528,.T.);
#1025=FACE_OUTER_BOUND('',#1529,.T.);
#1026=FACE_OUTER_BOUND('',#1530,.T.);
#1027=FACE_OUTER_BOUND('',#1531,.T.);
#1028=FACE_OUTER_BOUND('',#1532,.T.);
#1029=FACE_OUTER_BOUND('',#1533,.T.);
#1030=FACE_OUTER_BOUND('',#1534,.T.);
#1031=FACE_OUTER_BOUND('',#1535,.T.);
#1032=FACE_OUTER_BOUND('',#1536,.T.);
#1033=FACE_OUTER_BOUND('',#1537,.T.);
#1034=FACE_OUTER_BOUND('',#1538,.T.);
#1035=FACE_OUTER_BOUND('',#1539,.T.);
#1036=FACE_OUTER_BOUND('',#1540,.T.);
#1037=FACE_OUTER_BOUND('',#1541,.T.);
#1038=FACE_OUTER_BOUND('',#1542,.T.);
#1039=FACE_OUTER_BOUND('',#1543,.T.);
#1040=FACE_OUTER_BOUND('',#1544,.T.);
#1041=FACE_OUTER_BOUND('',#1545,.T.);
#1042=FACE_OUTER_BOUND('',#1546,.T.);
#1043=FACE_OUTER_BOUND('',#1547,.T.);
#1044=FACE_OUTER_BOUND('',#1548,.T.);
#1045=FACE_OUTER_BOUND('',#1549,.T.);
#1046=FACE_OUTER_BOUND('',#1550,.T.);
#1047=FACE_OUTER_BOUND('',#1551,.T.);
#1048=FACE_OUTER_BOUND('',#1552,.T.);
#1049=FACE_OUTER_BOUND('',#1553,.T.);
#1050=FACE_OUTER_BOUND('',#1554,.T.);
#1051=FACE_OUTER_BOUND('',#1555,.T.);
#1052=FACE_OUTER_BOUND('',#1556,.T.);
#1053=FACE_OUTER_BOUND('',#1557,.T.);
#1054=FACE_OUTER_BOUND('',#1558,.T.);
#1055=FACE_OUTER_BOUND('',#1559,.T.);
#1056=FACE_OUTER_BOUND('',#1560,.T.);
#1057=FACE_OUTER_BOUND('',#1561,.T.);
#1058=FACE_OUTER_BOUND('',#1562,.T.);
#1059=FACE_OUTER_BOUND('',#1563,.T.);
#1060=FACE_OUTER_BOUND('',#1564,.T.);
#1061=FACE_OUTER_BOUND('',#1565,.T.);
#1062=FACE_OUTER_BOUND('',#1566,.T.);
#1063=FACE_OUTER_BOUND('',#1567,.T.);
#1064=FACE_OUTER_BOUND('',#1568,.T.);
#1065=FACE_OUTER_BOUND('',#1569,.T.);
#1066=FACE_OUTER_BOUND('',#1570,.T.);
#1067=FACE_OUTER_BOUND('',#1571,.T.);
#1068=FACE_OUTER_BOUND('',#1572,.T.);
#1069=FACE_OUTER_BOUND('',#1573,.T.);
#1070=FACE_OUTER_BOUND('',#1574,.T.);
#1071=FACE_OUTER_BOUND('',#1575,.T.);
#1072=FACE_OUTER_BOUND('',#1576,.T.);
#1073=FACE_OUTER_BOUND('',#1577,.T.);
#1074=FACE_OUTER_BOUND('',#1578,.T.);
#1075=FACE_OUTER_BOUND('',#1579,.T.);
#1076=FACE_OUTER_BOUND('',#1580,.T.);
#1077=FACE_OUTER_BOUND('',#1581,.T.);
#1078=FACE_OUTER_BOUND('',#1582,.T.);
#1079=FACE_OUTER_BOUND('',#1583,.T.);
#1080=FACE_OUTER_BOUND('',#1584,.T.);
#1081=FACE_OUTER_BOUND('',#1585,.T.);
#1082=FACE_OUTER_BOUND('',#1586,.T.);
#1083=FACE_OUTER_BOUND('',#1587,.T.);
#1084=FACE_OUTER_BOUND('',#1588,.T.);
#1085=FACE_OUTER_BOUND('',#1589,.T.);
#1086=FACE_OUTER_BOUND('',#1590,.T.);
#1087=FACE_OUTER_BOUND('',#1591,.T.);
#1088=FACE_OUTER_BOUND('',#1592,.T.);
#1089=FACE_OUTER_BOUND('',#1593,.T.);
#1090=FACE_OUTER_BOUND('',#1594,.T.);
#1091=FACE_OUTER_BOUND('',#1595,.T.);
#1092=FACE_OUTER_BOUND('',#1596,.T.);
#1093=FACE_OUTER_BOUND('',#1597,.T.);
#1094=FACE_OUTER_BOUND('',#1598,.T.);
#1095=FACE_OUTER_BOUND('',#1599,.T.);
#1096=FACE_OUTER_BOUND('',#1600,.T.);
#1097=FACE_OUTER_BOUND('',#1601,.T.);
#1098=FACE_OUTER_BOUND('',#1602,.T.);
#1099=FACE_OUTER_BOUND('',#1603,.T.);
#1100=FACE_OUTER_BOUND('',#1604,.T.);
#1101=FACE_OUTER_BOUND('',#1605,.T.);
#1102=FACE_OUTER_BOUND('',#1606,.T.);
#1103=FACE_OUTER_BOUND('',#1607,.T.);
#1104=FACE_OUTER_BOUND('',#1608,.T.);
#1105=FACE_OUTER_BOUND('',#1609,.T.);
#1106=FACE_OUTER_BOUND('',#1610,.T.);
#1107=FACE_OUTER_BOUND('',#1611,.T.);
#1108=FACE_OUTER_BOUND('',#1612,.T.);
#1109=FACE_OUTER_BOUND('',#1613,.T.);
#1110=FACE_OUTER_BOUND('',#1614,.T.);
#1111=FACE_OUTER_BOUND('',#1615,.T.);
#1112=FACE_OUTER_BOUND('',#1616,.T.);
#1113=FACE_OUTER_BOUND('',#1617,.T.);
#1114=FACE_OUTER_BOUND('',#1618,.T.);
#1115=FACE_OUTER_BOUND('',#1619,.T.);
#1116=FACE_OUTER_BOUND('',#1620,.T.);
#1117=FACE_OUTER_BOUND('',#1621,.T.);
#1118=FACE_OUTER_BOUND('',#1622,.T.);
#1119=EDGE_LOOP('',(#5215,#5216,#5217,#5218));
#1120=EDGE_LOOP('',(#5219));
#1121=EDGE_LOOP('',(#5220,#5221,#5222,#5223));
#1122=EDGE_LOOP('',(#5224));
#1123=EDGE_LOOP('',(#5225,#5226,#5227,#5228));
#1124=EDGE_LOOP('',(#5229));
#1125=EDGE_LOOP('',(#5230,#5231,#5232,#5233));
#1126=EDGE_LOOP('',(#5234));
#1127=EDGE_LOOP('',(#5235,#5236,#5237,#5238));
#1128=EDGE_LOOP('',(#5239));
#1129=EDGE_LOOP('',(#5240,#5241,#5242,#5243));
#1130=EDGE_LOOP('',(#5244));
#1131=EDGE_LOOP('',(#5245,#5246,#5247,#5248));
#1132=EDGE_LOOP('',(#5249));
#1133=EDGE_LOOP('',(#5250,#5251,#5252,#5253));
#1134=EDGE_LOOP('',(#5254,#5255,#5256,#5257));
#1135=EDGE_LOOP('',(#5258,#5259,#5260,#5261));
#1136=EDGE_LOOP('',(#5262,#5263,#5264,#5265));
#1137=EDGE_LOOP('',(#5266,#5267,#5268,#5269));
#1138=EDGE_LOOP('',(#5270,#5271,#5272,#5273));
#1139=EDGE_LOOP('',(#5274,#5275,#5276,#5277));
#1140=EDGE_LOOP('',(#5278,#5279,#5280,#5281));
#1141=EDGE_LOOP('',(#5282,#5283,#5284,#5285));
#1142=EDGE_LOOP('',(#5286,#5287,#5288,#5289));
#1143=EDGE_LOOP('',(#5290,#5291,#5292,#5293));
#1144=EDGE_LOOP('',(#5294,#5295,#5296,#5297));
#1145=EDGE_LOOP('',(#5298,#5299,#5300,#5301,#5302,#5303,#5304,#5305,#5306,
#5307,#5308,#5309));
#1146=EDGE_LOOP('',(#5310,#5311,#5312,#5313,#5314,#5315,#5316,#5317));
#1147=EDGE_LOOP('',(#5318,#5319,#5320,#5321,#5322));
#1148=EDGE_LOOP('',(#5323,#5324,#5325,#5326));
#1149=EDGE_LOOP('',(#5327,#5328,#5329,#5330,#5331));
#1150=EDGE_LOOP('',(#5332,#5333,#5334,#5335));
#1151=EDGE_LOOP('',(#5336,#5337,#5338,#5339));
#1152=EDGE_LOOP('',(#5340,#5341,#5342,#5343));
#1153=EDGE_LOOP('',(#5344,#5345,#5346,#5347));
#1154=EDGE_LOOP('',(#5348,#5349,#5350,#5351));
#1155=EDGE_LOOP('',(#5352,#5353,#5354,#5355));
#1156=EDGE_LOOP('',(#5356,#5357,#5358,#5359));
#1157=EDGE_LOOP('',(#5360,#5361,#5362,#5363));
#1158=EDGE_LOOP('',(#5364,#5365,#5366,#5367));
#1159=EDGE_LOOP('',(#5368,#5369,#5370,#5371));
#1160=EDGE_LOOP('',(#5372,#5373,#5374,#5375));
#1161=EDGE_LOOP('',(#5376,#5377,#5378,#5379));
#1162=EDGE_LOOP('',(#5380,#5381,#5382,#5383));
#1163=EDGE_LOOP('',(#5384,#5385,#5386,#5387));
#1164=EDGE_LOOP('',(#5388,#5389,#5390,#5391));
#1165=EDGE_LOOP('',(#5392,#5393,#5394,#5395));
#1166=EDGE_LOOP('',(#5396,#5397,#5398,#5399));
#1167=EDGE_LOOP('',(#5400,#5401,#5402,#5403));
#1168=EDGE_LOOP('',(#5404,#5405,#5406,#5407));
#1169=EDGE_LOOP('',(#5408,#5409,#5410,#5411));
#1170=EDGE_LOOP('',(#5412,#5413,#5414,#5415));
#1171=EDGE_LOOP('',(#5416,#5417,#5418,#5419));
#1172=EDGE_LOOP('',(#5420,#5421,#5422,#5423));
#1173=EDGE_LOOP('',(#5424,#5425,#5426,#5427));
#1174=EDGE_LOOP('',(#5428,#5429,#5430,#5431));
#1175=EDGE_LOOP('',(#5432,#5433,#5434,#5435));
#1176=EDGE_LOOP('',(#5436,#5437,#5438,#5439,#5440,#5441,#5442,#5443,#5444,
#5445,#5446,#5447,#5448,#5449,#5450,#5451,#5452,#5453,#5454,#5455,#5456,
#5457,#5458,#5459,#5460,#5461,#5462,#5463,#5464,#5465,#5466,#5467,#5468,
#5469,#5470,#5471));
#1177=EDGE_LOOP('',(#5472,#5473,#5474,#5475));
#1178=EDGE_LOOP('',(#5476,#5477,#5478,#5479,#5480,#5481,#5482,#5483,#5484,
#5485,#5486,#5487,#5488,#5489,#5490,#5491,#5492,#5493,#5494,#5495));
#1179=EDGE_LOOP('',(#5496,#5497,#5498,#5499,#5500,#5501,#5502,#5503));
#1180=EDGE_LOOP('',(#5504,#5505,#5506,#5507));
#1181=EDGE_LOOP('',(#5508,#5509,#5510,#5511));
#1182=EDGE_LOOP('',(#5512,#5513,#5514,#5515));
#1183=EDGE_LOOP('',(#5516,#5517,#5518,#5519));
#1184=EDGE_LOOP('',(#5520,#5521,#5522,#5523));
#1185=EDGE_LOOP('',(#5524,#5525,#5526,#5527));
#1186=EDGE_LOOP('',(#5528,#5529,#5530,#5531,#5532));
#1187=EDGE_LOOP('',(#5533,#5534,#5535,#5536));
#1188=EDGE_LOOP('',(#5537,#5538,#5539,#5540,#5541));
#1189=EDGE_LOOP('',(#5542,#5543,#5544,#5545));
#1190=EDGE_LOOP('',(#5546,#5547,#5548,#5549,#5550));
#1191=EDGE_LOOP('',(#5551,#5552,#5553,#5554));
#1192=EDGE_LOOP('',(#5555,#5556,#5557,#5558,#5559));
#1193=EDGE_LOOP('',(#5560,#5561,#5562,#5563));
#1194=EDGE_LOOP('',(#5564,#5565,#5566,#5567,#5568,#5569,#5570,#5571,#5572,
#5573,#5574,#5575));
#1195=EDGE_LOOP('',(#5576,#5577,#5578,#5579,#5580));
#1196=EDGE_LOOP('',(#5581,#5582,#5583,#5584));
#1197=EDGE_LOOP('',(#5585,#5586,#5587,#5588,#5589));
#1198=EDGE_LOOP('',(#5590,#5591,#5592,#5593,#5594,#5595,#5596,#5597));
#1199=EDGE_LOOP('',(#5598,#5599,#5600,#5601));
#1200=EDGE_LOOP('',(#5602,#5603,#5604,#5605,#5606));
#1201=EDGE_LOOP('',(#5607,#5608,#5609,#5610));
#1202=EDGE_LOOP('',(#5611,#5612,#5613,#5614,#5615));
#1203=EDGE_LOOP('',(#5616,#5617,#5618,#5619,#5620));
#1204=EDGE_LOOP('',(#5621,#5622,#5623,#5624));
#1205=EDGE_LOOP('',(#5625,#5626,#5627,#5628,#5629));
#1206=EDGE_LOOP('',(#5630,#5631,#5632,#5633));
#1207=EDGE_LOOP('',(#5634,#5635,#5636,#5637,#5638,#5639));
#1208=EDGE_LOOP('',(#5640,#5641,#5642,#5643));
#1209=EDGE_LOOP('',(#5644,#5645,#5646,#5647));
#1210=EDGE_LOOP('',(#5648,#5649,#5650,#5651));
#1211=EDGE_LOOP('',(#5652,#5653,#5654,#5655));
#1212=EDGE_LOOP('',(#5656,#5657,#5658,#5659));
#1213=EDGE_LOOP('',(#5660,#5661,#5662,#5663));
#1214=EDGE_LOOP('',(#5664,#5665,#5666,#5667));
#1215=EDGE_LOOP('',(#5668,#5669,#5670,#5671));
#1216=EDGE_LOOP('',(#5672,#5673,#5674,#5675));
#1217=EDGE_LOOP('',(#5676,#5677,#5678,#5679));
#1218=EDGE_LOOP('',(#5680,#5681,#5682,#5683));
#1219=EDGE_LOOP('',(#5684,#5685,#5686,#5687));
#1220=EDGE_LOOP('',(#5688,#5689,#5690,#5691));
#1221=EDGE_LOOP('',(#5692,#5693,#5694,#5695));
#1222=EDGE_LOOP('',(#5696,#5697,#5698,#5699));
#1223=EDGE_LOOP('',(#5700,#5701,#5702,#5703));
#1224=EDGE_LOOP('',(#5704,#5705,#5706,#5707));
#1225=EDGE_LOOP('',(#5708,#5709,#5710,#5711));
#1226=EDGE_LOOP('',(#5712,#5713,#5714,#5715));
#1227=EDGE_LOOP('',(#5716,#5717,#5718,#5719));
#1228=EDGE_LOOP('',(#5720,#5721,#5722,#5723));
#1229=EDGE_LOOP('',(#5724,#5725,#5726,#5727));
#1230=EDGE_LOOP('',(#5728,#5729,#5730,#5731));
#1231=EDGE_LOOP('',(#5732,#5733,#5734,#5735));
#1232=EDGE_LOOP('',(#5736,#5737,#5738,#5739));
#1233=EDGE_LOOP('',(#5740,#5741,#5742,#5743));
#1234=EDGE_LOOP('',(#5744,#5745,#5746,#5747));
#1235=EDGE_LOOP('',(#5748,#5749,#5750,#5751));
#1236=EDGE_LOOP('',(#5752,#5753,#5754,#5755));
#1237=EDGE_LOOP('',(#5756,#5757,#5758,#5759));
#1238=EDGE_LOOP('',(#5760,#5761,#5762,#5763,#5764,#5765));
#1239=EDGE_LOOP('',(#5766));
#1240=EDGE_LOOP('',(#5767,#5768,#5769,#5770,#5771,#5772));
#1241=EDGE_LOOP('',(#5773));
#1242=EDGE_LOOP('',(#5774,#5775,#5776,#5777,#5778,#5779));
#1243=EDGE_LOOP('',(#5780));
#1244=EDGE_LOOP('',(#5781,#5782,#5783,#5784,#5785,#5786));
#1245=EDGE_LOOP('',(#5787));
#1246=EDGE_LOOP('',(#5788,#5789,#5790,#5791));
#1247=EDGE_LOOP('',(#5792));
#1248=EDGE_LOOP('',(#5793,#5794,#5795,#5796,#5797,#5798));
#1249=EDGE_LOOP('',(#5799,#5800,#5801,#5802));
#1250=EDGE_LOOP('',(#5803,#5804,#5805,#5806,#5807,#5808));
#1251=EDGE_LOOP('',(#5809,#5810,#5811,#5812));
#1252=EDGE_LOOP('',(#5813));
#1253=EDGE_LOOP('',(#5814));
#1254=EDGE_LOOP('',(#5815,#5816,#5817,#5818));
#1255=EDGE_LOOP('',(#5819,#5820,#5821,#5822));
#1256=EDGE_LOOP('',(#5823,#5824,#5825,#5826));
#1257=EDGE_LOOP('',(#5827,#5828,#5829,#5830));
#1258=EDGE_LOOP('',(#5831,#5832,#5833,#5834));
#1259=EDGE_LOOP('',(#5835,#5836,#5837,#5838));
#1260=EDGE_LOOP('',(#5839,#5840,#5841,#5842,#5843,#5844,#5845,#5846));
#1261=EDGE_LOOP('',(#5847));
#1262=EDGE_LOOP('',(#5848));
#1263=EDGE_LOOP('',(#5849,#5850,#5851,#5852,#5853,#5854));
#1264=EDGE_LOOP('',(#5855,#5856,#5857,#5858));
#1265=EDGE_LOOP('',(#5859,#5860,#5861,#5862));
#1266=EDGE_LOOP('',(#5863,#5864,#5865,#5866,#5867,#5868,#5869,#5870));
#1267=EDGE_LOOP('',(#5871,#5872,#5873,#5874));
#1268=EDGE_LOOP('',(#5875,#5876,#5877,#5878));
#1269=EDGE_LOOP('',(#5879,#5880,#5881,#5882));
#1270=EDGE_LOOP('',(#5883,#5884,#5885,#5886));
#1271=EDGE_LOOP('',(#5887,#5888,#5889,#5890,#5891,#5892,#5893,#5894));
#1272=EDGE_LOOP('',(#5895,#5896,#5897,#5898));
#1273=EDGE_LOOP('',(#5899,#5900,#5901,#5902));
#1274=EDGE_LOOP('',(#5903,#5904,#5905,#5906));
#1275=EDGE_LOOP('',(#5907,#5908,#5909,#5910));
#1276=EDGE_LOOP('',(#5911,#5912,#5913,#5914));
#1277=EDGE_LOOP('',(#5915,#5916,#5917,#5918));
#1278=EDGE_LOOP('',(#5919,#5920,#5921,#5922));
#1279=EDGE_LOOP('',(#5923,#5924,#5925,#5926));
#1280=EDGE_LOOP('',(#5927,#5928,#5929,#5930));
#1281=EDGE_LOOP('',(#5931,#5932,#5933,#5934));
#1282=EDGE_LOOP('',(#5935,#5936,#5937,#5938));
#1283=EDGE_LOOP('',(#5939,#5940,#5941,#5942));
#1284=EDGE_LOOP('',(#5943,#5944,#5945,#5946));
#1285=EDGE_LOOP('',(#5947,#5948,#5949,#5950,#5951,#5952,#5953,#5954,#5955,
#5956,#5957,#5958,#5959,#5960,#5961,#5962,#5963,#5964,#5965,#5966));
#1286=EDGE_LOOP('',(#5967));
#1287=EDGE_LOOP('',(#5968));
#1288=EDGE_LOOP('',(#5969,#5970,#5971,#5972,#5973,#5974,#5975,#5976));
#1289=EDGE_LOOP('',(#5977,#5978,#5979,#5980));
#1290=EDGE_LOOP('',(#5981,#5982,#5983,#5984));
#1291=EDGE_LOOP('',(#5985,#5986,#5987,#5988));
#1292=EDGE_LOOP('',(#5989,#5990,#5991,#5992));
#1293=EDGE_LOOP('',(#5993,#5994,#5995,#5996));
#1294=EDGE_LOOP('',(#5997,#5998,#5999,#6000));
#1295=EDGE_LOOP('',(#6001,#6002,#6003,#6004));
#1296=EDGE_LOOP('',(#6005,#6006,#6007,#6008));
#1297=EDGE_LOOP('',(#6009,#6010,#6011,#6012));
#1298=EDGE_LOOP('',(#6013,#6014,#6015,#6016));
#1299=EDGE_LOOP('',(#6017,#6018,#6019,#6020));
#1300=EDGE_LOOP('',(#6021,#6022,#6023,#6024));
#1301=EDGE_LOOP('',(#6025,#6026,#6027,#6028));
#1302=EDGE_LOOP('',(#6029,#6030,#6031,#6032));
#1303=EDGE_LOOP('',(#6033,#6034,#6035,#6036));
#1304=EDGE_LOOP('',(#6037,#6038,#6039,#6040));
#1305=EDGE_LOOP('',(#6041,#6042,#6043,#6044));
#1306=EDGE_LOOP('',(#6045,#6046,#6047,#6048));
#1307=EDGE_LOOP('',(#6049,#6050,#6051,#6052));
#1308=EDGE_LOOP('',(#6053,#6054,#6055,#6056));
#1309=EDGE_LOOP('',(#6057,#6058,#6059,#6060));
#1310=EDGE_LOOP('',(#6061,#6062,#6063,#6064));
#1311=EDGE_LOOP('',(#6065,#6066,#6067,#6068));
#1312=EDGE_LOOP('',(#6069,#6070,#6071,#6072));
#1313=EDGE_LOOP('',(#6073,#6074,#6075,#6076));
#1314=EDGE_LOOP('',(#6077,#6078,#6079,#6080));
#1315=EDGE_LOOP('',(#6081,#6082,#6083,#6084));
#1316=EDGE_LOOP('',(#6085,#6086,#6087,#6088));
#1317=EDGE_LOOP('',(#6089,#6090,#6091,#6092));
#1318=EDGE_LOOP('',(#6093,#6094,#6095,#6096));
#1319=EDGE_LOOP('',(#6097,#6098,#6099,#6100));
#1320=EDGE_LOOP('',(#6101,#6102,#6103,#6104));
#1321=EDGE_LOOP('',(#6105,#6106,#6107,#6108));
#1322=EDGE_LOOP('',(#6109,#6110,#6111,#6112));
#1323=EDGE_LOOP('',(#6113,#6114,#6115,#6116));
#1324=EDGE_LOOP('',(#6117,#6118,#6119,#6120));
#1325=EDGE_LOOP('',(#6121,#6122,#6123,#6124));
#1326=EDGE_LOOP('',(#6125,#6126,#6127,#6128));
#1327=EDGE_LOOP('',(#6129,#6130,#6131,#6132,#6133,#6134));
#1328=EDGE_LOOP('',(#6135,#6136,#6137,#6138));
#1329=EDGE_LOOP('',(#6139,#6140,#6141,#6142));
#1330=EDGE_LOOP('',(#6143,#6144,#6145,#6146));
#1331=EDGE_LOOP('',(#6147,#6148,#6149,#6150));
#1332=EDGE_LOOP('',(#6151,#6152,#6153,#6154,#6155,#6156,#6157,#6158,#6159,
#6160,#6161,#6162,#6163,#6164,#6165,#6166,#6167,#6168,#6169,#6170,#6171,
#6172,#6173,#6174));
#1333=EDGE_LOOP('',(#6175,#6176,#6177,#6178));
#1334=EDGE_LOOP('',(#6179,#6180,#6181,#6182));
#1335=EDGE_LOOP('',(#6183,#6184,#6185,#6186));
#1336=EDGE_LOOP('',(#6187,#6188,#6189,#6190));
#1337=EDGE_LOOP('',(#6191,#6192,#6193,#6194));
#1338=EDGE_LOOP('',(#6195,#6196,#6197,#6198));
#1339=EDGE_LOOP('',(#6199,#6200,#6201,#6202));
#1340=EDGE_LOOP('',(#6203,#6204,#6205,#6206));
#1341=EDGE_LOOP('',(#6207,#6208,#6209,#6210));
#1342=EDGE_LOOP('',(#6211,#6212,#6213,#6214));
#1343=EDGE_LOOP('',(#6215,#6216,#6217,#6218));
#1344=EDGE_LOOP('',(#6219,#6220,#6221,#6222));
#1345=EDGE_LOOP('',(#6223,#6224,#6225,#6226));
#1346=EDGE_LOOP('',(#6227,#6228,#6229,#6230));
#1347=EDGE_LOOP('',(#6231,#6232,#6233,#6234));
#1348=EDGE_LOOP('',(#6235,#6236,#6237,#6238));
#1349=EDGE_LOOP('',(#6239,#6240,#6241,#6242));
#1350=EDGE_LOOP('',(#6243,#6244,#6245,#6246));
#1351=EDGE_LOOP('',(#6247));
#1352=EDGE_LOOP('',(#6248,#6249,#6250,#6251));
#1353=EDGE_LOOP('',(#6252));
#1354=EDGE_LOOP('',(#6253,#6254,#6255,#6256));
#1355=EDGE_LOOP('',(#6257,#6258,#6259,#6260));
#1356=EDGE_LOOP('',(#6261,#6262,#6263,#6264));
#1357=EDGE_LOOP('',(#6265,#6266,#6267,#6268));
#1358=EDGE_LOOP('',(#6269,#6270,#6271,#6272));
#1359=EDGE_LOOP('',(#6273,#6274,#6275,#6276));
#1360=EDGE_LOOP('',(#6277));
#1361=EDGE_LOOP('',(#6278,#6279,#6280,#6281));
#1362=EDGE_LOOP('',(#6282));
#1363=EDGE_LOOP('',(#6283,#6284,#6285,#6286));
#1364=EDGE_LOOP('',(#6287,#6288,#6289,#6290));
#1365=EDGE_LOOP('',(#6291,#6292,#6293,#6294));
#1366=EDGE_LOOP('',(#6295,#6296,#6297,#6298));
#1367=EDGE_LOOP('',(#6299,#6300,#6301,#6302));
#1368=EDGE_LOOP('',(#6303,#6304,#6305,#6306));
#1369=EDGE_LOOP('',(#6307,#6308,#6309,#6310));
#1370=EDGE_LOOP('',(#6311,#6312,#6313,#6314));
#1371=EDGE_LOOP('',(#6315,#6316,#6317,#6318));
#1372=EDGE_LOOP('',(#6319,#6320,#6321,#6322));
#1373=EDGE_LOOP('',(#6323,#6324,#6325,#6326));
#1374=EDGE_LOOP('',(#6327,#6328,#6329,#6330));
#1375=EDGE_LOOP('',(#6331,#6332,#6333,#6334));
#1376=EDGE_LOOP('',(#6335,#6336,#6337,#6338));
#1377=EDGE_LOOP('',(#6339,#6340,#6341,#6342));
#1378=EDGE_LOOP('',(#6343,#6344,#6345,#6346));
#1379=EDGE_LOOP('',(#6347,#6348,#6349,#6350));
#1380=EDGE_LOOP('',(#6351,#6352,#6353,#6354));
#1381=EDGE_LOOP('',(#6355,#6356,#6357,#6358));
#1382=EDGE_LOOP('',(#6359,#6360,#6361,#6362));
#1383=EDGE_LOOP('',(#6363,#6364,#6365,#6366));
#1384=EDGE_LOOP('',(#6367,#6368,#6369,#6370));
#1385=EDGE_LOOP('',(#6371,#6372,#6373,#6374));
#1386=EDGE_LOOP('',(#6375,#6376,#6377,#6378));
#1387=EDGE_LOOP('',(#6379,#6380,#6381,#6382,#6383,#6384));
#1388=EDGE_LOOP('',(#6385,#6386,#6387,#6388,#6389,#6390));
#1389=EDGE_LOOP('',(#6391,#6392,#6393,#6394));
#1390=EDGE_LOOP('',(#6395,#6396,#6397,#6398));
#1391=EDGE_LOOP('',(#6399,#6400,#6401,#6402));
#1392=EDGE_LOOP('',(#6403,#6404,#6405,#6406));
#1393=EDGE_LOOP('',(#6407,#6408,#6409,#6410));
#1394=EDGE_LOOP('',(#6411,#6412,#6413,#6414));
#1395=EDGE_LOOP('',(#6415,#6416,#6417,#6418));
#1396=EDGE_LOOP('',(#6419,#6420,#6421,#6422));
#1397=EDGE_LOOP('',(#6423,#6424,#6425,#6426));
#1398=EDGE_LOOP('',(#6427,#6428,#6429,#6430));
#1399=EDGE_LOOP('',(#6431,#6432,#6433,#6434));
#1400=EDGE_LOOP('',(#6435,#6436,#6437,#6438));
#1401=EDGE_LOOP('',(#6439,#6440,#6441,#6442));
#1402=EDGE_LOOP('',(#6443,#6444,#6445,#6446));
#1403=EDGE_LOOP('',(#6447,#6448,#6449,#6450));
#1404=EDGE_LOOP('',(#6451,#6452,#6453,#6454));
#1405=EDGE_LOOP('',(#6455,#6456,#6457,#6458));
#1406=EDGE_LOOP('',(#6459,#6460,#6461,#6462));
#1407=EDGE_LOOP('',(#6463,#6464,#6465,#6466));
#1408=EDGE_LOOP('',(#6467,#6468,#6469,#6470));
#1409=EDGE_LOOP('',(#6471,#6472,#6473,#6474));
#1410=EDGE_LOOP('',(#6475,#6476,#6477,#6478));
#1411=EDGE_LOOP('',(#6479,#6480,#6481,#6482));
#1412=EDGE_LOOP('',(#6483,#6484,#6485,#6486));
#1413=EDGE_LOOP('',(#6487,#6488,#6489,#6490));
#1414=EDGE_LOOP('',(#6491,#6492,#6493,#6494));
#1415=EDGE_LOOP('',(#6495,#6496,#6497,#6498));
#1416=EDGE_LOOP('',(#6499,#6500,#6501,#6502));
#1417=EDGE_LOOP('',(#6503,#6504,#6505,#6506));
#1418=EDGE_LOOP('',(#6507,#6508,#6509,#6510));
#1419=EDGE_LOOP('',(#6511,#6512,#6513,#6514));
#1420=EDGE_LOOP('',(#6515,#6516,#6517,#6518));
#1421=EDGE_LOOP('',(#6519,#6520,#6521,#6522));
#1422=EDGE_LOOP('',(#6523,#6524,#6525,#6526));
#1423=EDGE_LOOP('',(#6527,#6528,#6529,#6530));
#1424=EDGE_LOOP('',(#6531,#6532,#6533,#6534));
#1425=EDGE_LOOP('',(#6535,#6536,#6537,#6538));
#1426=EDGE_LOOP('',(#6539,#6540,#6541,#6542));
#1427=EDGE_LOOP('',(#6543,#6544,#6545,#6546));
#1428=EDGE_LOOP('',(#6547,#6548,#6549,#6550));
#1429=EDGE_LOOP('',(#6551,#6552,#6553,#6554));
#1430=EDGE_LOOP('',(#6555,#6556,#6557,#6558));
#1431=EDGE_LOOP('',(#6559,#6560,#6561,#6562));
#1432=EDGE_LOOP('',(#6563,#6564,#6565,#6566));
#1433=EDGE_LOOP('',(#6567,#6568,#6569,#6570));
#1434=EDGE_LOOP('',(#6571,#6572,#6573,#6574));
#1435=EDGE_LOOP('',(#6575,#6576,#6577,#6578));
#1436=EDGE_LOOP('',(#6579,#6580,#6581,#6582));
#1437=EDGE_LOOP('',(#6583,#6584,#6585,#6586));
#1438=EDGE_LOOP('',(#6587,#6588,#6589,#6590));
#1439=EDGE_LOOP('',(#6591,#6592,#6593,#6594));
#1440=EDGE_LOOP('',(#6595,#6596,#6597,#6598));
#1441=EDGE_LOOP('',(#6599,#6600,#6601,#6602));
#1442=EDGE_LOOP('',(#6603,#6604,#6605,#6606));
#1443=EDGE_LOOP('',(#6607,#6608,#6609,#6610));
#1444=EDGE_LOOP('',(#6611,#6612,#6613,#6614));
#1445=EDGE_LOOP('',(#6615,#6616,#6617,#6618));
#1446=EDGE_LOOP('',(#6619,#6620,#6621,#6622));
#1447=EDGE_LOOP('',(#6623,#6624,#6625,#6626));
#1448=EDGE_LOOP('',(#6627,#6628,#6629,#6630));
#1449=EDGE_LOOP('',(#6631,#6632,#6633,#6634));
#1450=EDGE_LOOP('',(#6635,#6636,#6637,#6638));
#1451=EDGE_LOOP('',(#6639,#6640,#6641,#6642));
#1452=EDGE_LOOP('',(#6643,#6644,#6645,#6646));
#1453=EDGE_LOOP('',(#6647,#6648,#6649,#6650));
#1454=EDGE_LOOP('',(#6651,#6652,#6653,#6654));
#1455=EDGE_LOOP('',(#6655,#6656,#6657,#6658));
#1456=EDGE_LOOP('',(#6659,#6660,#6661,#6662));
#1457=EDGE_LOOP('',(#6663,#6664,#6665,#6666));
#1458=EDGE_LOOP('',(#6667,#6668,#6669,#6670));
#1459=EDGE_LOOP('',(#6671,#6672,#6673,#6674));
#1460=EDGE_LOOP('',(#6675,#6676,#6677,#6678));
#1461=EDGE_LOOP('',(#6679,#6680,#6681,#6682));
#1462=EDGE_LOOP('',(#6683,#6684,#6685,#6686));
#1463=EDGE_LOOP('',(#6687,#6688,#6689,#6690));
#1464=EDGE_LOOP('',(#6691,#6692,#6693,#6694));
#1465=EDGE_LOOP('',(#6695,#6696,#6697,#6698));
#1466=EDGE_LOOP('',(#6699,#6700,#6701,#6702));
#1467=EDGE_LOOP('',(#6703,#6704,#6705,#6706));
#1468=EDGE_LOOP('',(#6707,#6708,#6709,#6710));
#1469=EDGE_LOOP('',(#6711,#6712,#6713,#6714));
#1470=EDGE_LOOP('',(#6715,#6716,#6717,#6718));
#1471=EDGE_LOOP('',(#6719,#6720,#6721,#6722));
#1472=EDGE_LOOP('',(#6723,#6724,#6725,#6726));
#1473=EDGE_LOOP('',(#6727,#6728,#6729,#6730));
#1474=EDGE_LOOP('',(#6731,#6732,#6733,#6734));
#1475=EDGE_LOOP('',(#6735,#6736,#6737,#6738));
#1476=EDGE_LOOP('',(#6739,#6740,#6741,#6742));
#1477=EDGE_LOOP('',(#6743,#6744,#6745,#6746));
#1478=EDGE_LOOP('',(#6747,#6748,#6749,#6750));
#1479=EDGE_LOOP('',(#6751,#6752,#6753,#6754));
#1480=EDGE_LOOP('',(#6755,#6756,#6757,#6758));
#1481=EDGE_LOOP('',(#6759,#6760,#6761,#6762));
#1482=EDGE_LOOP('',(#6763,#6764,#6765,#6766));
#1483=EDGE_LOOP('',(#6767,#6768,#6769,#6770));
#1484=EDGE_LOOP('',(#6771,#6772,#6773,#6774));
#1485=EDGE_LOOP('',(#6775,#6776,#6777,#6778));
#1486=EDGE_LOOP('',(#6779,#6780,#6781,#6782));
#1487=EDGE_LOOP('',(#6783,#6784,#6785,#6786));
#1488=EDGE_LOOP('',(#6787,#6788,#6789,#6790));
#1489=EDGE_LOOP('',(#6791,#6792,#6793,#6794));
#1490=EDGE_LOOP('',(#6795,#6796,#6797,#6798));
#1491=EDGE_LOOP('',(#6799,#6800,#6801,#6802));
#1492=EDGE_LOOP('',(#6803,#6804,#6805,#6806));
#1493=EDGE_LOOP('',(#6807,#6808,#6809,#6810));
#1494=EDGE_LOOP('',(#6811,#6812,#6813,#6814));
#1495=EDGE_LOOP('',(#6815,#6816,#6817,#6818));
#1496=EDGE_LOOP('',(#6819,#6820,#6821,#6822));
#1497=EDGE_LOOP('',(#6823,#6824,#6825,#6826));
#1498=EDGE_LOOP('',(#6827,#6828,#6829,#6830));
#1499=EDGE_LOOP('',(#6831,#6832,#6833,#6834));
#1500=EDGE_LOOP('',(#6835,#6836,#6837,#6838));
#1501=EDGE_LOOP('',(#6839,#6840,#6841,#6842));
#1502=EDGE_LOOP('',(#6843,#6844,#6845,#6846));
#1503=EDGE_LOOP('',(#6847,#6848,#6849,#6850));
#1504=EDGE_LOOP('',(#6851,#6852,#6853,#6854));
#1505=EDGE_LOOP('',(#6855,#6856,#6857,#6858));
#1506=EDGE_LOOP('',(#6859,#6860,#6861,#6862));
#1507=EDGE_LOOP('',(#6863,#6864,#6865,#6866));
#1508=EDGE_LOOP('',(#6867,#6868,#6869,#6870));
#1509=EDGE_LOOP('',(#6871,#6872,#6873,#6874));
#1510=EDGE_LOOP('',(#6875,#6876,#6877,#6878));
#1511=EDGE_LOOP('',(#6879,#6880,#6881,#6882));
#1512=EDGE_LOOP('',(#6883,#6884,#6885,#6886));
#1513=EDGE_LOOP('',(#6887,#6888,#6889,#6890));
#1514=EDGE_LOOP('',(#6891,#6892,#6893,#6894));
#1515=EDGE_LOOP('',(#6895,#6896,#6897,#6898));
#1516=EDGE_LOOP('',(#6899,#6900,#6901,#6902));
#1517=EDGE_LOOP('',(#6903,#6904,#6905,#6906));
#1518=EDGE_LOOP('',(#6907,#6908,#6909,#6910));
#1519=EDGE_LOOP('',(#6911,#6912,#6913,#6914));
#1520=EDGE_LOOP('',(#6915,#6916,#6917,#6918));
#1521=EDGE_LOOP('',(#6919,#6920,#6921,#6922));
#1522=EDGE_LOOP('',(#6923,#6924,#6925,#6926));
#1523=EDGE_LOOP('',(#6927,#6928,#6929,#6930));
#1524=EDGE_LOOP('',(#6931,#6932,#6933,#6934));
#1525=EDGE_LOOP('',(#6935,#6936,#6937,#6938));
#1526=EDGE_LOOP('',(#6939,#6940,#6941,#6942));
#1527=EDGE_LOOP('',(#6943,#6944,#6945,#6946));
#1528=EDGE_LOOP('',(#6947,#6948,#6949,#6950));
#1529=EDGE_LOOP('',(#6951,#6952,#6953,#6954));
#1530=EDGE_LOOP('',(#6955,#6956,#6957,#6958));
#1531=EDGE_LOOP('',(#6959,#6960,#6961,#6962));
#1532=EDGE_LOOP('',(#6963,#6964,#6965,#6966));
#1533=EDGE_LOOP('',(#6967,#6968,#6969,#6970));
#1534=EDGE_LOOP('',(#6971,#6972,#6973,#6974));
#1535=EDGE_LOOP('',(#6975,#6976,#6977,#6978));
#1536=EDGE_LOOP('',(#6979,#6980,#6981,#6982));
#1537=EDGE_LOOP('',(#6983,#6984,#6985,#6986));
#1538=EDGE_LOOP('',(#6987,#6988,#6989,#6990));
#1539=EDGE_LOOP('',(#6991,#6992,#6993,#6994));
#1540=EDGE_LOOP('',(#6995,#6996,#6997,#6998));
#1541=EDGE_LOOP('',(#6999,#7000,#7001,#7002));
#1542=EDGE_LOOP('',(#7003,#7004,#7005,#7006));
#1543=EDGE_LOOP('',(#7007,#7008,#7009,#7010));
#1544=EDGE_LOOP('',(#7011,#7012,#7013,#7014));
#1545=EDGE_LOOP('',(#7015,#7016,#7017,#7018));
#1546=EDGE_LOOP('',(#7019,#7020,#7021,#7022));
#1547=EDGE_LOOP('',(#7023,#7024,#7025,#7026));
#1548=EDGE_LOOP('',(#7027,#7028,#7029,#7030));
#1549=EDGE_LOOP('',(#7031,#7032,#7033,#7034));
#1550=EDGE_LOOP('',(#7035,#7036,#7037,#7038));
#1551=EDGE_LOOP('',(#7039,#7040,#7041,#7042));
#1552=EDGE_LOOP('',(#7043,#7044,#7045,#7046));
#1553=EDGE_LOOP('',(#7047,#7048,#7049,#7050));
#1554=EDGE_LOOP('',(#7051,#7052,#7053,#7054));
#1555=EDGE_LOOP('',(#7055,#7056,#7057,#7058));
#1556=EDGE_LOOP('',(#7059,#7060,#7061,#7062));
#1557=EDGE_LOOP('',(#7063,#7064,#7065,#7066));
#1558=EDGE_LOOP('',(#7067,#7068,#7069,#7070));
#1559=EDGE_LOOP('',(#7071,#7072,#7073,#7074));
#1560=EDGE_LOOP('',(#7075,#7076,#7077,#7078));
#1561=EDGE_LOOP('',(#7079,#7080,#7081,#7082));
#1562=EDGE_LOOP('',(#7083,#7084,#7085,#7086));
#1563=EDGE_LOOP('',(#7087,#7088,#7089,#7090));
#1564=EDGE_LOOP('',(#7091,#7092,#7093,#7094));
#1565=EDGE_LOOP('',(#7095,#7096,#7097,#7098));
#1566=EDGE_LOOP('',(#7099,#7100,#7101,#7102));
#1567=EDGE_LOOP('',(#7103,#7104,#7105,#7106));
#1568=EDGE_LOOP('',(#7107,#7108,#7109,#7110));
#1569=EDGE_LOOP('',(#7111,#7112,#7113,#7114));
#1570=EDGE_LOOP('',(#7115,#7116,#7117,#7118));
#1571=EDGE_LOOP('',(#7119,#7120,#7121,#7122));
#1572=EDGE_LOOP('',(#7123,#7124,#7125,#7126));
#1573=EDGE_LOOP('',(#7127,#7128,#7129,#7130));
#1574=EDGE_LOOP('',(#7131,#7132,#7133,#7134));
#1575=EDGE_LOOP('',(#7135,#7136,#7137,#7138));
#1576=EDGE_LOOP('',(#7139,#7140,#7141,#7142));
#1577=EDGE_LOOP('',(#7143,#7144,#7145,#7146));
#1578=EDGE_LOOP('',(#7147,#7148,#7149,#7150));
#1579=EDGE_LOOP('',(#7151,#7152,#7153,#7154));
#1580=EDGE_LOOP('',(#7155,#7156,#7157,#7158));
#1581=EDGE_LOOP('',(#7159,#7160,#7161,#7162));
#1582=EDGE_LOOP('',(#7163,#7164,#7165,#7166));
#1583=EDGE_LOOP('',(#7167,#7168,#7169,#7170));
#1584=EDGE_LOOP('',(#7171,#7172,#7173,#7174));
#1585=EDGE_LOOP('',(#7175,#7176,#7177,#7178));
#1586=EDGE_LOOP('',(#7179,#7180,#7181,#7182));
#1587=EDGE_LOOP('',(#7183,#7184,#7185,#7186));
#1588=EDGE_LOOP('',(#7187,#7188,#7189,#7190));
#1589=EDGE_LOOP('',(#7191,#7192,#7193,#7194));
#1590=EDGE_LOOP('',(#7195,#7196,#7197,#7198));
#1591=EDGE_LOOP('',(#7199,#7200,#7201,#7202));
#1592=EDGE_LOOP('',(#7203,#7204,#7205,#7206));
#1593=EDGE_LOOP('',(#7207,#7208,#7209,#7210));
#1594=EDGE_LOOP('',(#7211,#7212,#7213,#7214));
#1595=EDGE_LOOP('',(#7215,#7216,#7217,#7218));
#1596=EDGE_LOOP('',(#7219,#7220,#7221,#7222));
#1597=EDGE_LOOP('',(#7223,#7224,#7225,#7226));
#1598=EDGE_LOOP('',(#7227,#7228,#7229,#7230));
#1599=EDGE_LOOP('',(#7231,#7232,#7233,#7234));
#1600=EDGE_LOOP('',(#7235,#7236,#7237,#7238));
#1601=EDGE_LOOP('',(#7239,#7240,#7241,#7242));
#1602=EDGE_LOOP('',(#7243,#7244,#7245,#7246));
#1603=EDGE_LOOP('',(#7247,#7248,#7249,#7250));
#1604=EDGE_LOOP('',(#7251,#7252,#7253,#7254));
#1605=EDGE_LOOP('',(#7255,#7256,#7257,#7258));
#1606=EDGE_LOOP('',(#7259,#7260,#7261,#7262));
#1607=EDGE_LOOP('',(#7263,#7264,#7265,#7266));
#1608=EDGE_LOOP('',(#7267,#7268,#7269,#7270));
#1609=EDGE_LOOP('',(#7271,#7272,#7273,#7274));
#1610=EDGE_LOOP('',(#7275,#7276,#7277,#7278));
#1611=EDGE_LOOP('',(#7279,#7280,#7281,#7282));
#1612=EDGE_LOOP('',(#7283,#7284,#7285,#7286));
#1613=EDGE_LOOP('',(#7287,#7288,#7289,#7290));
#1614=EDGE_LOOP('',(#7291,#7292,#7293,#7294));
#1615=EDGE_LOOP('',(#7295,#7296,#7297,#7298));
#1616=EDGE_LOOP('',(#7299,#7300,#7301,#7302));
#1617=EDGE_LOOP('',(#7303,#7304,#7305,#7306));
#1618=EDGE_LOOP('',(#7307,#7308,#7309,#7310));
#1619=EDGE_LOOP('',(#7311,#7312,#7313,#7314));
#1620=EDGE_LOOP('',(#7315,#7316,#7317,#7318));
#1621=EDGE_LOOP('',(#7319,#7320,#7321,#7322));
#1622=EDGE_LOOP('',(#7323,#7324,#7325,#7326));
#1623=LINE('',#10848,#2455);
#1624=LINE('',#10855,#2456);
#1625=LINE('',#10862,#2457);
#1626=LINE('',#10869,#2458);
#1627=LINE('',#10876,#2459);
#1628=LINE('',#10883,#2460);
#1629=LINE('',#10890,#2461);
#1630=LINE('',#10898,#2462);
#1631=LINE('',#10901,#2463);
#1632=LINE('',#10912,#2464);
#1633=LINE('',#10913,#2465);
#1634=LINE('',#10924,#2466);
#1635=LINE('',#10925,#2467);
#1636=LINE('',#10936,#2468);
#1637=LINE('',#10937,#2469);
#1638=LINE('',#10943,#2470);
#1639=LINE('',#10946,#2471);
#1640=LINE('',#10949,#2472);
#1641=LINE('',#10950,#2473);
#1642=LINE('',#10953,#2474);
#1643=LINE('',#10957,#2475);
#1644=LINE('',#10958,#2476);
#1645=LINE('',#10962,#2477);
#1646=LINE('',#10966,#2478);
#1647=LINE('',#10970,#2479);
#1648=LINE('',#10974,#2480);
#1649=LINE('',#10978,#2481);
#1650=LINE('',#10980,#2482);
#1651=LINE('',#10982,#2483);
#1652=LINE('',#10983,#2484);
#1653=LINE('',#10988,#2485);
#1654=LINE('',#10995,#2486);
#1655=LINE('',#11003,#2487);
#1656=LINE('',#11005,#2488);
#1657=LINE('',#11013,#2489);
#1658=LINE('',#11021,#2490);
#1659=LINE('',#11029,#2491);
#1660=LINE('',#11035,#2492);
#1661=LINE('',#11038,#2493);
#1662=LINE('',#11040,#2494);
#1663=LINE('',#11041,#2495);
#1664=LINE('',#11044,#2496);
#1665=LINE('',#11048,#2497);
#1666=LINE('',#11049,#2498);
#1667=LINE('',#11052,#2499);
#1668=LINE('',#11056,#2500);
#1669=LINE('',#11058,#2501);
#1670=LINE('',#11059,#2502);
#1671=LINE('',#11073,#2503);
#1672=LINE('',#11074,#2504);
#1673=LINE('',#11085,#2505);
#1674=LINE('',#11086,#2506);
#1675=LINE('',#11097,#2507);
#1676=LINE('',#11098,#2508);
#1677=LINE('',#11106,#2509);
#1678=LINE('',#11107,#2510);
#1679=LINE('',#11110,#2511);
#1680=LINE('',#11112,#2512);
#1681=LINE('',#11113,#2513);
#1682=LINE('',#11116,#2514);
#1683=LINE('',#11120,#2515);
#1684=LINE('',#11121,#2516);
#1685=LINE('',#11124,#2517);
#1686=LINE('',#11129,#2518);
#1687=LINE('',#11133,#2519);
#1688=LINE('',#11135,#2520);
#1689=LINE('',#11137,#2521);
#1690=LINE('',#11141,#2522);
#1691=LINE('',#11143,#2523);
#1692=LINE('',#11147,#2524);
#1693=LINE('',#11151,#2525);
#1694=LINE('',#11155,#2526);
#1695=LINE('',#11159,#2527);
#1696=LINE('',#11161,#2528);
#1697=LINE('',#11165,#2529);
#1698=LINE('',#11167,#2530);
#1699=LINE('',#11169,#2531);
#1700=LINE('',#11173,#2532);
#1701=LINE('',#11175,#2533);
#1702=LINE('',#11179,#2534);
#1703=LINE('',#11183,#2535);
#1704=LINE('',#11187,#2536);
#1705=LINE('',#11191,#2537);
#1706=LINE('',#11193,#2538);
#1707=LINE('',#11197,#2539);
#1708=LINE('',#11198,#2540);
#1709=LINE('',#11201,#2541);
#1710=LINE('',#11203,#2542);
#1711=LINE('',#11205,#2543);
#1712=LINE('',#11206,#2544);
#1713=LINE('',#11209,#2545);
#1714=LINE('',#11213,#2546);
#1715=LINE('',#11217,#2547);
#1716=LINE('',#11221,#2548);
#1717=LINE('',#11225,#2549);
#1718=LINE('',#11227,#2550);
#1719=LINE('',#11231,#2551);
#1720=LINE('',#11235,#2552);
#1721=LINE('',#11237,#2553);
#1722=LINE('',#11239,#2554);
#1723=LINE('',#11243,#2555);
#1724=LINE('',#11246,#2556);
#1725=LINE('',#11251,#2557);
#1726=LINE('',#11257,#2558);
#1727=LINE('',#11260,#2559);
#1728=LINE('',#11262,#2560);
#1729=LINE('',#11265,#2561);
#1730=LINE('',#11267,#2562);
#1731=LINE('',#11268,#2563);
#1732=LINE('',#11271,#2564);
#1733=LINE('',#11272,#2565);
#1734=LINE('',#11278,#2566);
#1735=LINE('',#11289,#2567);
#1736=LINE('',#11293,#2568);
#1737=LINE('',#11300,#2569);
#1738=LINE('',#11311,#2570);
#1739=LINE('',#11314,#2571);
#1740=LINE('',#11317,#2572);
#1741=LINE('',#11319,#2573);
#1742=LINE('',#11321,#2574);
#1743=LINE('',#11323,#2575);
#1744=LINE('',#11325,#2576);
#1745=LINE('',#11327,#2577);
#1746=LINE('',#11333,#2578);
#1747=LINE('',#11344,#2579);
#1748=LINE('',#11348,#2580);
#1749=LINE('',#11352,#2581);
#1750=LINE('',#11354,#2582);
#1751=LINE('',#11356,#2583);
#1752=LINE('',#11358,#2584);
#1753=LINE('',#11359,#2585);
#1754=LINE('',#11367,#2586);
#1755=LINE('',#11375,#2587);
#1756=LINE('',#11378,#2588);
#1757=LINE('',#11388,#2589);
#1758=LINE('',#11392,#2590);
#1759=LINE('',#11396,#2591);
#1760=LINE('',#11398,#2592);
#1761=LINE('',#11400,#2593);
#1762=LINE('',#11401,#2594);
#1763=LINE('',#11405,#2595);
#1764=LINE('',#11411,#2596);
#1765=LINE('',#11415,#2597);
#1766=LINE('',#11425,#2598);
#1767=LINE('',#11431,#2599);
#1768=LINE('',#11435,#2600);
#1769=LINE('',#11445,#2601);
#1770=LINE('',#11453,#2602);
#1771=LINE('',#11461,#2603);
#1772=LINE('',#11467,#2604);
#1773=LINE('',#11475,#2605);
#1774=LINE('',#11481,#2606);
#1775=LINE('',#11484,#2607);
#1776=LINE('',#11486,#2608);
#1777=LINE('',#11487,#2609);
#1778=LINE('',#11490,#2610);
#1779=LINE('',#11491,#2611);
#1780=LINE('',#11494,#2612);
#1781=LINE('',#11498,#2613);
#1782=LINE('',#11499,#2614);
#1783=LINE('',#11502,#2615);
#1784=LINE('',#11506,#2616);
#1785=LINE('',#11507,#2617);
#1786=LINE('',#11510,#2618);
#1787=LINE('',#11514,#2619);
#1788=LINE('',#11515,#2620);
#1789=LINE('',#11518,#2621);
#1790=LINE('',#11522,#2622);
#1791=LINE('',#11523,#2623);
#1792=LINE('',#11528,#2624);
#1793=LINE('',#11532,#2625);
#1794=LINE('',#11537,#2626);
#1795=LINE('',#11541,#2627);
#1796=LINE('',#11543,#2628);
#1797=LINE('',#11545,#2629);
#1798=LINE('',#11546,#2630);
#1799=LINE('',#11551,#2631);
#1800=LINE('',#11553,#2632);
#1801=LINE('',#11555,#2633);
#1802=LINE('',#11556,#2634);
#1803=LINE('',#11567,#2635);
#1804=LINE('',#11568,#2636);
#1805=LINE('',#11571,#2637);
#1806=LINE('',#11575,#2638);
#1807=LINE('',#11576,#2639);
#1808=LINE('',#11579,#2640);
#1809=LINE('',#11583,#2641);
#1810=LINE('',#11590,#2642);
#1811=LINE('',#11591,#2643);
#1812=LINE('',#11594,#2644);
#1813=LINE('',#11595,#2645);
#1814=LINE('',#11597,#2646);
#1815=LINE('',#11600,#2647);
#1816=LINE('',#11601,#2648);
#1817=LINE('',#11604,#2649);
#1818=LINE('',#11608,#2650);
#1819=LINE('',#11609,#2651);
#1820=LINE('',#11612,#2652);
#1821=LINE('',#11615,#2653);
#1822=LINE('',#11619,#2654);
#1823=LINE('',#11623,#2655);
#1824=LINE('',#11624,#2656);
#1825=LINE('',#11629,#2657);
#1826=LINE('',#11631,#2658);
#1827=LINE('',#11632,#2659);
#1828=LINE('',#11637,#2660);
#1829=LINE('',#11638,#2661);
#1830=LINE('',#11641,#2662);
#1831=LINE('',#11645,#2663);
#1832=LINE('',#11646,#2664);
#1833=LINE('',#11649,#2665);
#1834=LINE('',#11653,#2666);
#1835=LINE('',#11654,#2667);
#1836=LINE('',#11657,#2668);
#1837=LINE('',#11658,#2669);
#1838=LINE('',#11661,#2670);
#1839=LINE('',#11662,#2671);
#1840=LINE('',#11669,#2672);
#1841=LINE('',#11671,#2673);
#1842=LINE('',#11673,#2674);
#1843=LINE('',#11674,#2675);
#1844=LINE('',#11677,#2676);
#1845=LINE('',#11679,#2677);
#1846=LINE('',#11680,#2678);
#1847=LINE('',#11683,#2679);
#1848=LINE('',#11685,#2680);
#1849=LINE('',#11686,#2681);
#1850=LINE('',#11688,#2682);
#1851=LINE('',#11689,#2683);
#1852=LINE('',#11692,#2684);
#1853=LINE('',#11693,#2685);
#1854=LINE('',#11695,#2686);
#1855=LINE('',#11702,#2687);
#1856=LINE('',#11710,#2688);
#1857=LINE('',#11718,#2689);
#1858=LINE('',#11724,#2690);
#1859=LINE('',#11732,#2691);
#1860=LINE('',#11740,#2692);
#1861=LINE('',#11748,#2693);
#1862=LINE('',#11755,#2694);
#1863=LINE('',#11758,#2695);
#1864=LINE('',#11761,#2696);
#1865=LINE('',#11762,#2697);
#1866=LINE('',#11765,#2698);
#1867=LINE('',#11769,#2699);
#1868=LINE('',#11770,#2700);
#1869=LINE('',#11779,#2701);
#1870=LINE('',#11783,#2702);
#1871=LINE('',#11784,#2703);
#1872=LINE('',#11788,#2704);
#1873=LINE('',#11792,#2705);
#1874=LINE('',#11793,#2706);
#1875=LINE('',#11796,#2707);
#1876=LINE('',#11800,#2708);
#1877=LINE('',#11801,#2709);
#1878=LINE('',#11804,#2710);
#1879=LINE('',#11808,#2711);
#1880=LINE('',#11809,#2712);
#1881=LINE('',#11816,#2713);
#1882=LINE('',#11819,#2714);
#1883=LINE('',#11824,#2715);
#1884=LINE('',#11826,#2716);
#1885=LINE('',#11828,#2717);
#1886=LINE('',#11829,#2718);
#1887=LINE('',#11832,#2719);
#1888=LINE('',#11834,#2720);
#1889=LINE('',#11835,#2721);
#1890=LINE('',#11838,#2722);
#1891=LINE('',#11840,#2723);
#1892=LINE('',#11841,#2724);
#1893=LINE('',#11843,#2725);
#1894=LINE('',#11844,#2726);
#1895=LINE('',#11849,#2727);
#1896=LINE('',#11851,#2728);
#1897=LINE('',#11853,#2729);
#1898=LINE('',#11854,#2730);
#1899=LINE('',#11857,#2731);
#1900=LINE('',#11859,#2732);
#1901=LINE('',#11860,#2733);
#1902=LINE('',#11863,#2734);
#1903=LINE('',#11865,#2735);
#1904=LINE('',#11866,#2736);
#1905=LINE('',#11868,#2737);
#1906=LINE('',#11869,#2738);
#1907=LINE('',#11876,#2739);
#1908=LINE('',#11881,#2740);
#1909=LINE('',#11883,#2741);
#1910=LINE('',#11885,#2742);
#1911=LINE('',#11886,#2743);
#1912=LINE('',#11889,#2744);
#1913=LINE('',#11891,#2745);
#1914=LINE('',#11892,#2746);
#1915=LINE('',#11895,#2747);
#1916=LINE('',#11897,#2748);
#1917=LINE('',#11898,#2749);
#1918=LINE('',#11900,#2750);
#1919=LINE('',#11901,#2751);
#1920=LINE('',#11908,#2752);
#1921=LINE('',#11913,#2753);
#1922=LINE('',#11915,#2754);
#1923=LINE('',#11917,#2755);
#1924=LINE('',#11918,#2756);
#1925=LINE('',#11921,#2757);
#1926=LINE('',#11923,#2758);
#1927=LINE('',#11924,#2759);
#1928=LINE('',#11927,#2760);
#1929=LINE('',#11929,#2761);
#1930=LINE('',#11930,#2762);
#1931=LINE('',#11932,#2763);
#1932=LINE('',#11933,#2764);
#1933=LINE('',#11939,#2765);
#1934=LINE('',#11941,#2766);
#1935=LINE('',#11943,#2767);
#1936=LINE('',#11944,#2768);
#1937=LINE('',#11947,#2769);
#1938=LINE('',#11949,#2770);
#1939=LINE('',#11950,#2771);
#1940=LINE('',#11953,#2772);
#1941=LINE('',#11955,#2773);
#1942=LINE('',#11956,#2774);
#1943=LINE('',#11958,#2775);
#1944=LINE('',#11959,#2776);
#1945=LINE('',#11965,#2777);
#1946=LINE('',#11967,#2778);
#1947=LINE('',#11969,#2779);
#1948=LINE('',#11970,#2780);
#1949=LINE('',#11973,#2781);
#1950=LINE('',#11975,#2782);
#1951=LINE('',#11976,#2783);
#1952=LINE('',#11979,#2784);
#1953=LINE('',#11981,#2785);
#1954=LINE('',#11982,#2786);
#1955=LINE('',#11984,#2787);
#1956=LINE('',#11985,#2788);
#1957=LINE('',#11991,#2789);
#1958=LINE('',#11993,#2790);
#1959=LINE('',#11995,#2791);
#1960=LINE('',#11996,#2792);
#1961=LINE('',#11999,#2793);
#1962=LINE('',#12001,#2794);
#1963=LINE('',#12002,#2795);
#1964=LINE('',#12005,#2796);
#1965=LINE('',#12007,#2797);
#1966=LINE('',#12008,#2798);
#1967=LINE('',#12010,#2799);
#1968=LINE('',#12011,#2800);
#1969=LINE('',#12017,#2801);
#1970=LINE('',#12019,#2802);
#1971=LINE('',#12021,#2803);
#1972=LINE('',#12022,#2804);
#1973=LINE('',#12025,#2805);
#1974=LINE('',#12027,#2806);
#1975=LINE('',#12028,#2807);
#1976=LINE('',#12031,#2808);
#1977=LINE('',#12033,#2809);
#1978=LINE('',#12034,#2810);
#1979=LINE('',#12037,#2811);
#1980=LINE('',#12039,#2812);
#1981=LINE('',#12040,#2813);
#1982=LINE('',#12043,#2814);
#1983=LINE('',#12045,#2815);
#1984=LINE('',#12046,#2816);
#1985=LINE('',#12048,#2817);
#1986=LINE('',#12049,#2818);
#1987=LINE('',#12055,#2819);
#1988=LINE('',#12057,#2820);
#1989=LINE('',#12059,#2821);
#1990=LINE('',#12060,#2822);
#1991=LINE('',#12063,#2823);
#1992=LINE('',#12065,#2824);
#1993=LINE('',#12066,#2825);
#1994=LINE('',#12069,#2826);
#1995=LINE('',#12071,#2827);
#1996=LINE('',#12072,#2828);
#1997=LINE('',#12074,#2829);
#1998=LINE('',#12075,#2830);
#1999=LINE('',#12081,#2831);
#2000=LINE('',#12083,#2832);
#2001=LINE('',#12085,#2833);
#2002=LINE('',#12086,#2834);
#2003=LINE('',#12089,#2835);
#2004=LINE('',#12091,#2836);
#2005=LINE('',#12092,#2837);
#2006=LINE('',#12095,#2838);
#2007=LINE('',#12097,#2839);
#2008=LINE('',#12098,#2840);
#2009=LINE('',#12100,#2841);
#2010=LINE('',#12101,#2842);
#2011=LINE('',#12107,#2843);
#2012=LINE('',#12109,#2844);
#2013=LINE('',#12111,#2845);
#2014=LINE('',#12112,#2846);
#2015=LINE('',#12115,#2847);
#2016=LINE('',#12117,#2848);
#2017=LINE('',#12118,#2849);
#2018=LINE('',#12121,#2850);
#2019=LINE('',#12123,#2851);
#2020=LINE('',#12124,#2852);
#2021=LINE('',#12126,#2853);
#2022=LINE('',#12127,#2854);
#2023=LINE('',#12133,#2855);
#2024=LINE('',#12135,#2856);
#2025=LINE('',#12137,#2857);
#2026=LINE('',#12138,#2858);
#2027=LINE('',#12141,#2859);
#2028=LINE('',#12143,#2860);
#2029=LINE('',#12144,#2861);
#2030=LINE('',#12147,#2862);
#2031=LINE('',#12149,#2863);
#2032=LINE('',#12150,#2864);
#2033=LINE('',#12152,#2865);
#2034=LINE('',#12153,#2866);
#2035=LINE('',#12159,#2867);
#2036=LINE('',#12161,#2868);
#2037=LINE('',#12163,#2869);
#2038=LINE('',#12164,#2870);
#2039=LINE('',#12167,#2871);
#2040=LINE('',#12169,#2872);
#2041=LINE('',#12170,#2873);
#2042=LINE('',#12173,#2874);
#2043=LINE('',#12175,#2875);
#2044=LINE('',#12176,#2876);
#2045=LINE('',#12178,#2877);
#2046=LINE('',#12179,#2878);
#2047=LINE('',#12185,#2879);
#2048=LINE('',#12187,#2880);
#2049=LINE('',#12189,#2881);
#2050=LINE('',#12190,#2882);
#2051=LINE('',#12193,#2883);
#2052=LINE('',#12195,#2884);
#2053=LINE('',#12196,#2885);
#2054=LINE('',#12199,#2886);
#2055=LINE('',#12201,#2887);
#2056=LINE('',#12202,#2888);
#2057=LINE('',#12204,#2889);
#2058=LINE('',#12205,#2890);
#2059=LINE('',#12211,#2891);
#2060=LINE('',#12213,#2892);
#2061=LINE('',#12215,#2893);
#2062=LINE('',#12216,#2894);
#2063=LINE('',#12219,#2895);
#2064=LINE('',#12221,#2896);
#2065=LINE('',#12222,#2897);
#2066=LINE('',#12225,#2898);
#2067=LINE('',#12227,#2899);
#2068=LINE('',#12228,#2900);
#2069=LINE('',#12230,#2901);
#2070=LINE('',#12231,#2902);
#2071=LINE('',#12237,#2903);
#2072=LINE('',#12239,#2904);
#2073=LINE('',#12241,#2905);
#2074=LINE('',#12242,#2906);
#2075=LINE('',#12245,#2907);
#2076=LINE('',#12247,#2908);
#2077=LINE('',#12248,#2909);
#2078=LINE('',#12251,#2910);
#2079=LINE('',#12253,#2911);
#2080=LINE('',#12254,#2912);
#2081=LINE('',#12256,#2913);
#2082=LINE('',#12257,#2914);
#2083=LINE('',#12263,#2915);
#2084=LINE('',#12265,#2916);
#2085=LINE('',#12267,#2917);
#2086=LINE('',#12268,#2918);
#2087=LINE('',#12271,#2919);
#2088=LINE('',#12273,#2920);
#2089=LINE('',#12274,#2921);
#2090=LINE('',#12277,#2922);
#2091=LINE('',#12279,#2923);
#2092=LINE('',#12280,#2924);
#2093=LINE('',#12282,#2925);
#2094=LINE('',#12283,#2926);
#2095=LINE('',#12289,#2927);
#2096=LINE('',#12291,#2928);
#2097=LINE('',#12293,#2929);
#2098=LINE('',#12294,#2930);
#2099=LINE('',#12297,#2931);
#2100=LINE('',#12299,#2932);
#2101=LINE('',#12300,#2933);
#2102=LINE('',#12303,#2934);
#2103=LINE('',#12305,#2935);
#2104=LINE('',#12306,#2936);
#2105=LINE('',#12308,#2937);
#2106=LINE('',#12309,#2938);
#2107=LINE('',#12315,#2939);
#2108=LINE('',#12317,#2940);
#2109=LINE('',#12319,#2941);
#2110=LINE('',#12320,#2942);
#2111=LINE('',#12323,#2943);
#2112=LINE('',#12325,#2944);
#2113=LINE('',#12326,#2945);
#2114=LINE('',#12329,#2946);
#2115=LINE('',#12331,#2947);
#2116=LINE('',#12332,#2948);
#2117=LINE('',#12334,#2949);
#2118=LINE('',#12335,#2950);
#2119=LINE('',#12341,#2951);
#2120=LINE('',#12343,#2952);
#2121=LINE('',#12345,#2953);
#2122=LINE('',#12346,#2954);
#2123=LINE('',#12349,#2955);
#2124=LINE('',#12351,#2956);
#2125=LINE('',#12352,#2957);
#2126=LINE('',#12355,#2958);
#2127=LINE('',#12357,#2959);
#2128=LINE('',#12358,#2960);
#2129=LINE('',#12360,#2961);
#2130=LINE('',#12361,#2962);
#2131=LINE('',#12367,#2963);
#2132=LINE('',#12369,#2964);
#2133=LINE('',#12371,#2965);
#2134=LINE('',#12372,#2966);
#2135=LINE('',#12375,#2967);
#2136=LINE('',#12377,#2968);
#2137=LINE('',#12378,#2969);
#2138=LINE('',#12381,#2970);
#2139=LINE('',#12383,#2971);
#2140=LINE('',#12384,#2972);
#2141=LINE('',#12386,#2973);
#2142=LINE('',#12387,#2974);
#2143=LINE('',#12393,#2975);
#2144=LINE('',#12395,#2976);
#2145=LINE('',#12397,#2977);
#2146=LINE('',#12398,#2978);
#2147=LINE('',#12401,#2979);
#2148=LINE('',#12403,#2980);
#2149=LINE('',#12404,#2981);
#2150=LINE('',#12407,#2982);
#2151=LINE('',#12409,#2983);
#2152=LINE('',#12410,#2984);
#2153=LINE('',#12412,#2985);
#2154=LINE('',#12413,#2986);
#2155=LINE('',#12419,#2987);
#2156=LINE('',#12421,#2988);
#2157=LINE('',#12423,#2989);
#2158=LINE('',#12424,#2990);
#2159=LINE('',#12427,#2991);
#2160=LINE('',#12429,#2992);
#2161=LINE('',#12430,#2993);
#2162=LINE('',#12433,#2994);
#2163=LINE('',#12435,#2995);
#2164=LINE('',#12436,#2996);
#2165=LINE('',#12438,#2997);
#2166=LINE('',#12439,#2998);
#2167=LINE('',#12445,#2999);
#2168=LINE('',#12447,#3000);
#2169=LINE('',#12449,#3001);
#2170=LINE('',#12450,#3002);
#2171=LINE('',#12453,#3003);
#2172=LINE('',#12455,#3004);
#2173=LINE('',#12456,#3005);
#2174=LINE('',#12459,#3006);
#2175=LINE('',#12461,#3007);
#2176=LINE('',#12462,#3008);
#2177=LINE('',#12464,#3009);
#2178=LINE('',#12465,#3010);
#2179=LINE('',#12471,#3011);
#2180=LINE('',#12473,#3012);
#2181=LINE('',#12475,#3013);
#2182=LINE('',#12476,#3014);
#2183=LINE('',#12479,#3015);
#2184=LINE('',#12481,#3016);
#2185=LINE('',#12482,#3017);
#2186=LINE('',#12485,#3018);
#2187=LINE('',#12487,#3019);
#2188=LINE('',#12488,#3020);
#2189=LINE('',#12490,#3021);
#2190=LINE('',#12491,#3022);
#2191=LINE('',#12497,#3023);
#2192=LINE('',#12499,#3024);
#2193=LINE('',#12501,#3025);
#2194=LINE('',#12502,#3026);
#2195=LINE('',#12505,#3027);
#2196=LINE('',#12507,#3028);
#2197=LINE('',#12508,#3029);
#2198=LINE('',#12511,#3030);
#2199=LINE('',#12513,#3031);
#2200=LINE('',#12514,#3032);
#2201=LINE('',#12516,#3033);
#2202=LINE('',#12517,#3034);
#2203=LINE('',#12523,#3035);
#2204=LINE('',#12525,#3036);
#2205=LINE('',#12527,#3037);
#2206=LINE('',#12528,#3038);
#2207=LINE('',#12531,#3039);
#2208=LINE('',#12533,#3040);
#2209=LINE('',#12534,#3041);
#2210=LINE('',#12537,#3042);
#2211=LINE('',#12539,#3043);
#2212=LINE('',#12540,#3044);
#2213=LINE('',#12542,#3045);
#2214=LINE('',#12543,#3046);
#2215=LINE('',#12549,#3047);
#2216=LINE('',#12551,#3048);
#2217=LINE('',#12553,#3049);
#2218=LINE('',#12554,#3050);
#2219=LINE('',#12557,#3051);
#2220=LINE('',#12559,#3052);
#2221=LINE('',#12560,#3053);
#2222=LINE('',#12563,#3054);
#2223=LINE('',#12565,#3055);
#2224=LINE('',#12566,#3056);
#2225=LINE('',#12568,#3057);
#2226=LINE('',#12569,#3058);
#2227=LINE('',#12575,#3059);
#2228=LINE('',#12577,#3060);
#2229=LINE('',#12579,#3061);
#2230=LINE('',#12580,#3062);
#2231=LINE('',#12583,#3063);
#2232=LINE('',#12585,#3064);
#2233=LINE('',#12586,#3065);
#2234=LINE('',#12589,#3066);
#2235=LINE('',#12591,#3067);
#2236=LINE('',#12592,#3068);
#2237=LINE('',#12594,#3069);
#2238=LINE('',#12595,#3070);
#2239=LINE('',#12601,#3071);
#2240=LINE('',#12603,#3072);
#2241=LINE('',#12605,#3073);
#2242=LINE('',#12606,#3074);
#2243=LINE('',#12609,#3075);
#2244=LINE('',#12611,#3076);
#2245=LINE('',#12612,#3077);
#2246=LINE('',#12615,#3078);
#2247=LINE('',#12617,#3079);
#2248=LINE('',#12618,#3080);
#2249=LINE('',#12620,#3081);
#2250=LINE('',#12621,#3082);
#2251=LINE('',#12627,#3083);
#2252=LINE('',#12629,#3084);
#2253=LINE('',#12631,#3085);
#2254=LINE('',#12632,#3086);
#2255=LINE('',#12635,#3087);
#2256=LINE('',#12637,#3088);
#2257=LINE('',#12638,#3089);
#2258=LINE('',#12641,#3090);
#2259=LINE('',#12643,#3091);
#2260=LINE('',#12644,#3092);
#2261=LINE('',#12646,#3093);
#2262=LINE('',#12647,#3094);
#2263=LINE('',#12653,#3095);
#2264=LINE('',#12655,#3096);
#2265=LINE('',#12657,#3097);
#2266=LINE('',#12658,#3098);
#2267=LINE('',#12661,#3099);
#2268=LINE('',#12663,#3100);
#2269=LINE('',#12664,#3101);
#2270=LINE('',#12667,#3102);
#2271=LINE('',#12669,#3103);
#2272=LINE('',#12670,#3104);
#2273=LINE('',#12672,#3105);
#2274=LINE('',#12673,#3106);
#2275=LINE('',#12679,#3107);
#2276=LINE('',#12681,#3108);
#2277=LINE('',#12683,#3109);
#2278=LINE('',#12684,#3110);
#2279=LINE('',#12687,#3111);
#2280=LINE('',#12689,#3112);
#2281=LINE('',#12690,#3113);
#2282=LINE('',#12693,#3114);
#2283=LINE('',#12695,#3115);
#2284=LINE('',#12696,#3116);
#2285=LINE('',#12698,#3117);
#2286=LINE('',#12699,#3118);
#2287=LINE('',#12705,#3119);
#2288=LINE('',#12707,#3120);
#2289=LINE('',#12709,#3121);
#2290=LINE('',#12710,#3122);
#2291=LINE('',#12713,#3123);
#2292=LINE('',#12715,#3124);
#2293=LINE('',#12716,#3125);
#2294=LINE('',#12719,#3126);
#2295=LINE('',#12721,#3127);
#2296=LINE('',#12722,#3128);
#2297=LINE('',#12724,#3129);
#2298=LINE('',#12725,#3130);
#2299=LINE('',#12731,#3131);
#2300=LINE('',#12733,#3132);
#2301=LINE('',#12735,#3133);
#2302=LINE('',#12736,#3134);
#2303=LINE('',#12739,#3135);
#2304=LINE('',#12741,#3136);
#2305=LINE('',#12742,#3137);
#2306=LINE('',#12745,#3138);
#2307=LINE('',#12747,#3139);
#2308=LINE('',#12748,#3140);
#2309=LINE('',#12750,#3141);
#2310=LINE('',#12751,#3142);
#2311=LINE('',#12757,#3143);
#2312=LINE('',#12759,#3144);
#2313=LINE('',#12761,#3145);
#2314=LINE('',#12762,#3146);
#2315=LINE('',#12765,#3147);
#2316=LINE('',#12767,#3148);
#2317=LINE('',#12768,#3149);
#2318=LINE('',#12771,#3150);
#2319=LINE('',#12772,#3151);
#2320=LINE('',#12775,#3152);
#2321=LINE('',#12776,#3153);
#2322=LINE('',#12778,#3154);
#2323=LINE('',#12783,#3155);
#2324=LINE('',#12785,#3156);
#2325=LINE('',#12787,#3157);
#2326=LINE('',#12788,#3158);
#2327=LINE('',#12791,#3159);
#2328=LINE('',#12793,#3160);
#2329=LINE('',#12794,#3161);
#2330=LINE('',#12797,#3162);
#2331=LINE('',#12798,#3163);
#2332=LINE('',#12801,#3164);
#2333=LINE('',#12802,#3165);
#2334=LINE('',#12804,#3166);
#2335=LINE('',#12809,#3167);
#2336=LINE('',#12811,#3168);
#2337=LINE('',#12813,#3169);
#2338=LINE('',#12814,#3170);
#2339=LINE('',#12817,#3171);
#2340=LINE('',#12819,#3172);
#2341=LINE('',#12820,#3173);
#2342=LINE('',#12823,#3174);
#2343=LINE('',#12824,#3175);
#2344=LINE('',#12827,#3176);
#2345=LINE('',#12828,#3177);
#2346=LINE('',#12830,#3178);
#2347=LINE('',#12835,#3179);
#2348=LINE('',#12837,#3180);
#2349=LINE('',#12839,#3181);
#2350=LINE('',#12840,#3182);
#2351=LINE('',#12843,#3183);
#2352=LINE('',#12845,#3184);
#2353=LINE('',#12846,#3185);
#2354=LINE('',#12849,#3186);
#2355=LINE('',#12850,#3187);
#2356=LINE('',#12853,#3188);
#2357=LINE('',#12854,#3189);
#2358=LINE('',#12856,#3190);
#2359=LINE('',#12861,#3191);
#2360=LINE('',#12863,#3192);
#2361=LINE('',#12865,#3193);
#2362=LINE('',#12866,#3194);
#2363=LINE('',#12869,#3195);
#2364=LINE('',#12871,#3196);
#2365=LINE('',#12872,#3197);
#2366=LINE('',#12875,#3198);
#2367=LINE('',#12876,#3199);
#2368=LINE('',#12879,#3200);
#2369=LINE('',#12880,#3201);
#2370=LINE('',#12882,#3202);
#2371=LINE('',#12887,#3203);
#2372=LINE('',#12889,#3204);
#2373=LINE('',#12891,#3205);
#2374=LINE('',#12892,#3206);
#2375=LINE('',#12895,#3207);
#2376=LINE('',#12897,#3208);
#2377=LINE('',#12898,#3209);
#2378=LINE('',#12901,#3210);
#2379=LINE('',#12902,#3211);
#2380=LINE('',#12905,#3212);
#2381=LINE('',#12906,#3213);
#2382=LINE('',#12908,#3214);
#2383=LINE('',#12913,#3215);
#2384=LINE('',#12915,#3216);
#2385=LINE('',#12917,#3217);
#2386=LINE('',#12918,#3218);
#2387=LINE('',#12921,#3219);
#2388=LINE('',#12923,#3220);
#2389=LINE('',#12924,#3221);
#2390=LINE('',#12927,#3222);
#2391=LINE('',#12928,#3223);
#2392=LINE('',#12931,#3224);
#2393=LINE('',#12932,#3225);
#2394=LINE('',#12934,#3226);
#2395=LINE('',#12939,#3227);
#2396=LINE('',#12941,#3228);
#2397=LINE('',#12943,#3229);
#2398=LINE('',#12944,#3230);
#2399=LINE('',#12947,#3231);
#2400=LINE('',#12949,#3232);
#2401=LINE('',#12950,#3233);
#2402=LINE('',#12953,#3234);
#2403=LINE('',#12954,#3235);
#2404=LINE('',#12957,#3236);
#2405=LINE('',#12958,#3237);
#2406=LINE('',#12960,#3238);
#2407=LINE('',#12965,#3239);
#2408=LINE('',#12967,#3240);
#2409=LINE('',#12969,#3241);
#2410=LINE('',#12970,#3242);
#2411=LINE('',#12973,#3243);
#2412=LINE('',#12975,#3244);
#2413=LINE('',#12976,#3245);
#2414=LINE('',#12979,#3246);
#2415=LINE('',#12980,#3247);
#2416=LINE('',#12983,#3248);
#2417=LINE('',#12984,#3249);
#2418=LINE('',#12986,#3250);
#2419=LINE('',#12991,#3251);
#2420=LINE('',#12993,#3252);
#2421=LINE('',#12995,#3253);
#2422=LINE('',#12996,#3254);
#2423=LINE('',#12999,#3255);
#2424=LINE('',#13001,#3256);
#2425=LINE('',#13002,#3257);
#2426=LINE('',#13005,#3258);
#2427=LINE('',#13006,#3259);
#2428=LINE('',#13009,#3260);
#2429=LINE('',#13010,#3261);
#2430=LINE('',#13012,#3262);
#2431=LINE('',#13017,#3263);
#2432=LINE('',#13019,#3264);
#2433=LINE('',#13021,#3265);
#2434=LINE('',#13022,#3266);
#2435=LINE('',#13025,#3267);
#2436=LINE('',#13027,#3268);
#2437=LINE('',#13028,#3269);
#2438=LINE('',#13031,#3270);
#2439=LINE('',#13032,#3271);
#2440=LINE('',#13035,#3272);
#2441=LINE('',#13036,#3273);
#2442=LINE('',#13038,#3274);
#2443=LINE('',#13043,#3275);
#2444=LINE('',#13045,#3276);
#2445=LINE('',#13047,#3277);
#2446=LINE('',#13048,#3278);
#2447=LINE('',#13051,#3279);
#2448=LINE('',#13053,#3280);
#2449=LINE('',#13054,#3281);
#2450=LINE('',#13057,#3282);
#2451=LINE('',#13058,#3283);
#2452=LINE('',#13061,#3284);
#2453=LINE('',#13062,#3285);
#2454=LINE('',#13064,#3286);
#2455=VECTOR('',#8599,0.165686999420279);
#2456=VECTOR('',#8608,0.165686999420279);
#2457=VECTOR('',#8617,0.3);
#2458=VECTOR('',#8626,0.3);
#2459=VECTOR('',#8635,0.3);
#2460=VECTOR('',#8644,0.3);
#2461=VECTOR('',#8653,0.3);
#2462=VECTOR('',#8662,10.);
#2463=VECTOR('',#8665,10.);
#2464=VECTOR('',#8678,10.);
#2465=VECTOR('',#8679,10.);
#2466=VECTOR('',#8692,10.);
#2467=VECTOR('',#8693,10.);
#2468=VECTOR('',#8706,10.);
#2469=VECTOR('',#8707,10.);
#2470=VECTOR('',#8716,10.);
#2471=VECTOR('',#8719,10.);
#2472=VECTOR('',#8722,10.);
#2473=VECTOR('',#8723,10.);
#2474=VECTOR('',#8726,10.);
#2475=VECTOR('',#8731,10.);
#2476=VECTOR('',#8732,10.);
#2477=VECTOR('',#8735,10.);
#2478=VECTOR('',#8738,10.);
#2479=VECTOR('',#8741,10.);
#2480=VECTOR('',#8744,10.);
#2481=VECTOR('',#8747,10.);
#2482=VECTOR('',#8748,10.);
#2483=VECTOR('',#8749,10.);
#2484=VECTOR('',#8750,10.);
#2485=VECTOR('',#8755,10.);
#2486=VECTOR('',#8762,10.);
#2487=VECTOR('',#8773,10.);
#2488=VECTOR('',#8776,10.);
#2489=VECTOR('',#8787,10.);
#2490=VECTOR('',#8798,10.);
#2491=VECTOR('',#8809,10.);
#2492=VECTOR('',#8818,10.);
#2493=VECTOR('',#8821,10.);
#2494=VECTOR('',#8822,10.);
#2495=VECTOR('',#8823,10.);
#2496=VECTOR('',#8826,10.);
#2497=VECTOR('',#8831,10.);
#2498=VECTOR('',#8832,10.);
#2499=VECTOR('',#8835,10.);
#2500=VECTOR('',#8840,10.);
#2501=VECTOR('',#8841,10.);
#2502=VECTOR('',#8842,10.);
#2503=VECTOR('',#8857,10.);
#2504=VECTOR('',#8858,10.);
#2505=VECTOR('',#8871,10.);
#2506=VECTOR('',#8872,10.);
#2507=VECTOR('',#8885,10.);
#2508=VECTOR('',#8886,10.);
#2509=VECTOR('',#8897,10.);
#2510=VECTOR('',#8898,10.);
#2511=VECTOR('',#8901,10.);
#2512=VECTOR('',#8902,10.);
#2513=VECTOR('',#8903,10.);
#2514=VECTOR('',#8906,10.);
#2515=VECTOR('',#8911,10.);
#2516=VECTOR('',#8912,10.);
#2517=VECTOR('',#8915,10.);
#2518=VECTOR('',#8920,10.);
#2519=VECTOR('',#8923,10.);
#2520=VECTOR('',#8924,10.);
#2521=VECTOR('',#8925,10.);
#2522=VECTOR('',#8928,10.);
#2523=VECTOR('',#8929,10.);
#2524=VECTOR('',#8932,10.);
#2525=VECTOR('',#8935,10.);
#2526=VECTOR('',#8938,10.);
#2527=VECTOR('',#8941,10.);
#2528=VECTOR('',#8942,10.);
#2529=VECTOR('',#8945,10.);
#2530=VECTOR('',#8946,10.);
#2531=VECTOR('',#8947,10.);
#2532=VECTOR('',#8950,10.);
#2533=VECTOR('',#8951,10.);
#2534=VECTOR('',#8954,10.);
#2535=VECTOR('',#8957,10.);
#2536=VECTOR('',#8960,10.);
#2537=VECTOR('',#8963,10.);
#2538=VECTOR('',#8964,10.);
#2539=VECTOR('',#8967,10.);
#2540=VECTOR('',#8968,10.);
#2541=VECTOR('',#8969,10.);
#2542=VECTOR('',#8970,10.);
#2543=VECTOR('',#8971,10.);
#2544=VECTOR('',#8972,10.);
#2545=VECTOR('',#8973,10.);
#2546=VECTOR('',#8976,10.);
#2547=VECTOR('',#8979,10.);
#2548=VECTOR('',#8982,10.);
#2549=VECTOR('',#8985,10.);
#2550=VECTOR('',#8986,10.);
#2551=VECTOR('',#8989,10.);
#2552=VECTOR('',#8992,10.);
#2553=VECTOR('',#8993,10.);
#2554=VECTOR('',#8994,10.);
#2555=VECTOR('',#8997,10.);
#2556=VECTOR('',#9000,10.);
#2557=VECTOR('',#9005,10.);
#2558=VECTOR('',#9012,10.);
#2559=VECTOR('',#9017,10.);
#2560=VECTOR('',#9020,10.);
#2561=VECTOR('',#9023,10.);
#2562=VECTOR('',#9024,10.);
#2563=VECTOR('',#9025,10.);
#2564=VECTOR('',#9028,10.);
#2565=VECTOR('',#9029,10.);
#2566=VECTOR('',#9034,10.);
#2567=VECTOR('',#9049,10.);
#2568=VECTOR('',#9054,10.);
#2569=VECTOR('',#9061,10.);
#2570=VECTOR('',#9076,10.);
#2571=VECTOR('',#9081,10.);
#2572=VECTOR('',#9084,10.);
#2573=VECTOR('',#9085,10.);
#2574=VECTOR('',#9086,10.);
#2575=VECTOR('',#9087,10.);
#2576=VECTOR('',#9088,10.);
#2577=VECTOR('',#9091,10.);
#2578=VECTOR('',#9096,10.);
#2579=VECTOR('',#9111,10.);
#2580=VECTOR('',#9116,10.);
#2581=VECTOR('',#9119,10.);
#2582=VECTOR('',#9120,10.);
#2583=VECTOR('',#9121,10.);
#2584=VECTOR('',#9122,10.);
#2585=VECTOR('',#9123,10.);
#2586=VECTOR('',#9132,10.);
#2587=VECTOR('',#9145,10.);
#2588=VECTOR('',#9148,10.);
#2589=VECTOR('',#9161,10.);
#2590=VECTOR('',#9166,10.);
#2591=VECTOR('',#9171,10.);
#2592=VECTOR('',#9172,10.);
#2593=VECTOR('',#9173,10.);
#2594=VECTOR('',#9174,10.);
#2595=VECTOR('',#9177,10.);
#2596=VECTOR('',#9186,10.);
#2597=VECTOR('',#9189,10.);
#2598=VECTOR('',#9204,10.);
#2599=VECTOR('',#9213,10.);
#2600=VECTOR('',#9216,10.);
#2601=VECTOR('',#9231,10.);
#2602=VECTOR('',#9242,10.);
#2603=VECTOR('',#9253,10.);
#2604=VECTOR('',#9262,10.);
#2605=VECTOR('',#9273,10.);
#2606=VECTOR('',#9282,10.);
#2607=VECTOR('',#9285,10.);
#2608=VECTOR('',#9286,10.);
#2609=VECTOR('',#9287,10.);
#2610=VECTOR('',#9290,10.);
#2611=VECTOR('',#9291,10.);
#2612=VECTOR('',#9294,10.);
#2613=VECTOR('',#9299,10.);
#2614=VECTOR('',#9300,10.);
#2615=VECTOR('',#9303,10.);
#2616=VECTOR('',#9308,10.);
#2617=VECTOR('',#9309,10.);
#2618=VECTOR('',#9312,10.);
#2619=VECTOR('',#9317,10.);
#2620=VECTOR('',#9318,10.);
#2621=VECTOR('',#9321,10.);
#2622=VECTOR('',#9326,10.);
#2623=VECTOR('',#9327,10.);
#2624=VECTOR('',#9334,10.);
#2625=VECTOR('',#9339,10.);
#2626=VECTOR('',#9346,10.);
#2627=VECTOR('',#9351,10.);
#2628=VECTOR('',#9352,10.);
#2629=VECTOR('',#9353,10.);
#2630=VECTOR('',#9354,10.);
#2631=VECTOR('',#9361,10.);
#2632=VECTOR('',#9362,10.);
#2633=VECTOR('',#9363,10.);
#2634=VECTOR('',#9364,10.);
#2635=VECTOR('',#9379,10.);
#2636=VECTOR('',#9380,10.);
#2637=VECTOR('',#9383,10.);
#2638=VECTOR('',#9388,10.);
#2639=VECTOR('',#9389,10.);
#2640=VECTOR('',#9392,0.75);
#2641=VECTOR('',#9397,0.75);
#2642=VECTOR('',#9408,10.);
#2643=VECTOR('',#9409,10.);
#2644=VECTOR('',#9412,10.);
#2645=VECTOR('',#9413,10.);
#2646=VECTOR('',#9416,10.);
#2647=VECTOR('',#9419,10.);
#2648=VECTOR('',#9420,10.);
#2649=VECTOR('',#9423,10.);
#2650=VECTOR('',#9428,10.);
#2651=VECTOR('',#9429,10.);
#2652=VECTOR('',#9432,10.);
#2653=VECTOR('',#9437,10.);
#2654=VECTOR('',#9442,10.);
#2655=VECTOR('',#9447,10.);
#2656=VECTOR('',#9448,10.);
#2657=VECTOR('',#9455,10.);
#2658=VECTOR('',#9456,10.);
#2659=VECTOR('',#9457,10.);
#2660=VECTOR('',#9464,10.);
#2661=VECTOR('',#9465,10.);
#2662=VECTOR('',#9468,10.);
#2663=VECTOR('',#9473,10.);
#2664=VECTOR('',#9474,10.);
#2665=VECTOR('',#9477,10.);
#2666=VECTOR('',#9482,10.);
#2667=VECTOR('',#9483,10.);
#2668=VECTOR('',#9486,10.);
#2669=VECTOR('',#9487,10.);
#2670=VECTOR('',#9490,10.);
#2671=VECTOR('',#9491,10.);
#2672=VECTOR('',#9500,10.);
#2673=VECTOR('',#9501,10.);
#2674=VECTOR('',#9502,10.);
#2675=VECTOR('',#9503,10.);
#2676=VECTOR('',#9506,10.);
#2677=VECTOR('',#9507,10.);
#2678=VECTOR('',#9508,10.);
#2679=VECTOR('',#9511,10.);
#2680=VECTOR('',#9512,10.);
#2681=VECTOR('',#9513,10.);
#2682=VECTOR('',#9516,10.);
#2683=VECTOR('',#9517,10.);
#2684=VECTOR('',#9520,10.);
#2685=VECTOR('',#9521,10.);
#2686=VECTOR('',#9524,10.);
#2687=VECTOR('',#9533,10.);
#2688=VECTOR('',#9544,10.);
#2689=VECTOR('',#9555,10.);
#2690=VECTOR('',#9564,10.);
#2691=VECTOR('',#9575,10.);
#2692=VECTOR('',#9586,10.);
#2693=VECTOR('',#9597,10.);
#2694=VECTOR('',#9608,10.);
#2695=VECTOR('',#9611,10.);
#2696=VECTOR('',#9614,10.);
#2697=VECTOR('',#9615,10.);
#2698=VECTOR('',#9618,10.);
#2699=VECTOR('',#9623,10.);
#2700=VECTOR('',#9624,10.);
#2701=VECTOR('',#9639,10.);
#2702=VECTOR('',#9644,10.);
#2703=VECTOR('',#9645,10.);
#2704=VECTOR('',#9650,10.);
#2705=VECTOR('',#9655,10.);
#2706=VECTOR('',#9656,10.);
#2707=VECTOR('',#9659,10.);
#2708=VECTOR('',#9664,10.);
#2709=VECTOR('',#9665,10.);
#2710=VECTOR('',#9668,10.);
#2711=VECTOR('',#9673,10.);
#2712=VECTOR('',#9674,10.);
#2713=VECTOR('',#9685,10.);
#2714=VECTOR('',#9690,10.);
#2715=VECTOR('',#9695,10.);
#2716=VECTOR('',#9696,10.);
#2717=VECTOR('',#9697,10.);
#2718=VECTOR('',#9698,10.);
#2719=VECTOR('',#9701,10.);
#2720=VECTOR('',#9702,10.);
#2721=VECTOR('',#9703,10.);
#2722=VECTOR('',#9706,10.);
#2723=VECTOR('',#9707,10.);
#2724=VECTOR('',#9708,10.);
#2725=VECTOR('',#9711,10.);
#2726=VECTOR('',#9712,10.);
#2727=VECTOR('',#9717,10.);
#2728=VECTOR('',#9718,10.);
#2729=VECTOR('',#9719,10.);
#2730=VECTOR('',#9720,10.);
#2731=VECTOR('',#9723,10.);
#2732=VECTOR('',#9724,10.);
#2733=VECTOR('',#9725,10.);
#2734=VECTOR('',#9728,10.);
#2735=VECTOR('',#9729,10.);
#2736=VECTOR('',#9730,10.);
#2737=VECTOR('',#9733,10.);
#2738=VECTOR('',#9734,10.);
#2739=VECTOR('',#9743,0.165686999420279);
#2740=VECTOR('',#9748,10.);
#2741=VECTOR('',#9749,10.);
#2742=VECTOR('',#9750,10.);
#2743=VECTOR('',#9751,10.);
#2744=VECTOR('',#9754,10.);
#2745=VECTOR('',#9755,10.);
#2746=VECTOR('',#9756,10.);
#2747=VECTOR('',#9759,10.);
#2748=VECTOR('',#9760,10.);
#2749=VECTOR('',#9761,10.);
#2750=VECTOR('',#9764,10.);
#2751=VECTOR('',#9765,10.);
#2752=VECTOR('',#9774,0.165686999420279);
#2753=VECTOR('',#9779,10.);
#2754=VECTOR('',#9780,10.);
#2755=VECTOR('',#9781,10.);
#2756=VECTOR('',#9782,10.);
#2757=VECTOR('',#9785,10.);
#2758=VECTOR('',#9786,10.);
#2759=VECTOR('',#9787,10.);
#2760=VECTOR('',#9790,10.);
#2761=VECTOR('',#9791,10.);
#2762=VECTOR('',#9792,10.);
#2763=VECTOR('',#9795,10.);
#2764=VECTOR('',#9796,10.);
#2765=VECTOR('',#9803,10.);
#2766=VECTOR('',#9804,10.);
#2767=VECTOR('',#9805,10.);
#2768=VECTOR('',#9806,10.);
#2769=VECTOR('',#9809,10.);
#2770=VECTOR('',#9810,10.);
#2771=VECTOR('',#9811,10.);
#2772=VECTOR('',#9814,10.);
#2773=VECTOR('',#9815,10.);
#2774=VECTOR('',#9816,10.);
#2775=VECTOR('',#9819,10.);
#2776=VECTOR('',#9820,10.);
#2777=VECTOR('',#9827,10.);
#2778=VECTOR('',#9828,10.);
#2779=VECTOR('',#9829,10.);
#2780=VECTOR('',#9830,10.);
#2781=VECTOR('',#9833,10.);
#2782=VECTOR('',#9834,10.);
#2783=VECTOR('',#9835,10.);
#2784=VECTOR('',#9838,10.);
#2785=VECTOR('',#9839,10.);
#2786=VECTOR('',#9840,10.);
#2787=VECTOR('',#9843,10.);
#2788=VECTOR('',#9844,10.);
#2789=VECTOR('',#9851,10.);
#2790=VECTOR('',#9852,10.);
#2791=VECTOR('',#9853,10.);
#2792=VECTOR('',#9854,10.);
#2793=VECTOR('',#9857,10.);
#2794=VECTOR('',#9858,10.);
#2795=VECTOR('',#9859,10.);
#2796=VECTOR('',#9862,10.);
#2797=VECTOR('',#9863,10.);
#2798=VECTOR('',#9864,10.);
#2799=VECTOR('',#9867,10.);
#2800=VECTOR('',#9868,10.);
#2801=VECTOR('',#9875,10.);
#2802=VECTOR('',#9876,10.);
#2803=VECTOR('',#9877,10.);
#2804=VECTOR('',#9878,10.);
#2805=VECTOR('',#9881,10.);
#2806=VECTOR('',#9882,10.);
#2807=VECTOR('',#9883,10.);
#2808=VECTOR('',#9886,10.);
#2809=VECTOR('',#9887,10.);
#2810=VECTOR('',#9888,10.);
#2811=VECTOR('',#9891,10.);
#2812=VECTOR('',#9892,10.);
#2813=VECTOR('',#9893,10.);
#2814=VECTOR('',#9896,10.);
#2815=VECTOR('',#9897,10.);
#2816=VECTOR('',#9898,10.);
#2817=VECTOR('',#9901,10.);
#2818=VECTOR('',#9902,10.);
#2819=VECTOR('',#9909,10.);
#2820=VECTOR('',#9910,10.);
#2821=VECTOR('',#9911,10.);
#2822=VECTOR('',#9912,10.);
#2823=VECTOR('',#9915,10.);
#2824=VECTOR('',#9916,10.);
#2825=VECTOR('',#9917,10.);
#2826=VECTOR('',#9920,10.);
#2827=VECTOR('',#9921,10.);
#2828=VECTOR('',#9922,10.);
#2829=VECTOR('',#9925,10.);
#2830=VECTOR('',#9926,10.);
#2831=VECTOR('',#9933,10.);
#2832=VECTOR('',#9934,10.);
#2833=VECTOR('',#9935,10.);
#2834=VECTOR('',#9936,10.);
#2835=VECTOR('',#9939,10.);
#2836=VECTOR('',#9940,10.);
#2837=VECTOR('',#9941,10.);
#2838=VECTOR('',#9944,10.);
#2839=VECTOR('',#9945,10.);
#2840=VECTOR('',#9946,10.);
#2841=VECTOR('',#9949,10.);
#2842=VECTOR('',#9950,10.);
#2843=VECTOR('',#9957,10.);
#2844=VECTOR('',#9958,10.);
#2845=VECTOR('',#9959,10.);
#2846=VECTOR('',#9960,10.);
#2847=VECTOR('',#9963,10.);
#2848=VECTOR('',#9964,10.);
#2849=VECTOR('',#9965,10.);
#2850=VECTOR('',#9968,10.);
#2851=VECTOR('',#9969,10.);
#2852=VECTOR('',#9970,10.);
#2853=VECTOR('',#9973,10.);
#2854=VECTOR('',#9974,10.);
#2855=VECTOR('',#9981,10.);
#2856=VECTOR('',#9982,10.);
#2857=VECTOR('',#9983,10.);
#2858=VECTOR('',#9984,10.);
#2859=VECTOR('',#9987,10.);
#2860=VECTOR('',#9988,10.);
#2861=VECTOR('',#9989,10.);
#2862=VECTOR('',#9992,10.);
#2863=VECTOR('',#9993,10.);
#2864=VECTOR('',#9994,10.);
#2865=VECTOR('',#9997,10.);
#2866=VECTOR('',#9998,10.);
#2867=VECTOR('',#10005,10.);
#2868=VECTOR('',#10006,10.);
#2869=VECTOR('',#10007,10.);
#2870=VECTOR('',#10008,10.);
#2871=VECTOR('',#10011,10.);
#2872=VECTOR('',#10012,10.);
#2873=VECTOR('',#10013,10.);
#2874=VECTOR('',#10016,10.);
#2875=VECTOR('',#10017,10.);
#2876=VECTOR('',#10018,10.);
#2877=VECTOR('',#10021,10.);
#2878=VECTOR('',#10022,10.);
#2879=VECTOR('',#10029,10.);
#2880=VECTOR('',#10030,10.);
#2881=VECTOR('',#10031,10.);
#2882=VECTOR('',#10032,10.);
#2883=VECTOR('',#10035,10.);
#2884=VECTOR('',#10036,10.);
#2885=VECTOR('',#10037,10.);
#2886=VECTOR('',#10040,10.);
#2887=VECTOR('',#10041,10.);
#2888=VECTOR('',#10042,10.);
#2889=VECTOR('',#10045,10.);
#2890=VECTOR('',#10046,10.);
#2891=VECTOR('',#10053,10.);
#2892=VECTOR('',#10054,10.);
#2893=VECTOR('',#10055,10.);
#2894=VECTOR('',#10056,10.);
#2895=VECTOR('',#10059,10.);
#2896=VECTOR('',#10060,10.);
#2897=VECTOR('',#10061,10.);
#2898=VECTOR('',#10064,10.);
#2899=VECTOR('',#10065,10.);
#2900=VECTOR('',#10066,10.);
#2901=VECTOR('',#10069,10.);
#2902=VECTOR('',#10070,10.);
#2903=VECTOR('',#10077,10.);
#2904=VECTOR('',#10078,10.);
#2905=VECTOR('',#10079,10.);
#2906=VECTOR('',#10080,10.);
#2907=VECTOR('',#10083,10.);
#2908=VECTOR('',#10084,10.);
#2909=VECTOR('',#10085,10.);
#2910=VECTOR('',#10088,10.);
#2911=VECTOR('',#10089,10.);
#2912=VECTOR('',#10090,10.);
#2913=VECTOR('',#10093,10.);
#2914=VECTOR('',#10094,10.);
#2915=VECTOR('',#10101,10.);
#2916=VECTOR('',#10102,10.);
#2917=VECTOR('',#10103,10.);
#2918=VECTOR('',#10104,10.);
#2919=VECTOR('',#10107,10.);
#2920=VECTOR('',#10108,10.);
#2921=VECTOR('',#10109,10.);
#2922=VECTOR('',#10112,10.);
#2923=VECTOR('',#10113,10.);
#2924=VECTOR('',#10114,10.);
#2925=VECTOR('',#10117,10.);
#2926=VECTOR('',#10118,10.);
#2927=VECTOR('',#10125,10.);
#2928=VECTOR('',#10126,10.);
#2929=VECTOR('',#10127,10.);
#2930=VECTOR('',#10128,10.);
#2931=VECTOR('',#10131,10.);
#2932=VECTOR('',#10132,10.);
#2933=VECTOR('',#10133,10.);
#2934=VECTOR('',#10136,10.);
#2935=VECTOR('',#10137,10.);
#2936=VECTOR('',#10138,10.);
#2937=VECTOR('',#10141,10.);
#2938=VECTOR('',#10142,10.);
#2939=VECTOR('',#10149,10.);
#2940=VECTOR('',#10150,10.);
#2941=VECTOR('',#10151,10.);
#2942=VECTOR('',#10152,10.);
#2943=VECTOR('',#10155,10.);
#2944=VECTOR('',#10156,10.);
#2945=VECTOR('',#10157,10.);
#2946=VECTOR('',#10160,10.);
#2947=VECTOR('',#10161,10.);
#2948=VECTOR('',#10162,10.);
#2949=VECTOR('',#10165,10.);
#2950=VECTOR('',#10166,10.);
#2951=VECTOR('',#10173,10.);
#2952=VECTOR('',#10174,10.);
#2953=VECTOR('',#10175,10.);
#2954=VECTOR('',#10176,10.);
#2955=VECTOR('',#10179,10.);
#2956=VECTOR('',#10180,10.);
#2957=VECTOR('',#10181,10.);
#2958=VECTOR('',#10184,10.);
#2959=VECTOR('',#10185,10.);
#2960=VECTOR('',#10186,10.);
#2961=VECTOR('',#10189,10.);
#2962=VECTOR('',#10190,10.);
#2963=VECTOR('',#10197,10.);
#2964=VECTOR('',#10198,10.);
#2965=VECTOR('',#10199,10.);
#2966=VECTOR('',#10200,10.);
#2967=VECTOR('',#10203,10.);
#2968=VECTOR('',#10204,10.);
#2969=VECTOR('',#10205,10.);
#2970=VECTOR('',#10208,10.);
#2971=VECTOR('',#10209,10.);
#2972=VECTOR('',#10210,10.);
#2973=VECTOR('',#10213,10.);
#2974=VECTOR('',#10214,10.);
#2975=VECTOR('',#10221,10.);
#2976=VECTOR('',#10222,10.);
#2977=VECTOR('',#10223,10.);
#2978=VECTOR('',#10224,10.);
#2979=VECTOR('',#10227,10.);
#2980=VECTOR('',#10228,10.);
#2981=VECTOR('',#10229,10.);
#2982=VECTOR('',#10232,10.);
#2983=VECTOR('',#10233,10.);
#2984=VECTOR('',#10234,10.);
#2985=VECTOR('',#10237,10.);
#2986=VECTOR('',#10238,10.);
#2987=VECTOR('',#10245,10.);
#2988=VECTOR('',#10246,10.);
#2989=VECTOR('',#10247,10.);
#2990=VECTOR('',#10248,10.);
#2991=VECTOR('',#10251,10.);
#2992=VECTOR('',#10252,10.);
#2993=VECTOR('',#10253,10.);
#2994=VECTOR('',#10256,10.);
#2995=VECTOR('',#10257,10.);
#2996=VECTOR('',#10258,10.);
#2997=VECTOR('',#10261,10.);
#2998=VECTOR('',#10262,10.);
#2999=VECTOR('',#10269,10.);
#3000=VECTOR('',#10270,10.);
#3001=VECTOR('',#10271,10.);
#3002=VECTOR('',#10272,10.);
#3003=VECTOR('',#10275,10.);
#3004=VECTOR('',#10276,10.);
#3005=VECTOR('',#10277,10.);
#3006=VECTOR('',#10280,10.);
#3007=VECTOR('',#10281,10.);
#3008=VECTOR('',#10282,10.);
#3009=VECTOR('',#10285,10.);
#3010=VECTOR('',#10286,10.);
#3011=VECTOR('',#10293,10.);
#3012=VECTOR('',#10294,10.);
#3013=VECTOR('',#10295,10.);
#3014=VECTOR('',#10296,10.);
#3015=VECTOR('',#10299,10.);
#3016=VECTOR('',#10300,10.);
#3017=VECTOR('',#10301,10.);
#3018=VECTOR('',#10304,10.);
#3019=VECTOR('',#10305,10.);
#3020=VECTOR('',#10306,10.);
#3021=VECTOR('',#10309,10.);
#3022=VECTOR('',#10310,10.);
#3023=VECTOR('',#10317,10.);
#3024=VECTOR('',#10318,10.);
#3025=VECTOR('',#10319,10.);
#3026=VECTOR('',#10320,10.);
#3027=VECTOR('',#10323,10.);
#3028=VECTOR('',#10324,10.);
#3029=VECTOR('',#10325,10.);
#3030=VECTOR('',#10328,10.);
#3031=VECTOR('',#10329,10.);
#3032=VECTOR('',#10330,10.);
#3033=VECTOR('',#10333,10.);
#3034=VECTOR('',#10334,10.);
#3035=VECTOR('',#10341,10.);
#3036=VECTOR('',#10342,10.);
#3037=VECTOR('',#10343,10.);
#3038=VECTOR('',#10344,10.);
#3039=VECTOR('',#10347,10.);
#3040=VECTOR('',#10348,10.);
#3041=VECTOR('',#10349,10.);
#3042=VECTOR('',#10352,10.);
#3043=VECTOR('',#10353,10.);
#3044=VECTOR('',#10354,10.);
#3045=VECTOR('',#10357,10.);
#3046=VECTOR('',#10358,10.);
#3047=VECTOR('',#10365,10.);
#3048=VECTOR('',#10366,10.);
#3049=VECTOR('',#10367,10.);
#3050=VECTOR('',#10368,10.);
#3051=VECTOR('',#10371,10.);
#3052=VECTOR('',#10372,10.);
#3053=VECTOR('',#10373,10.);
#3054=VECTOR('',#10376,10.);
#3055=VECTOR('',#10377,10.);
#3056=VECTOR('',#10378,10.);
#3057=VECTOR('',#10381,10.);
#3058=VECTOR('',#10382,10.);
#3059=VECTOR('',#10389,10.);
#3060=VECTOR('',#10390,10.);
#3061=VECTOR('',#10391,10.);
#3062=VECTOR('',#10392,10.);
#3063=VECTOR('',#10395,10.);
#3064=VECTOR('',#10396,10.);
#3065=VECTOR('',#10397,10.);
#3066=VECTOR('',#10400,10.);
#3067=VECTOR('',#10401,10.);
#3068=VECTOR('',#10402,10.);
#3069=VECTOR('',#10405,10.);
#3070=VECTOR('',#10406,10.);
#3071=VECTOR('',#10413,10.);
#3072=VECTOR('',#10414,10.);
#3073=VECTOR('',#10415,10.);
#3074=VECTOR('',#10416,10.);
#3075=VECTOR('',#10419,10.);
#3076=VECTOR('',#10420,10.);
#3077=VECTOR('',#10421,10.);
#3078=VECTOR('',#10424,10.);
#3079=VECTOR('',#10425,10.);
#3080=VECTOR('',#10426,10.);
#3081=VECTOR('',#10429,10.);
#3082=VECTOR('',#10430,10.);
#3083=VECTOR('',#10437,10.);
#3084=VECTOR('',#10438,10.);
#3085=VECTOR('',#10439,10.);
#3086=VECTOR('',#10440,10.);
#3087=VECTOR('',#10443,10.);
#3088=VECTOR('',#10444,10.);
#3089=VECTOR('',#10445,10.);
#3090=VECTOR('',#10448,10.);
#3091=VECTOR('',#10449,10.);
#3092=VECTOR('',#10450,10.);
#3093=VECTOR('',#10453,10.);
#3094=VECTOR('',#10454,10.);
#3095=VECTOR('',#10461,10.);
#3096=VECTOR('',#10462,10.);
#3097=VECTOR('',#10463,10.);
#3098=VECTOR('',#10464,10.);
#3099=VECTOR('',#10467,10.);
#3100=VECTOR('',#10468,10.);
#3101=VECTOR('',#10469,10.);
#3102=VECTOR('',#10472,10.);
#3103=VECTOR('',#10473,10.);
#3104=VECTOR('',#10474,10.);
#3105=VECTOR('',#10477,10.);
#3106=VECTOR('',#10478,10.);
#3107=VECTOR('',#10485,10.);
#3108=VECTOR('',#10486,10.);
#3109=VECTOR('',#10487,10.);
#3110=VECTOR('',#10488,10.);
#3111=VECTOR('',#10491,10.);
#3112=VECTOR('',#10492,10.);
#3113=VECTOR('',#10493,10.);
#3114=VECTOR('',#10496,10.);
#3115=VECTOR('',#10497,10.);
#3116=VECTOR('',#10498,10.);
#3117=VECTOR('',#10501,10.);
#3118=VECTOR('',#10502,10.);
#3119=VECTOR('',#10509,10.);
#3120=VECTOR('',#10510,10.);
#3121=VECTOR('',#10511,10.);
#3122=VECTOR('',#10512,10.);
#3123=VECTOR('',#10515,10.);
#3124=VECTOR('',#10516,10.);
#3125=VECTOR('',#10517,10.);
#3126=VECTOR('',#10520,10.);
#3127=VECTOR('',#10521,10.);
#3128=VECTOR('',#10522,10.);
#3129=VECTOR('',#10525,10.);
#3130=VECTOR('',#10526,10.);
#3131=VECTOR('',#10533,10.);
#3132=VECTOR('',#10534,10.);
#3133=VECTOR('',#10535,10.);
#3134=VECTOR('',#10536,10.);
#3135=VECTOR('',#10539,10.);
#3136=VECTOR('',#10540,10.);
#3137=VECTOR('',#10541,10.);
#3138=VECTOR('',#10544,10.);
#3139=VECTOR('',#10545,10.);
#3140=VECTOR('',#10546,10.);
#3141=VECTOR('',#10549,10.);
#3142=VECTOR('',#10550,10.);
#3143=VECTOR('',#10557,10.);
#3144=VECTOR('',#10558,10.);
#3145=VECTOR('',#10559,10.);
#3146=VECTOR('',#10560,10.);
#3147=VECTOR('',#10563,10.);
#3148=VECTOR('',#10564,10.);
#3149=VECTOR('',#10565,10.);
#3150=VECTOR('',#10568,10.);
#3151=VECTOR('',#10569,10.);
#3152=VECTOR('',#10572,10.);
#3153=VECTOR('',#10573,10.);
#3154=VECTOR('',#10576,10.);
#3155=VECTOR('',#10581,10.);
#3156=VECTOR('',#10582,10.);
#3157=VECTOR('',#10583,10.);
#3158=VECTOR('',#10584,10.);
#3159=VECTOR('',#10587,10.);
#3160=VECTOR('',#10588,10.);
#3161=VECTOR('',#10589,10.);
#3162=VECTOR('',#10592,10.);
#3163=VECTOR('',#10593,10.);
#3164=VECTOR('',#10596,10.);
#3165=VECTOR('',#10597,10.);
#3166=VECTOR('',#10600,10.);
#3167=VECTOR('',#10605,10.);
#3168=VECTOR('',#10606,10.);
#3169=VECTOR('',#10607,10.);
#3170=VECTOR('',#10608,10.);
#3171=VECTOR('',#10611,10.);
#3172=VECTOR('',#10612,10.);
#3173=VECTOR('',#10613,10.);
#3174=VECTOR('',#10616,10.);
#3175=VECTOR('',#10617,10.);
#3176=VECTOR('',#10620,10.);
#3177=VECTOR('',#10621,10.);
#3178=VECTOR('',#10624,10.);
#3179=VECTOR('',#10629,10.);
#3180=VECTOR('',#10630,10.);
#3181=VECTOR('',#10631,10.);
#3182=VECTOR('',#10632,10.);
#3183=VECTOR('',#10635,10.);
#3184=VECTOR('',#10636,10.);
#3185=VECTOR('',#10637,10.);
#3186=VECTOR('',#10640,10.);
#3187=VECTOR('',#10641,10.);
#3188=VECTOR('',#10644,10.);
#3189=VECTOR('',#10645,10.);
#3190=VECTOR('',#10648,10.);
#3191=VECTOR('',#10653,10.);
#3192=VECTOR('',#10654,10.);
#3193=VECTOR('',#10655,10.);
#3194=VECTOR('',#10656,10.);
#3195=VECTOR('',#10659,10.);
#3196=VECTOR('',#10660,10.);
#3197=VECTOR('',#10661,10.);
#3198=VECTOR('',#10664,10.);
#3199=VECTOR('',#10665,10.);
#3200=VECTOR('',#10668,10.);
#3201=VECTOR('',#10669,10.);
#3202=VECTOR('',#10672,10.);
#3203=VECTOR('',#10677,10.);
#3204=VECTOR('',#10678,10.);
#3205=VECTOR('',#10679,10.);
#3206=VECTOR('',#10680,10.);
#3207=VECTOR('',#10683,10.);
#3208=VECTOR('',#10684,10.);
#3209=VECTOR('',#10685,10.);
#3210=VECTOR('',#10688,10.);
#3211=VECTOR('',#10689,10.);
#3212=VECTOR('',#10692,10.);
#3213=VECTOR('',#10693,10.);
#3214=VECTOR('',#10696,10.);
#3215=VECTOR('',#10701,10.);
#3216=VECTOR('',#10702,10.);
#3217=VECTOR('',#10703,10.);
#3218=VECTOR('',#10704,10.);
#3219=VECTOR('',#10707,10.);
#3220=VECTOR('',#10708,10.);
#3221=VECTOR('',#10709,10.);
#3222=VECTOR('',#10712,10.);
#3223=VECTOR('',#10713,10.);
#3224=VECTOR('',#10716,10.);
#3225=VECTOR('',#10717,10.);
#3226=VECTOR('',#10720,10.);
#3227=VECTOR('',#10725,10.);
#3228=VECTOR('',#10726,10.);
#3229=VECTOR('',#10727,10.);
#3230=VECTOR('',#10728,10.);
#3231=VECTOR('',#10731,10.);
#3232=VECTOR('',#10732,10.);
#3233=VECTOR('',#10733,10.);
#3234=VECTOR('',#10736,10.);
#3235=VECTOR('',#10737,10.);
#3236=VECTOR('',#10740,10.);
#3237=VECTOR('',#10741,10.);
#3238=VECTOR('',#10744,10.);
#3239=VECTOR('',#10749,10.);
#3240=VECTOR('',#10750,10.);
#3241=VECTOR('',#10751,10.);
#3242=VECTOR('',#10752,10.);
#3243=VECTOR('',#10755,10.);
#3244=VECTOR('',#10756,10.);
#3245=VECTOR('',#10757,10.);
#3246=VECTOR('',#10760,10.);
#3247=VECTOR('',#10761,10.);
#3248=VECTOR('',#10764,10.);
#3249=VECTOR('',#10765,10.);
#3250=VECTOR('',#10768,10.);
#3251=VECTOR('',#10773,10.);
#3252=VECTOR('',#10774,10.);
#3253=VECTOR('',#10775,10.);
#3254=VECTOR('',#10776,10.);
#3255=VECTOR('',#10779,10.);
#3256=VECTOR('',#10780,10.);
#3257=VECTOR('',#10781,10.);
#3258=VECTOR('',#10784,10.);
#3259=VECTOR('',#10785,10.);
#3260=VECTOR('',#10788,10.);
#3261=VECTOR('',#10789,10.);
#3262=VECTOR('',#10792,10.);
#3263=VECTOR('',#10797,10.);
#3264=VECTOR('',#10798,10.);
#3265=VECTOR('',#10799,10.);
#3266=VECTOR('',#10800,10.);
#3267=VECTOR('',#10803,10.);
#3268=VECTOR('',#10804,10.);
#3269=VECTOR('',#10805,10.);
#3270=VECTOR('',#10808,10.);
#3271=VECTOR('',#10809,10.);
#3272=VECTOR('',#10812,10.);
#3273=VECTOR('',#10813,10.);
#3274=VECTOR('',#10816,10.);
#3275=VECTOR('',#10821,10.);
#3276=VECTOR('',#10822,10.);
#3277=VECTOR('',#10823,10.);
#3278=VECTOR('',#10824,10.);
#3279=VECTOR('',#10827,10.);
#3280=VECTOR('',#10828,10.);
#3281=VECTOR('',#10829,10.);
#3282=VECTOR('',#10832,10.);
#3283=VECTOR('',#10833,10.);
#3284=VECTOR('',#10836,10.);
#3285=VECTOR('',#10837,10.);
#3286=VECTOR('',#10840,10.);
#3287=CIRCLE('',#7886,0.143814833538798);
#3288=CIRCLE('',#7887,0.165686999420279);
#3289=CIRCLE('',#7890,0.143814833538798);
#3290=CIRCLE('',#7891,0.165686999420279);
#3291=CIRCLE('',#7894,0.3);
#3292=CIRCLE('',#7895,0.3);
#3293=CIRCLE('',#7898,0.3);
#3294=CIRCLE('',#7899,0.3);
#3295=CIRCLE('',#7902,0.3);
#3296=CIRCLE('',#7903,0.3);
#3297=CIRCLE('',#7906,0.3);
#3298=CIRCLE('',#7907,0.3);
#3299=CIRCLE('',#7910,0.3);
#3300=CIRCLE('',#7911,0.3);
#3301=CIRCLE('',#7914,0.05);
#3302=CIRCLE('',#7915,0.05);
#3303=CIRCLE('',#7917,0.05);
#3304=CIRCLE('',#7918,0.25);
#3305=CIRCLE('',#7919,0.2);
#3306=CIRCLE('',#7921,0.0500000000000003);
#3307=CIRCLE('',#7923,0.05);
#3308=CIRCLE('',#7924,0.25);
#3309=CIRCLE('',#7925,0.2);
#3310=CIRCLE('',#7927,0.05);
#3311=CIRCLE('',#7929,0.05);
#3312=CIRCLE('',#7930,0.25);
#3313=CIRCLE('',#7931,0.2);
#3314=CIRCLE('',#7933,0.05);
#3315=CIRCLE('',#7935,0.25);
#3316=CIRCLE('',#7936,0.2);
#3317=CIRCLE('',#7938,0.2);
#3318=CIRCLE('',#7941,0.2);
#3319=CIRCLE('',#7944,0.2);
#3320=CIRCLE('',#7945,0.2);
#3321=CIRCLE('',#7946,0.200000000000001);
#3322=CIRCLE('',#7947,0.2);
#3323=CIRCLE('',#7953,0.05);
#3324=CIRCLE('',#7960,0.05);
#3325=CIRCLE('',#7961,0.25);
#3326=CIRCLE('',#7963,0.05);
#3327=CIRCLE('',#7965,0.05);
#3328=CIRCLE('',#7966,0.25);
#3329=CIRCLE('',#7968,0.05);
#3330=CIRCLE('',#7970,0.05);
#3331=CIRCLE('',#7971,0.25);
#3332=CIRCLE('',#7973,0.05);
#3333=CIRCLE('',#7975,0.05);
#3334=CIRCLE('',#7976,0.25);
#3335=CIRCLE('',#7980,0.25);
#3336=CIRCLE('',#7983,0.25);
#3337=CIRCLE('',#7986,0.05);
#3338=CIRCLE('',#7987,0.2);
#3339=CIRCLE('',#7988,0.05);
#3340=CIRCLE('',#7989,0.25);
#3341=CIRCLE('',#7991,0.05);
#3342=CIRCLE('',#7993,0.05);
#3343=CIRCLE('',#7994,0.25);
#3344=CIRCLE('',#7995,0.2);
#3345=CIRCLE('',#7997,0.05);
#3346=CIRCLE('',#7999,0.05);
#3347=CIRCLE('',#8000,0.249999999999999);
#3348=CIRCLE('',#8001,0.199999999999999);
#3349=CIRCLE('',#8003,0.05);
#3350=CIRCLE('',#8005,0.05);
#3351=CIRCLE('',#8006,0.25);
#3352=CIRCLE('',#8007,0.2);
#3353=CIRCLE('',#8011,0.2);
#3354=CIRCLE('',#8014,0.2);
#3355=CIRCLE('',#8016,0.45);
#3356=CIRCLE('',#8017,0.4);
#3357=CIRCLE('',#8018,0.240525708216251);
#3358=CIRCLE('',#8019,0.309474291783745);
#3359=CIRCLE('',#8020,0.309474291783744);
#3360=CIRCLE('',#8021,0.240525708216253);
#3361=CIRCLE('',#8022,0.225);
#3362=CIRCLE('',#8023,0.225);
#3363=CIRCLE('',#8024,0.240525708216254);
#3364=CIRCLE('',#8025,0.309474291783743);
#3365=CIRCLE('',#8026,0.309474291783743);
#3366=CIRCLE('',#8027,0.240525708216253);
#3367=CIRCLE('',#8028,0.4);
#3368=CIRCLE('',#8029,0.3);
#3369=CIRCLE('',#8030,0.299999999999999);
#3370=CIRCLE('',#8031,0.3);
#3371=CIRCLE('',#8032,0.3);
#3372=CIRCLE('',#8033,0.15);
#3373=CIRCLE('',#8034,0.15);
#3374=CIRCLE('',#8035,0.15);
#3375=CIRCLE('',#8036,0.15);
#3376=CIRCLE('',#8049,0.0499999999999999);
#3377=CIRCLE('',#8052,0.4);
#3378=CIRCLE('',#8053,0.05);
#3379=CIRCLE('',#8061,0.05);
#3380=CIRCLE('',#8064,0.35);
#3381=CIRCLE('',#8065,0.05);
#3382=CIRCLE('',#8074,0.0499999999999998);
#3383=CIRCLE('',#8077,0.175);
#3384=CIRCLE('',#8078,0.05);
#3385=CIRCLE('',#8088,0.05);
#3386=CIRCLE('',#8091,0.175);
#3387=CIRCLE('',#8092,0.0499999999999998);
#3388=CIRCLE('',#8095,0.0500000000000003);
#3389=CIRCLE('',#8097,0.35);
#3390=CIRCLE('',#8098,0.05);
#3391=CIRCLE('',#8103,0.0500000000000006);
#3392=CIRCLE('',#8106,0.05);
#3393=CIRCLE('',#8111,0.05);
#3394=CIRCLE('',#8114,0.05);
#3395=CIRCLE('',#8115,0.1);
#3396=CIRCLE('',#8117,0.05);
#3397=CIRCLE('',#8119,0.05);
#3398=CIRCLE('',#8120,0.1);
#3399=CIRCLE('',#8123,0.05);
#3400=CIRCLE('',#8126,0.05);
#3401=CIRCLE('',#8127,0.25);
#3402=CIRCLE('',#8129,0.05);
#3403=CIRCLE('',#8131,0.05);
#3404=CIRCLE('',#8132,0.249999999999999);
#3405=CIRCLE('',#8134,0.05);
#3406=CIRCLE('',#8136,0.05);
#3407=CIRCLE('',#8137,0.25);
#3408=CIRCLE('',#8139,0.05);
#3409=CIRCLE('',#8141,0.05);
#3410=CIRCLE('',#8142,0.25);
#3411=CIRCLE('',#8145,0.05);
#3412=CIRCLE('',#8146,0.1);
#3413=CIRCLE('',#8148,0.0499999999999998);
#3414=CIRCLE('',#8150,0.05);
#3415=CIRCLE('',#8151,0.1);
#3416=CIRCLE('',#8156,0.25);
#3417=CIRCLE('',#8159,0.25);
#3418=CIRCLE('',#8162,0.249999999999999);
#3419=CIRCLE('',#8165,0.25);
#3420=CIRCLE('',#8168,0.0905428478407988);
#3421=CIRCLE('',#8170,0.0905428478407988);
#3422=CIRCLE('',#8172,0.0905428478407988);
#3423=CIRCLE('',#8174,0.0905428478407999);
#3424=CIRCLE('',#8178,0.05);
#3425=CIRCLE('',#8181,0.05);
#3426=CIRCLE('',#8183,0.75);
#3427=CIRCLE('',#8185,0.75);
#3428=CIRCLE('',#8188,0.2);
#3429=CIRCLE('',#8191,0.75);
#3430=CIRCLE('',#8193,0.75);
#3431=CIRCLE('',#8195,0.199999999999999);
#3432=CIRCLE('',#8202,0.2);
#3433=CIRCLE('',#8205,0.2);
#3434=CIRCLE('',#8209,0.25);
#3435=CIRCLE('',#8212,0.25);
#3436=CIRCLE('',#8215,0.1);
#3437=CIRCLE('',#8218,0.1);
#3438=CIRCLE('',#8221,0.1);
#3439=CIRCLE('',#8226,0.1);
#3440=CIRCLE('',#8236,0.0499999999999997);
#3441=CIRCLE('',#8237,0.0499999999999995);
#3442=CIRCLE('',#8239,0.05);
#3443=CIRCLE('',#8240,0.259491425534966);
#3444=CIRCLE('',#8242,0.0499999999999995);
#3445=CIRCLE('',#8244,0.05);
#3446=CIRCLE('',#8245,0.259491425534966);
#3447=CIRCLE('',#8247,0.05);
#3448=CIRCLE('',#8249,0.0500000000000006);
#3449=CIRCLE('',#8250,0.290508574465032);
#3450=CIRCLE('',#8253,0.0500000000000006);
#3451=CIRCLE('',#8254,0.290508574465031);
#3452=CIRCLE('',#8256,0.05);
#3453=CIRCLE('',#8258,0.05);
#3454=CIRCLE('',#8259,0.259491425534967);
#3455=CIRCLE('',#8261,0.0499999999999995);
#3456=CIRCLE('',#8263,0.05);
#3457=CIRCLE('',#8264,0.259491425534967);
#3458=CIRCLE('',#8266,0.0500000000000006);
#3459=CIRCLE('',#8268,0.290508574465029);
#3460=CIRCLE('',#8270,0.290508574465031);
#3461=CIRCLE('',#8272,0.15);
#3462=CIRCLE('',#8275,0.15);
#3463=CIRCLE('',#8278,0.399999999999996);
#3464=CIRCLE('',#8280,0.2);
#3465=CIRCLE('',#8282,0.2);
#3466=CIRCLE('',#8284,0.399999999999998);
#3467=CIRCLE('',#8288,0.149999999999998);
#3468=CIRCLE('',#8291,0.149999999999998);
#3469=CIRCLE('',#8294,0.399999999999999);
#3470=CIRCLE('',#8297,0.200000000000001);
#3471=CIRCLE('',#8299,0.2);
#3472=CIRCLE('',#8301,0.399999999999997);
#3473=CIRCLE('',#8316,0.165686999420279);
#3474=CIRCLE('',#8317,0.165686999420279);
#3475=CIRCLE('',#8325,0.165686999420279);
#3476=CIRCLE('',#8326,0.165686999420279);
#3477=VERTEX_POINT('',#10845);
#3478=VERTEX_POINT('',#10847);
#3479=VERTEX_POINT('',#10852);
#3480=VERTEX_POINT('',#10854);
#3481=VERTEX_POINT('',#10859);
#3482=VERTEX_POINT('',#10861);
#3483=VERTEX_POINT('',#10866);
#3484=VERTEX_POINT('',#10868);
#3485=VERTEX_POINT('',#10873);
#3486=VERTEX_POINT('',#10875);
#3487=VERTEX_POINT('',#10880);
#3488=VERTEX_POINT('',#10882);
#3489=VERTEX_POINT('',#10887);
#3490=VERTEX_POINT('',#10889);
#3491=VERTEX_POINT('',#10894);
#3492=VERTEX_POINT('',#10895);
#3493=VERTEX_POINT('',#10897);
#3494=VERTEX_POINT('',#10899);
#3495=VERTEX_POINT('',#10903);
#3496=VERTEX_POINT('',#10904);
#3497=VERTEX_POINT('',#10909);
#3498=VERTEX_POINT('',#10910);
#3499=VERTEX_POINT('',#10915);
#3500=VERTEX_POINT('',#10916);
#3501=VERTEX_POINT('',#10921);
#3502=VERTEX_POINT('',#10922);
#3503=VERTEX_POINT('',#10927);
#3504=VERTEX_POINT('',#10928);
#3505=VERTEX_POINT('',#10933);
#3506=VERTEX_POINT('',#10934);
#3507=VERTEX_POINT('',#10942);
#3508=VERTEX_POINT('',#10944);
#3509=VERTEX_POINT('',#10948);
#3510=VERTEX_POINT('',#10952);
#3511=VERTEX_POINT('',#10956);
#3512=VERTEX_POINT('',#10960);
#3513=VERTEX_POINT('',#10961);
#3514=VERTEX_POINT('',#10963);
#3515=VERTEX_POINT('',#10965);
#3516=VERTEX_POINT('',#10967);
#3517=VERTEX_POINT('',#10969);
#3518=VERTEX_POINT('',#10971);
#3519=VERTEX_POINT('',#10973);
#3520=VERTEX_POINT('',#10975);
#3521=VERTEX_POINT('',#10977);
#3522=VERTEX_POINT('',#10979);
#3523=VERTEX_POINT('',#10981);
#3524=VERTEX_POINT('',#10985);
#3525=VERTEX_POINT('',#10987);
#3526=VERTEX_POINT('',#10989);
#3527=VERTEX_POINT('',#10993);
#3528=VERTEX_POINT('',#10994);
#3529=VERTEX_POINT('',#10999);
#3530=VERTEX_POINT('',#11001);
#3531=VERTEX_POINT('',#11007);
#3532=VERTEX_POINT('',#11011);
#3533=VERTEX_POINT('',#11015);
#3534=VERTEX_POINT('',#11019);
#3535=VERTEX_POINT('',#11023);
#3536=VERTEX_POINT('',#11027);
#3537=VERTEX_POINT('',#11031);
#3538=VERTEX_POINT('',#11037);
#3539=VERTEX_POINT('',#11039);
#3540=VERTEX_POINT('',#11043);
#3541=VERTEX_POINT('',#11047);
#3542=VERTEX_POINT('',#11051);
#3543=VERTEX_POINT('',#11055);
#3544=VERTEX_POINT('',#11057);
#3545=VERTEX_POINT('',#11061);
#3546=VERTEX_POINT('',#11062);
#3547=VERTEX_POINT('',#11064);
#3548=VERTEX_POINT('',#11066);
#3549=VERTEX_POINT('',#11070);
#3550=VERTEX_POINT('',#11071);
#3551=VERTEX_POINT('',#11076);
#3552=VERTEX_POINT('',#11077);
#3553=VERTEX_POINT('',#11082);
#3554=VERTEX_POINT('',#11083);
#3555=VERTEX_POINT('',#11088);
#3556=VERTEX_POINT('',#11089);
#3557=VERTEX_POINT('',#11094);
#3558=VERTEX_POINT('',#11095);
#3559=VERTEX_POINT('',#11100);
#3560=VERTEX_POINT('',#11101);
#3561=VERTEX_POINT('',#11109);
#3562=VERTEX_POINT('',#11111);
#3563=VERTEX_POINT('',#11115);
#3564=VERTEX_POINT('',#11119);
#3565=VERTEX_POINT('',#11123);
#3566=VERTEX_POINT('',#11127);
#3567=VERTEX_POINT('',#11128);
#3568=VERTEX_POINT('',#11130);
#3569=VERTEX_POINT('',#11132);
#3570=VERTEX_POINT('',#11134);
#3571=VERTEX_POINT('',#11136);
#3572=VERTEX_POINT('',#11138);
#3573=VERTEX_POINT('',#11140);
#3574=VERTEX_POINT('',#11142);
#3575=VERTEX_POINT('',#11144);
#3576=VERTEX_POINT('',#11146);
#3577=VERTEX_POINT('',#11148);
#3578=VERTEX_POINT('',#11150);
#3579=VERTEX_POINT('',#11152);
#3580=VERTEX_POINT('',#11154);
#3581=VERTEX_POINT('',#11156);
#3582=VERTEX_POINT('',#11158);
#3583=VERTEX_POINT('',#11160);
#3584=VERTEX_POINT('',#11162);
#3585=VERTEX_POINT('',#11164);
#3586=VERTEX_POINT('',#11166);
#3587=VERTEX_POINT('',#11168);
#3588=VERTEX_POINT('',#11170);
#3589=VERTEX_POINT('',#11172);
#3590=VERTEX_POINT('',#11174);
#3591=VERTEX_POINT('',#11176);
#3592=VERTEX_POINT('',#11178);
#3593=VERTEX_POINT('',#11180);
#3594=VERTEX_POINT('',#11182);
#3595=VERTEX_POINT('',#11184);
#3596=VERTEX_POINT('',#11186);
#3597=VERTEX_POINT('',#11188);
#3598=VERTEX_POINT('',#11190);
#3599=VERTEX_POINT('',#11192);
#3600=VERTEX_POINT('',#11194);
#3601=VERTEX_POINT('',#11196);
#3602=VERTEX_POINT('',#11199);
#3603=VERTEX_POINT('',#11200);
#3604=VERTEX_POINT('',#11202);
#3605=VERTEX_POINT('',#11204);
#3606=VERTEX_POINT('',#11207);
#3607=VERTEX_POINT('',#11208);
#3608=VERTEX_POINT('',#11210);
#3609=VERTEX_POINT('',#11212);
#3610=VERTEX_POINT('',#11214);
#3611=VERTEX_POINT('',#11216);
#3612=VERTEX_POINT('',#11218);
#3613=VERTEX_POINT('',#11220);
#3614=VERTEX_POINT('',#11222);
#3615=VERTEX_POINT('',#11224);
#3616=VERTEX_POINT('',#11226);
#3617=VERTEX_POINT('',#11228);
#3618=VERTEX_POINT('',#11230);
#3619=VERTEX_POINT('',#11232);
#3620=VERTEX_POINT('',#11234);
#3621=VERTEX_POINT('',#11236);
#3622=VERTEX_POINT('',#11238);
#3623=VERTEX_POINT('',#11240);
#3624=VERTEX_POINT('',#11242);
#3625=VERTEX_POINT('',#11244);
#3626=VERTEX_POINT('',#11248);
#3627=VERTEX_POINT('',#11250);
#3628=VERTEX_POINT('',#11254);
#3629=VERTEX_POINT('',#11256);
#3630=VERTEX_POINT('',#11264);
#3631=VERTEX_POINT('',#11266);
#3632=VERTEX_POINT('',#11270);
#3633=VERTEX_POINT('',#11274);
#3634=VERTEX_POINT('',#11275);
#3635=VERTEX_POINT('',#11277);
#3636=VERTEX_POINT('',#11282);
#3637=VERTEX_POINT('',#11286);
#3638=VERTEX_POINT('',#11288);
#3639=VERTEX_POINT('',#11292);
#3640=VERTEX_POINT('',#11296);
#3641=VERTEX_POINT('',#11297);
#3642=VERTEX_POINT('',#11299);
#3643=VERTEX_POINT('',#11304);
#3644=VERTEX_POINT('',#11308);
#3645=VERTEX_POINT('',#11310);
#3646=VERTEX_POINT('',#11316);
#3647=VERTEX_POINT('',#11318);
#3648=VERTEX_POINT('',#11320);
#3649=VERTEX_POINT('',#11322);
#3650=VERTEX_POINT('',#11324);
#3651=VERTEX_POINT('',#11329);
#3652=VERTEX_POINT('',#11330);
#3653=VERTEX_POINT('',#11332);
#3654=VERTEX_POINT('',#11337);
#3655=VERTEX_POINT('',#11341);
#3656=VERTEX_POINT('',#11343);
#3657=VERTEX_POINT('',#11347);
#3658=VERTEX_POINT('',#11349);
#3659=VERTEX_POINT('',#11351);
#3660=VERTEX_POINT('',#11353);
#3661=VERTEX_POINT('',#11355);
#3662=VERTEX_POINT('',#11357);
#3663=VERTEX_POINT('',#11363);
#3664=VERTEX_POINT('',#11364);
#3665=VERTEX_POINT('',#11366);
#3666=VERTEX_POINT('',#11371);
#3667=VERTEX_POINT('',#11377);
#3668=VERTEX_POINT('',#11381);
#3669=VERTEX_POINT('',#11385);
#3670=VERTEX_POINT('',#11387);
#3671=VERTEX_POINT('',#11391);
#3672=VERTEX_POINT('',#11395);
#3673=VERTEX_POINT('',#11397);
#3674=VERTEX_POINT('',#11399);
#3675=VERTEX_POINT('',#11403);
#3676=VERTEX_POINT('',#11404);
#3677=VERTEX_POINT('',#11409);
#3678=VERTEX_POINT('',#11413);
#3679=VERTEX_POINT('',#11414);
#3680=VERTEX_POINT('',#11419);
#3681=VERTEX_POINT('',#11423);
#3682=VERTEX_POINT('',#11427);
#3683=VERTEX_POINT('',#11433);
#3684=VERTEX_POINT('',#11434);
#3685=VERTEX_POINT('',#11439);
#3686=VERTEX_POINT('',#11443);
#3687=VERTEX_POINT('',#11447);
#3688=VERTEX_POINT('',#11451);
#3689=VERTEX_POINT('',#11455);
#3690=VERTEX_POINT('',#11459);
#3691=VERTEX_POINT('',#11463);
#3692=VERTEX_POINT('',#11469);
#3693=VERTEX_POINT('',#11473);
#3694=VERTEX_POINT('',#11477);
#3695=VERTEX_POINT('',#11483);
#3696=VERTEX_POINT('',#11485);
#3697=VERTEX_POINT('',#11489);
#3698=VERTEX_POINT('',#11493);
#3699=VERTEX_POINT('',#11497);
#3700=VERTEX_POINT('',#11501);
#3701=VERTEX_POINT('',#11505);
#3702=VERTEX_POINT('',#11509);
#3703=VERTEX_POINT('',#11513);
#3704=VERTEX_POINT('',#11517);
#3705=VERTEX_POINT('',#11521);
#3706=VERTEX_POINT('',#11527);
#3707=VERTEX_POINT('',#11531);
#3708=VERTEX_POINT('',#11535);
#3709=VERTEX_POINT('',#11540);
#3710=VERTEX_POINT('',#11542);
#3711=VERTEX_POINT('',#11544);
#3712=VERTEX_POINT('',#11550);
#3713=VERTEX_POINT('',#11552);
#3714=VERTEX_POINT('',#11554);
#3715=VERTEX_POINT('',#11560);
#3716=VERTEX_POINT('',#11563);
#3717=VERTEX_POINT('',#11566);
#3718=VERTEX_POINT('',#11570);
#3719=VERTEX_POINT('',#11574);
#3720=VERTEX_POINT('',#11578);
#3721=VERTEX_POINT('',#11582);
#3722=VERTEX_POINT('',#11589);
#3723=VERTEX_POINT('',#11593);
#3724=VERTEX_POINT('',#11599);
#3725=VERTEX_POINT('',#11603);
#3726=VERTEX_POINT('',#11607);
#3727=VERTEX_POINT('',#11611);
#3728=VERTEX_POINT('',#11618);
#3729=VERTEX_POINT('',#11622);
#3730=VERTEX_POINT('',#11628);
#3731=VERTEX_POINT('',#11630);
#3732=VERTEX_POINT('',#11636);
#3733=VERTEX_POINT('',#11640);
#3734=VERTEX_POINT('',#11644);
#3735=VERTEX_POINT('',#11648);
#3736=VERTEX_POINT('',#11652);
#3737=VERTEX_POINT('',#11656);
#3738=VERTEX_POINT('',#11660);
#3739=VERTEX_POINT('',#11667);
#3740=VERTEX_POINT('',#11668);
#3741=VERTEX_POINT('',#11670);
#3742=VERTEX_POINT('',#11672);
#3743=VERTEX_POINT('',#11676);
#3744=VERTEX_POINT('',#11678);
#3745=VERTEX_POINT('',#11682);
#3746=VERTEX_POINT('',#11684);
#3747=VERTEX_POINT('',#11691);
#3748=VERTEX_POINT('',#11698);
#3749=VERTEX_POINT('',#11700);
#3750=VERTEX_POINT('',#11704);
#3751=VERTEX_POINT('',#11708);
#3752=VERTEX_POINT('',#11712);
#3753=VERTEX_POINT('',#11716);
#3754=VERTEX_POINT('',#11720);
#3755=VERTEX_POINT('',#11726);
#3756=VERTEX_POINT('',#11730);
#3757=VERTEX_POINT('',#11734);
#3758=VERTEX_POINT('',#11738);
#3759=VERTEX_POINT('',#11742);
#3760=VERTEX_POINT('',#11746);
#3761=VERTEX_POINT('',#11754);
#3762=VERTEX_POINT('',#11756);
#3763=VERTEX_POINT('',#11760);
#3764=VERTEX_POINT('',#11764);
#3765=VERTEX_POINT('',#11768);
#3766=VERTEX_POINT('',#11778);
#3767=VERTEX_POINT('',#11782);
#3768=VERTEX_POINT('',#11787);
#3769=VERTEX_POINT('',#11791);
#3770=VERTEX_POINT('',#11795);
#3771=VERTEX_POINT('',#11799);
#3772=VERTEX_POINT('',#11803);
#3773=VERTEX_POINT('',#11807);
#3774=VERTEX_POINT('',#11815);
#3775=VERTEX_POINT('',#11822);
#3776=VERTEX_POINT('',#11823);
#3777=VERTEX_POINT('',#11825);
#3778=VERTEX_POINT('',#11827);
#3779=VERTEX_POINT('',#11831);
#3780=VERTEX_POINT('',#11833);
#3781=VERTEX_POINT('',#11837);
#3782=VERTEX_POINT('',#11839);
#3783=VERTEX_POINT('',#11847);
#3784=VERTEX_POINT('',#11848);
#3785=VERTEX_POINT('',#11850);
#3786=VERTEX_POINT('',#11852);
#3787=VERTEX_POINT('',#11856);
#3788=VERTEX_POINT('',#11858);
#3789=VERTEX_POINT('',#11862);
#3790=VERTEX_POINT('',#11864);
#3791=VERTEX_POINT('',#11873);
#3792=VERTEX_POINT('',#11875);
#3793=VERTEX_POINT('',#11879);
#3794=VERTEX_POINT('',#11880);
#3795=VERTEX_POINT('',#11882);
#3796=VERTEX_POINT('',#11884);
#3797=VERTEX_POINT('',#11888);
#3798=VERTEX_POINT('',#11890);
#3799=VERTEX_POINT('',#11894);
#3800=VERTEX_POINT('',#11896);
#3801=VERTEX_POINT('',#11905);
#3802=VERTEX_POINT('',#11907);
#3803=VERTEX_POINT('',#11911);
#3804=VERTEX_POINT('',#11912);
#3805=VERTEX_POINT('',#11914);
#3806=VERTEX_POINT('',#11916);
#3807=VERTEX_POINT('',#11920);
#3808=VERTEX_POINT('',#11922);
#3809=VERTEX_POINT('',#11926);
#3810=VERTEX_POINT('',#11928);
#3811=VERTEX_POINT('',#11937);
#3812=VERTEX_POINT('',#11938);
#3813=VERTEX_POINT('',#11940);
#3814=VERTEX_POINT('',#11942);
#3815=VERTEX_POINT('',#11946);
#3816=VERTEX_POINT('',#11948);
#3817=VERTEX_POINT('',#11952);
#3818=VERTEX_POINT('',#11954);
#3819=VERTEX_POINT('',#11963);
#3820=VERTEX_POINT('',#11964);
#3821=VERTEX_POINT('',#11966);
#3822=VERTEX_POINT('',#11968);
#3823=VERTEX_POINT('',#11972);
#3824=VERTEX_POINT('',#11974);
#3825=VERTEX_POINT('',#11978);
#3826=VERTEX_POINT('',#11980);
#3827=VERTEX_POINT('',#11989);
#3828=VERTEX_POINT('',#11990);
#3829=VERTEX_POINT('',#11992);
#3830=VERTEX_POINT('',#11994);
#3831=VERTEX_POINT('',#11998);
#3832=VERTEX_POINT('',#12000);
#3833=VERTEX_POINT('',#12004);
#3834=VERTEX_POINT('',#12006);
#3835=VERTEX_POINT('',#12015);
#3836=VERTEX_POINT('',#12016);
#3837=VERTEX_POINT('',#12018);
#3838=VERTEX_POINT('',#12020);
#3839=VERTEX_POINT('',#12024);
#3840=VERTEX_POINT('',#12026);
#3841=VERTEX_POINT('',#12030);
#3842=VERTEX_POINT('',#12032);
#3843=VERTEX_POINT('',#12036);
#3844=VERTEX_POINT('',#12038);
#3845=VERTEX_POINT('',#12042);
#3846=VERTEX_POINT('',#12044);
#3847=VERTEX_POINT('',#12053);
#3848=VERTEX_POINT('',#12054);
#3849=VERTEX_POINT('',#12056);
#3850=VERTEX_POINT('',#12058);
#3851=VERTEX_POINT('',#12062);
#3852=VERTEX_POINT('',#12064);
#3853=VERTEX_POINT('',#12068);
#3854=VERTEX_POINT('',#12070);
#3855=VERTEX_POINT('',#12079);
#3856=VERTEX_POINT('',#12080);
#3857=VERTEX_POINT('',#12082);
#3858=VERTEX_POINT('',#12084);
#3859=VERTEX_POINT('',#12088);
#3860=VERTEX_POINT('',#12090);
#3861=VERTEX_POINT('',#12094);
#3862=VERTEX_POINT('',#12096);
#3863=VERTEX_POINT('',#12105);
#3864=VERTEX_POINT('',#12106);
#3865=VERTEX_POINT('',#12108);
#3866=VERTEX_POINT('',#12110);
#3867=VERTEX_POINT('',#12114);
#3868=VERTEX_POINT('',#12116);
#3869=VERTEX_POINT('',#12120);
#3870=VERTEX_POINT('',#12122);
#3871=VERTEX_POINT('',#12131);
#3872=VERTEX_POINT('',#12132);
#3873=VERTEX_POINT('',#12134);
#3874=VERTEX_POINT('',#12136);
#3875=VERTEX_POINT('',#12140);
#3876=VERTEX_POINT('',#12142);
#3877=VERTEX_POINT('',#12146);
#3878=VERTEX_POINT('',#12148);
#3879=VERTEX_POINT('',#12157);
#3880=VERTEX_POINT('',#12158);
#3881=VERTEX_POINT('',#12160);
#3882=VERTEX_POINT('',#12162);
#3883=VERTEX_POINT('',#12166);
#3884=VERTEX_POINT('',#12168);
#3885=VERTEX_POINT('',#12172);
#3886=VERTEX_POINT('',#12174);
#3887=VERTEX_POINT('',#12183);
#3888=VERTEX_POINT('',#12184);
#3889=VERTEX_POINT('',#12186);
#3890=VERTEX_POINT('',#12188);
#3891=VERTEX_POINT('',#12192);
#3892=VERTEX_POINT('',#12194);
#3893=VERTEX_POINT('',#12198);
#3894=VERTEX_POINT('',#12200);
#3895=VERTEX_POINT('',#12209);
#3896=VERTEX_POINT('',#12210);
#3897=VERTEX_POINT('',#12212);
#3898=VERTEX_POINT('',#12214);
#3899=VERTEX_POINT('',#12218);
#3900=VERTEX_POINT('',#12220);
#3901=VERTEX_POINT('',#12224);
#3902=VERTEX_POINT('',#12226);
#3903=VERTEX_POINT('',#12235);
#3904=VERTEX_POINT('',#12236);
#3905=VERTEX_POINT('',#12238);
#3906=VERTEX_POINT('',#12240);
#3907=VERTEX_POINT('',#12244);
#3908=VERTEX_POINT('',#12246);
#3909=VERTEX_POINT('',#12250);
#3910=VERTEX_POINT('',#12252);
#3911=VERTEX_POINT('',#12261);
#3912=VERTEX_POINT('',#12262);
#3913=VERTEX_POINT('',#12264);
#3914=VERTEX_POINT('',#12266);
#3915=VERTEX_POINT('',#12270);
#3916=VERTEX_POINT('',#12272);
#3917=VERTEX_POINT('',#12276);
#3918=VERTEX_POINT('',#12278);
#3919=VERTEX_POINT('',#12287);
#3920=VERTEX_POINT('',#12288);
#3921=VERTEX_POINT('',#12290);
#3922=VERTEX_POINT('',#12292);
#3923=VERTEX_POINT('',#12296);
#3924=VERTEX_POINT('',#12298);
#3925=VERTEX_POINT('',#12302);
#3926=VERTEX_POINT('',#12304);
#3927=VERTEX_POINT('',#12313);
#3928=VERTEX_POINT('',#12314);
#3929=VERTEX_POINT('',#12316);
#3930=VERTEX_POINT('',#12318);
#3931=VERTEX_POINT('',#12322);
#3932=VERTEX_POINT('',#12324);
#3933=VERTEX_POINT('',#12328);
#3934=VERTEX_POINT('',#12330);
#3935=VERTEX_POINT('',#12339);
#3936=VERTEX_POINT('',#12340);
#3937=VERTEX_POINT('',#12342);
#3938=VERTEX_POINT('',#12344);
#3939=VERTEX_POINT('',#12348);
#3940=VERTEX_POINT('',#12350);
#3941=VERTEX_POINT('',#12354);
#3942=VERTEX_POINT('',#12356);
#3943=VERTEX_POINT('',#12365);
#3944=VERTEX_POINT('',#12366);
#3945=VERTEX_POINT('',#12368);
#3946=VERTEX_POINT('',#12370);
#3947=VERTEX_POINT('',#12374);
#3948=VERTEX_POINT('',#12376);
#3949=VERTEX_POINT('',#12380);
#3950=VERTEX_POINT('',#12382);
#3951=VERTEX_POINT('',#12391);
#3952=VERTEX_POINT('',#12392);
#3953=VERTEX_POINT('',#12394);
#3954=VERTEX_POINT('',#12396);
#3955=VERTEX_POINT('',#12400);
#3956=VERTEX_POINT('',#12402);
#3957=VERTEX_POINT('',#12406);
#3958=VERTEX_POINT('',#12408);
#3959=VERTEX_POINT('',#12417);
#3960=VERTEX_POINT('',#12418);
#3961=VERTEX_POINT('',#12420);
#3962=VERTEX_POINT('',#12422);
#3963=VERTEX_POINT('',#12426);
#3964=VERTEX_POINT('',#12428);
#3965=VERTEX_POINT('',#12432);
#3966=VERTEX_POINT('',#12434);
#3967=VERTEX_POINT('',#12443);
#3968=VERTEX_POINT('',#12444);
#3969=VERTEX_POINT('',#12446);
#3970=VERTEX_POINT('',#12448);
#3971=VERTEX_POINT('',#12452);
#3972=VERTEX_POINT('',#12454);
#3973=VERTEX_POINT('',#12458);
#3974=VERTEX_POINT('',#12460);
#3975=VERTEX_POINT('',#12469);
#3976=VERTEX_POINT('',#12470);
#3977=VERTEX_POINT('',#12472);
#3978=VERTEX_POINT('',#12474);
#3979=VERTEX_POINT('',#12478);
#3980=VERTEX_POINT('',#12480);
#3981=VERTEX_POINT('',#12484);
#3982=VERTEX_POINT('',#12486);
#3983=VERTEX_POINT('',#12495);
#3984=VERTEX_POINT('',#12496);
#3985=VERTEX_POINT('',#12498);
#3986=VERTEX_POINT('',#12500);
#3987=VERTEX_POINT('',#12504);
#3988=VERTEX_POINT('',#12506);
#3989=VERTEX_POINT('',#12510);
#3990=VERTEX_POINT('',#12512);
#3991=VERTEX_POINT('',#12521);
#3992=VERTEX_POINT('',#12522);
#3993=VERTEX_POINT('',#12524);
#3994=VERTEX_POINT('',#12526);
#3995=VERTEX_POINT('',#12530);
#3996=VERTEX_POINT('',#12532);
#3997=VERTEX_POINT('',#12536);
#3998=VERTEX_POINT('',#12538);
#3999=VERTEX_POINT('',#12547);
#4000=VERTEX_POINT('',#12548);
#4001=VERTEX_POINT('',#12550);
#4002=VERTEX_POINT('',#12552);
#4003=VERTEX_POINT('',#12556);
#4004=VERTEX_POINT('',#12558);
#4005=VERTEX_POINT('',#12562);
#4006=VERTEX_POINT('',#12564);
#4007=VERTEX_POINT('',#12573);
#4008=VERTEX_POINT('',#12574);
#4009=VERTEX_POINT('',#12576);
#4010=VERTEX_POINT('',#12578);
#4011=VERTEX_POINT('',#12582);
#4012=VERTEX_POINT('',#12584);
#4013=VERTEX_POINT('',#12588);
#4014=VERTEX_POINT('',#12590);
#4015=VERTEX_POINT('',#12599);
#4016=VERTEX_POINT('',#12600);
#4017=VERTEX_POINT('',#12602);
#4018=VERTEX_POINT('',#12604);
#4019=VERTEX_POINT('',#12608);
#4020=VERTEX_POINT('',#12610);
#4021=VERTEX_POINT('',#12614);
#4022=VERTEX_POINT('',#12616);
#4023=VERTEX_POINT('',#12625);
#4024=VERTEX_POINT('',#12626);
#4025=VERTEX_POINT('',#12628);
#4026=VERTEX_POINT('',#12630);
#4027=VERTEX_POINT('',#12634);
#4028=VERTEX_POINT('',#12636);
#4029=VERTEX_POINT('',#12640);
#4030=VERTEX_POINT('',#12642);
#4031=VERTEX_POINT('',#12651);
#4032=VERTEX_POINT('',#12652);
#4033=VERTEX_POINT('',#12654);
#4034=VERTEX_POINT('',#12656);
#4035=VERTEX_POINT('',#12660);
#4036=VERTEX_POINT('',#12662);
#4037=VERTEX_POINT('',#12666);
#4038=VERTEX_POINT('',#12668);
#4039=VERTEX_POINT('',#12677);
#4040=VERTEX_POINT('',#12678);
#4041=VERTEX_POINT('',#12680);
#4042=VERTEX_POINT('',#12682);
#4043=VERTEX_POINT('',#12686);
#4044=VERTEX_POINT('',#12688);
#4045=VERTEX_POINT('',#12692);
#4046=VERTEX_POINT('',#12694);
#4047=VERTEX_POINT('',#12703);
#4048=VERTEX_POINT('',#12704);
#4049=VERTEX_POINT('',#12706);
#4050=VERTEX_POINT('',#12708);
#4051=VERTEX_POINT('',#12712);
#4052=VERTEX_POINT('',#12714);
#4053=VERTEX_POINT('',#12718);
#4054=VERTEX_POINT('',#12720);
#4055=VERTEX_POINT('',#12729);
#4056=VERTEX_POINT('',#12730);
#4057=VERTEX_POINT('',#12732);
#4058=VERTEX_POINT('',#12734);
#4059=VERTEX_POINT('',#12738);
#4060=VERTEX_POINT('',#12740);
#4061=VERTEX_POINT('',#12744);
#4062=VERTEX_POINT('',#12746);
#4063=VERTEX_POINT('',#12755);
#4064=VERTEX_POINT('',#12756);
#4065=VERTEX_POINT('',#12758);
#4066=VERTEX_POINT('',#12760);
#4067=VERTEX_POINT('',#12764);
#4068=VERTEX_POINT('',#12766);
#4069=VERTEX_POINT('',#12770);
#4070=VERTEX_POINT('',#12774);
#4071=VERTEX_POINT('',#12781);
#4072=VERTEX_POINT('',#12782);
#4073=VERTEX_POINT('',#12784);
#4074=VERTEX_POINT('',#12786);
#4075=VERTEX_POINT('',#12790);
#4076=VERTEX_POINT('',#12792);
#4077=VERTEX_POINT('',#12796);
#4078=VERTEX_POINT('',#12800);
#4079=VERTEX_POINT('',#12807);
#4080=VERTEX_POINT('',#12808);
#4081=VERTEX_POINT('',#12810);
#4082=VERTEX_POINT('',#12812);
#4083=VERTEX_POINT('',#12816);
#4084=VERTEX_POINT('',#12818);
#4085=VERTEX_POINT('',#12822);
#4086=VERTEX_POINT('',#12826);
#4087=VERTEX_POINT('',#12833);
#4088=VERTEX_POINT('',#12834);
#4089=VERTEX_POINT('',#12836);
#4090=VERTEX_POINT('',#12838);
#4091=VERTEX_POINT('',#12842);
#4092=VERTEX_POINT('',#12844);
#4093=VERTEX_POINT('',#12848);
#4094=VERTEX_POINT('',#12852);
#4095=VERTEX_POINT('',#12859);
#4096=VERTEX_POINT('',#12860);
#4097=VERTEX_POINT('',#12862);
#4098=VERTEX_POINT('',#12864);
#4099=VERTEX_POINT('',#12868);
#4100=VERTEX_POINT('',#12870);
#4101=VERTEX_POINT('',#12874);
#4102=VERTEX_POINT('',#12878);
#4103=VERTEX_POINT('',#12885);
#4104=VERTEX_POINT('',#12886);
#4105=VERTEX_POINT('',#12888);
#4106=VERTEX_POINT('',#12890);
#4107=VERTEX_POINT('',#12894);
#4108=VERTEX_POINT('',#12896);
#4109=VERTEX_POINT('',#12900);
#4110=VERTEX_POINT('',#12904);
#4111=VERTEX_POINT('',#12911);
#4112=VERTEX_POINT('',#12912);
#4113=VERTEX_POINT('',#12914);
#4114=VERTEX_POINT('',#12916);
#4115=VERTEX_POINT('',#12920);
#4116=VERTEX_POINT('',#12922);
#4117=VERTEX_POINT('',#12926);
#4118=VERTEX_POINT('',#12930);
#4119=VERTEX_POINT('',#12937);
#4120=VERTEX_POINT('',#12938);
#4121=VERTEX_POINT('',#12940);
#4122=VERTEX_POINT('',#12942);
#4123=VERTEX_POINT('',#12946);
#4124=VERTEX_POINT('',#12948);
#4125=VERTEX_POINT('',#12952);
#4126=VERTEX_POINT('',#12956);
#4127=VERTEX_POINT('',#12963);
#4128=VERTEX_POINT('',#12964);
#4129=VERTEX_POINT('',#12966);
#4130=VERTEX_POINT('',#12968);
#4131=VERTEX_POINT('',#12972);
#4132=VERTEX_POINT('',#12974);
#4133=VERTEX_POINT('',#12978);
#4134=VERTEX_POINT('',#12982);
#4135=VERTEX_POINT('',#12989);
#4136=VERTEX_POINT('',#12990);
#4137=VERTEX_POINT('',#12992);
#4138=VERTEX_POINT('',#12994);
#4139=VERTEX_POINT('',#12998);
#4140=VERTEX_POINT('',#13000);
#4141=VERTEX_POINT('',#13004);
#4142=VERTEX_POINT('',#13008);
#4143=VERTEX_POINT('',#13015);
#4144=VERTEX_POINT('',#13016);
#4145=VERTEX_POINT('',#13018);
#4146=VERTEX_POINT('',#13020);
#4147=VERTEX_POINT('',#13024);
#4148=VERTEX_POINT('',#13026);
#4149=VERTEX_POINT('',#13030);
#4150=VERTEX_POINT('',#13034);
#4151=VERTEX_POINT('',#13041);
#4152=VERTEX_POINT('',#13042);
#4153=VERTEX_POINT('',#13044);
#4154=VERTEX_POINT('',#13046);
#4155=VERTEX_POINT('',#13050);
#4156=VERTEX_POINT('',#13052);
#4157=VERTEX_POINT('',#13056);
#4158=VERTEX_POINT('',#13060);
#4159=EDGE_CURVE('',#3477,#3477,#3287,.T.);
#4160=EDGE_CURVE('',#3477,#3478,#1623,.T.);
#4161=EDGE_CURVE('',#3478,#3478,#3288,.T.);
#4162=EDGE_CURVE('',#3479,#3479,#3289,.T.);
#4163=EDGE_CURVE('',#3479,#3480,#1624,.T.);
#4164=EDGE_CURVE('',#3480,#3480,#3290,.T.);
#4165=EDGE_CURVE('',#3481,#3481,#3291,.T.);
#4166=EDGE_CURVE('',#3481,#3482,#1625,.T.);
#4167=EDGE_CURVE('',#3482,#3482,#3292,.T.);
#4168=EDGE_CURVE('',#3483,#3483,#3293,.T.);
#4169=EDGE_CURVE('',#3483,#3484,#1626,.T.);
#4170=EDGE_CURVE('',#3484,#3484,#3294,.T.);
#4171=EDGE_CURVE('',#3485,#3485,#3295,.T.);
#4172=EDGE_CURVE('',#3485,#3486,#1627,.T.);
#4173=EDGE_CURVE('',#3486,#3486,#3296,.T.);
#4174=EDGE_CURVE('',#3487,#3487,#3297,.T.);
#4175=EDGE_CURVE('',#3487,#3488,#1628,.T.);
#4176=EDGE_CURVE('',#3488,#3488,#3298,.T.);
#4177=EDGE_CURVE('',#3489,#3489,#3299,.T.);
#4178=EDGE_CURVE('',#3489,#3490,#1629,.T.);
#4179=EDGE_CURVE('',#3490,#3490,#3300,.T.);
#4180=EDGE_CURVE('',#3491,#3492,#3301,.T.);
#4181=EDGE_CURVE('',#3492,#3493,#1630,.T.);
#4182=EDGE_CURVE('',#3493,#3494,#3302,.T.);
#4183=EDGE_CURVE('',#3494,#3491,#1631,.T.);
#4184=EDGE_CURVE('',#3495,#3496,#3303,.T.);
#4185=EDGE_CURVE('',#3496,#3494,#3304,.T.);
#4186=EDGE_CURVE('',#3493,#3495,#3305,.T.);
#4187=EDGE_CURVE('',#3497,#3498,#3306,.T.);
#4188=EDGE_CURVE('',#3498,#3496,#1632,.T.);
#4189=EDGE_CURVE('',#3495,#3497,#1633,.T.);
#4190=EDGE_CURVE('',#3499,#3500,#3307,.T.);
#4191=EDGE_CURVE('',#3500,#3498,#3308,.T.);
#4192=EDGE_CURVE('',#3497,#3499,#3309,.T.);
#4193=EDGE_CURVE('',#3501,#3502,#3310,.T.);
#4194=EDGE_CURVE('',#3502,#3500,#1634,.T.);
#4195=EDGE_CURVE('',#3499,#3501,#1635,.T.);
#4196=EDGE_CURVE('',#3503,#3504,#3311,.T.);
#4197=EDGE_CURVE('',#3504,#3502,#3312,.T.);
#4198=EDGE_CURVE('',#3501,#3503,#3313,.T.);
#4199=EDGE_CURVE('',#3505,#3506,#3314,.T.);
#4200=EDGE_CURVE('',#3506,#3504,#1636,.T.);
#4201=EDGE_CURVE('',#3503,#3505,#1637,.T.);
#4202=EDGE_CURVE('',#3491,#3506,#3315,.T.);
#4203=EDGE_CURVE('',#3505,#3492,#3316,.T.);
#4204=EDGE_CURVE('',#3497,#3507,#1638,.T.);
#4205=EDGE_CURVE('',#3507,#3508,#3317,.T.);
#4206=EDGE_CURVE('',#3499,#3508,#1639,.T.);
#4207=EDGE_CURVE('',#3495,#3509,#1640,.T.);
#4208=EDGE_CURVE('',#3509,#3507,#1641,.T.);
#4209=EDGE_CURVE('',#3493,#3510,#1642,.T.);
#4210=EDGE_CURVE('',#3510,#3509,#3318,.T.);
#4211=EDGE_CURVE('',#3492,#3511,#1643,.T.);
#4212=EDGE_CURVE('',#3511,#3510,#1644,.T.);
#4213=EDGE_CURVE('',#3512,#3513,#1645,.T.);
#4214=EDGE_CURVE('',#3514,#3512,#3319,.T.);
#4215=EDGE_CURVE('',#3515,#3514,#1646,.T.);
#4216=EDGE_CURVE('',#3516,#3515,#3320,.T.);
#4217=EDGE_CURVE('',#3517,#3516,#1647,.T.);
#4218=EDGE_CURVE('',#3518,#3517,#3321,.T.);
#4219=EDGE_CURVE('',#3519,#3518,#1648,.T.);
#4220=EDGE_CURVE('',#3520,#3519,#3322,.T.);
#4221=EDGE_CURVE('',#3521,#3520,#1649,.T.);
#4222=EDGE_CURVE('',#3522,#3521,#1650,.T.);
#4223=EDGE_CURVE('',#3523,#3522,#1651,.T.);
#4224=EDGE_CURVE('',#3513,#3523,#1652,.T.);
#4225=EDGE_CURVE('',#3521,#3524,#111,.T.);
#4226=EDGE_CURVE('',#3524,#3525,#1653,.T.);
#4227=EDGE_CURVE('',#3525,#3526,#112,.T.);
#4228=EDGE_CURVE('',#3522,#3526,#113,.T.);
#4229=EDGE_CURVE('',#3527,#3528,#1654,.T.);
#4230=EDGE_CURVE('',#3528,#3512,#3323,.T.);
#4231=EDGE_CURVE('',#3513,#3527,#114,.T.);
#4232=EDGE_CURVE('',#3523,#3529,#115,.T.);
#4233=EDGE_CURVE('',#3529,#3530,#116,.T.);
#4234=EDGE_CURVE('',#3530,#3527,#1655,.T.);
#4235=EDGE_CURVE('',#3526,#3529,#1656,.T.);
#4236=EDGE_CURVE('',#3531,#3514,#3324,.T.);
#4237=EDGE_CURVE('',#3528,#3531,#3325,.T.);
#4238=EDGE_CURVE('',#3532,#3515,#3326,.T.);
#4239=EDGE_CURVE('',#3531,#3532,#1657,.T.);
#4240=EDGE_CURVE('',#3533,#3516,#3327,.T.);
#4241=EDGE_CURVE('',#3532,#3533,#3328,.T.);
#4242=EDGE_CURVE('',#3534,#3517,#3329,.T.);
#4243=EDGE_CURVE('',#3533,#3534,#1658,.T.);
#4244=EDGE_CURVE('',#3535,#3518,#3330,.T.);
#4245=EDGE_CURVE('',#3534,#3535,#3331,.T.);
#4246=EDGE_CURVE('',#3536,#3519,#3332,.T.);
#4247=EDGE_CURVE('',#3535,#3536,#1659,.T.);
#4248=EDGE_CURVE('',#3537,#3520,#3333,.T.);
#4249=EDGE_CURVE('',#3536,#3537,#3334,.T.);
#4250=EDGE_CURVE('',#3537,#3524,#1660,.T.);
#4251=EDGE_CURVE('',#3533,#3538,#1661,.T.);
#4252=EDGE_CURVE('',#3538,#3539,#1662,.T.);
#4253=EDGE_CURVE('',#3534,#3539,#1663,.T.);
#4254=EDGE_CURVE('',#3532,#3540,#1664,.T.);
#4255=EDGE_CURVE('',#3540,#3538,#3335,.T.);
#4256=EDGE_CURVE('',#3531,#3541,#1665,.T.);
#4257=EDGE_CURVE('',#3541,#3540,#1666,.T.);
#4258=EDGE_CURVE('',#3528,#3542,#1667,.T.);
#4259=EDGE_CURVE('',#3542,#3541,#3336,.T.);
#4260=EDGE_CURVE('',#3530,#3543,#1668,.T.);
#4261=EDGE_CURVE('',#3543,#3544,#1669,.T.);
#4262=EDGE_CURVE('',#3527,#3544,#1670,.T.);
#4263=EDGE_CURVE('',#3545,#3546,#3337,.T.);
#4264=EDGE_CURVE('',#3546,#3547,#3338,.T.);
#4265=EDGE_CURVE('',#3547,#3548,#3339,.T.);
#4266=EDGE_CURVE('',#3548,#3545,#3340,.T.);
#4267=EDGE_CURVE('',#3549,#3550,#3341,.T.);
#4268=EDGE_CURVE('',#3550,#3548,#1671,.T.);
#4269=EDGE_CURVE('',#3547,#3549,#1672,.T.);
#4270=EDGE_CURVE('',#3551,#3552,#3342,.T.);
#4271=EDGE_CURVE('',#3552,#3550,#3343,.T.);
#4272=EDGE_CURVE('',#3549,#3551,#3344,.T.);
#4273=EDGE_CURVE('',#3553,#3554,#3345,.T.);
#4274=EDGE_CURVE('',#3554,#3552,#1673,.T.);
#4275=EDGE_CURVE('',#3551,#3553,#1674,.T.);
#4276=EDGE_CURVE('',#3555,#3556,#3346,.T.);
#4277=EDGE_CURVE('',#3556,#3554,#3347,.T.);
#4278=EDGE_CURVE('',#3553,#3555,#3348,.T.);
#4279=EDGE_CURVE('',#3557,#3558,#3349,.T.);
#4280=EDGE_CURVE('',#3558,#3556,#1675,.T.);
#4281=EDGE_CURVE('',#3555,#3557,#1676,.T.);
#4282=EDGE_CURVE('',#3559,#3560,#3350,.T.);
#4283=EDGE_CURVE('',#3560,#3558,#3351,.T.);
#4284=EDGE_CURVE('',#3557,#3559,#3352,.T.);
#4285=EDGE_CURVE('',#3545,#3560,#1677,.T.);
#4286=EDGE_CURVE('',#3559,#3546,#1678,.T.);
#4287=EDGE_CURVE('',#3551,#3561,#1679,.T.);
#4288=EDGE_CURVE('',#3561,#3562,#1680,.T.);
#4289=EDGE_CURVE('',#3553,#3562,#1681,.T.);
#4290=EDGE_CURVE('',#3549,#3563,#1682,.T.);
#4291=EDGE_CURVE('',#3563,#3561,#3353,.T.);
#4292=EDGE_CURVE('',#3547,#3564,#1683,.T.);
#4293=EDGE_CURVE('',#3564,#3563,#1684,.T.);
#4294=EDGE_CURVE('',#3546,#3565,#1685,.T.);
#4295=EDGE_CURVE('',#3565,#3564,#3354,.T.);
#4296=EDGE_CURVE('',#3566,#3567,#1686,.T.);
#4297=EDGE_CURVE('',#3568,#3566,#3355,.T.);
#4298=EDGE_CURVE('',#3569,#3568,#1687,.T.);
#4299=EDGE_CURVE('',#3570,#3569,#1688,.T.);
#4300=EDGE_CURVE('',#3571,#3570,#1689,.T.);
#4301=EDGE_CURVE('',#3572,#3571,#3356,.T.);
#4302=EDGE_CURVE('',#3573,#3572,#1690,.T.);
#4303=EDGE_CURVE('',#3574,#3573,#1691,.T.);
#4304=EDGE_CURVE('',#3575,#3574,#3357,.T.);
#4305=EDGE_CURVE('',#3576,#3575,#1692,.T.);
#4306=EDGE_CURVE('',#3577,#3576,#3358,.T.);
#4307=EDGE_CURVE('',#3578,#3577,#1693,.T.);
#4308=EDGE_CURVE('',#3579,#3578,#3359,.T.);
#4309=EDGE_CURVE('',#3580,#3579,#1694,.T.);
#4310=EDGE_CURVE('',#3581,#3580,#3360,.T.);
#4311=EDGE_CURVE('',#3582,#3581,#1695,.T.);
#4312=EDGE_CURVE('',#3583,#3582,#1696,.T.);
#4313=EDGE_CURVE('',#3584,#3583,#3361,.T.);
#4314=EDGE_CURVE('',#3585,#3584,#1697,.T.);
#4315=EDGE_CURVE('',#3586,#3585,#1698,.T.);
#4316=EDGE_CURVE('',#3587,#3586,#1699,.T.);
#4317=EDGE_CURVE('',#3588,#3587,#3362,.T.);
#4318=EDGE_CURVE('',#3589,#3588,#1700,.T.);
#4319=EDGE_CURVE('',#3590,#3589,#1701,.T.);
#4320=EDGE_CURVE('',#3591,#3590,#3363,.T.);
#4321=EDGE_CURVE('',#3592,#3591,#1702,.T.);
#4322=EDGE_CURVE('',#3593,#3592,#3364,.T.);
#4323=EDGE_CURVE('',#3594,#3593,#1703,.T.);
#4324=EDGE_CURVE('',#3595,#3594,#3365,.T.);
#4325=EDGE_CURVE('',#3596,#3595,#1704,.T.);
#4326=EDGE_CURVE('',#3597,#3596,#3366,.T.);
#4327=EDGE_CURVE('',#3598,#3597,#1705,.T.);
#4328=EDGE_CURVE('',#3599,#3598,#1706,.T.);
#4329=EDGE_CURVE('',#3600,#3599,#3367,.T.);
#4330=EDGE_CURVE('',#3601,#3600,#1707,.T.);
#4331=EDGE_CURVE('',#3567,#3601,#1708,.T.);
#4332=EDGE_CURVE('',#3602,#3603,#1709,.T.);
#4333=EDGE_CURVE('',#3604,#3602,#1710,.T.);
#4334=EDGE_CURVE('',#3605,#3604,#1711,.T.);
#4335=EDGE_CURVE('',#3603,#3605,#1712,.T.);
#4336=EDGE_CURVE('',#3606,#3607,#1713,.T.);
#4337=EDGE_CURVE('',#3608,#3606,#3368,.T.);
#4338=EDGE_CURVE('',#3609,#3608,#1714,.T.);
#4339=EDGE_CURVE('',#3610,#3609,#3369,.T.);
#4340=EDGE_CURVE('',#3611,#3610,#1715,.T.);
#4341=EDGE_CURVE('',#3612,#3611,#3370,.T.);
#4342=EDGE_CURVE('',#3613,#3612,#1716,.T.);
#4343=EDGE_CURVE('',#3614,#3613,#3371,.T.);
#4344=EDGE_CURVE('',#3615,#3614,#1717,.T.);
#4345=EDGE_CURVE('',#3616,#3615,#1718,.T.);
#4346=EDGE_CURVE('',#3617,#3616,#3372,.T.);
#4347=EDGE_CURVE('',#3618,#3617,#1719,.T.);
#4348=EDGE_CURVE('',#3619,#3618,#3373,.T.);
#4349=EDGE_CURVE('',#3620,#3619,#1720,.T.);
#4350=EDGE_CURVE('',#3621,#3620,#1721,.T.);
#4351=EDGE_CURVE('',#3622,#3621,#1722,.T.);
#4352=EDGE_CURVE('',#3623,#3622,#3374,.T.);
#4353=EDGE_CURVE('',#3624,#3623,#1723,.T.);
#4354=EDGE_CURVE('',#3625,#3624,#3375,.T.);
#4355=EDGE_CURVE('',#3607,#3625,#1724,.T.);
#4356=EDGE_CURVE('',#3604,#3626,#117,.T.);
#4357=EDGE_CURVE('',#3626,#3627,#1725,.T.);
#4358=EDGE_CURVE('',#3605,#3627,#118,.T.);
#4359=EDGE_CURVE('',#3603,#3628,#119,.T.);
#4360=EDGE_CURVE('',#3628,#3629,#1726,.T.);
#4361=EDGE_CURVE('',#3629,#3602,#120,.T.);
#4362=EDGE_CURVE('',#3627,#3628,#1727,.T.);
#4363=EDGE_CURVE('',#3629,#3626,#1728,.T.);
#4364=EDGE_CURVE('',#3629,#3630,#1729,.T.);
#4365=EDGE_CURVE('',#3630,#3631,#1730,.T.);
#4366=EDGE_CURVE('',#3626,#3631,#1731,.T.);
#4367=EDGE_CURVE('',#3628,#3632,#1732,.T.);
#4368=EDGE_CURVE('',#3632,#3630,#1733,.T.);
#4369=EDGE_CURVE('',#3633,#3634,#121,.T.);
#4370=EDGE_CURVE('',#3634,#3635,#1734,.T.);
#4371=EDGE_CURVE('',#3635,#3566,#3376,.T.);
#4372=EDGE_CURVE('',#3567,#3633,#122,.T.);
#4373=EDGE_CURVE('',#3635,#3636,#3377,.T.);
#4374=EDGE_CURVE('',#3636,#3568,#3378,.T.);
#4375=EDGE_CURVE('',#3637,#3569,#123,.T.);
#4376=EDGE_CURVE('',#3636,#3638,#1735,.T.);
#4377=EDGE_CURVE('',#3638,#3637,#124,.T.);
#4378=EDGE_CURVE('',#3637,#3639,#1736,.T.);
#4379=EDGE_CURVE('',#3570,#3639,#125,.T.);
#4380=EDGE_CURVE('',#3640,#3641,#126,.T.);
#4381=EDGE_CURVE('',#3641,#3642,#1737,.T.);
#4382=EDGE_CURVE('',#3642,#3599,#3379,.T.);
#4383=EDGE_CURVE('',#3598,#3640,#127,.T.);
#4384=EDGE_CURVE('',#3642,#3643,#3380,.T.);
#4385=EDGE_CURVE('',#3643,#3600,#3381,.T.);
#4386=EDGE_CURVE('',#3644,#3601,#128,.T.);
#4387=EDGE_CURVE('',#3643,#3645,#1738,.T.);
#4388=EDGE_CURVE('',#3645,#3644,#129,.T.);
#4389=EDGE_CURVE('',#3644,#3633,#1739,.T.);
#4390=EDGE_CURVE('',#3645,#3646,#1740,.T.);
#4391=EDGE_CURVE('',#3647,#3646,#1741,.T.);
#4392=EDGE_CURVE('',#3647,#3648,#1742,.T.);
#4393=EDGE_CURVE('',#3648,#3649,#1743,.T.);
#4394=EDGE_CURVE('',#3649,#3650,#1744,.T.);
#4395=EDGE_CURVE('',#3639,#3650,#130,.T.);
#4396=EDGE_CURVE('',#3638,#3634,#1745,.T.);
#4397=EDGE_CURVE('',#3651,#3652,#131,.T.);
#4398=EDGE_CURVE('',#3652,#3653,#1746,.T.);
#4399=EDGE_CURVE('',#3653,#3587,#3382,.T.);
#4400=EDGE_CURVE('',#3586,#3651,#132,.T.);
#4401=EDGE_CURVE('',#3653,#3654,#3383,.T.);
#4402=EDGE_CURVE('',#3654,#3588,#3384,.T.);
#4403=EDGE_CURVE('',#3655,#3589,#133,.T.);
#4404=EDGE_CURVE('',#3654,#3656,#1747,.T.);
#4405=EDGE_CURVE('',#3656,#3655,#134,.T.);
#4406=EDGE_CURVE('',#3657,#3651,#1748,.T.);
#4407=EDGE_CURVE('',#3658,#3657,#135,.T.);
#4408=EDGE_CURVE('',#3658,#3659,#1749,.T.);
#4409=EDGE_CURVE('',#3660,#3659,#1750,.T.);
#4410=EDGE_CURVE('',#3660,#3661,#1751,.T.);
#4411=EDGE_CURVE('',#3661,#3662,#1752,.T.);
#4412=EDGE_CURVE('',#3662,#3652,#1753,.T.);
#4413=EDGE_CURVE('',#3657,#3585,#136,.T.);
#4414=EDGE_CURVE('',#3663,#3664,#137,.T.);
#4415=EDGE_CURVE('',#3664,#3665,#1754,.T.);
#4416=EDGE_CURVE('',#3665,#3583,#3385,.T.);
#4417=EDGE_CURVE('',#3582,#3663,#138,.T.);
#4418=EDGE_CURVE('',#3665,#3666,#3386,.T.);
#4419=EDGE_CURVE('',#3666,#3584,#3387,.T.);
#4420=EDGE_CURVE('',#3666,#3658,#1755,.T.);
#4421=EDGE_CURVE('',#3650,#3667,#1756,.T.);
#4422=EDGE_CURVE('',#3667,#3571,#3388,.T.);
#4423=EDGE_CURVE('',#3667,#3668,#3389,.T.);
#4424=EDGE_CURVE('',#3668,#3572,#3390,.T.);
#4425=EDGE_CURVE('',#3669,#3573,#139,.T.);
#4426=EDGE_CURVE('',#3668,#3670,#1757,.T.);
#4427=EDGE_CURVE('',#3670,#3669,#140,.T.);
#4428=EDGE_CURVE('',#3669,#3671,#1758,.T.);
#4429=EDGE_CURVE('',#3574,#3671,#3391,.T.);
#4430=EDGE_CURVE('',#3670,#3672,#1759,.T.);
#4431=EDGE_CURVE('',#3673,#3672,#1760,.T.);
#4432=EDGE_CURVE('',#3673,#3674,#1761,.T.);
#4433=EDGE_CURVE('',#3674,#3671,#1762,.T.);
#4434=EDGE_CURVE('',#3675,#3676,#1763,.T.);
#4435=EDGE_CURVE('',#3676,#3622,#3392,.T.);
#4436=EDGE_CURVE('',#3621,#3675,#141,.T.);
#4437=EDGE_CURVE('',#3620,#3677,#142,.T.);
#4438=EDGE_CURVE('',#3677,#3675,#1764,.T.);
#4439=EDGE_CURVE('',#3678,#3679,#1765,.T.);
#4440=EDGE_CURVE('',#3679,#3616,#3393,.T.);
#4441=EDGE_CURVE('',#3615,#3678,#143,.T.);
#4442=EDGE_CURVE('',#3680,#3617,#3394,.T.);
#4443=EDGE_CURVE('',#3679,#3680,#3395,.T.);
#4444=EDGE_CURVE('',#3681,#3618,#3396,.T.);
#4445=EDGE_CURVE('',#3680,#3681,#1766,.T.);
#4446=EDGE_CURVE('',#3682,#3619,#3397,.T.);
#4447=EDGE_CURVE('',#3681,#3682,#3398,.T.);
#4448=EDGE_CURVE('',#3682,#3677,#1767,.T.);
#4449=EDGE_CURVE('',#3683,#3684,#1768,.T.);
#4450=EDGE_CURVE('',#3684,#3606,#3399,.T.);
#4451=EDGE_CURVE('',#3607,#3683,#144,.T.);
#4452=EDGE_CURVE('',#3685,#3608,#3400,.T.);
#4453=EDGE_CURVE('',#3684,#3685,#3401,.T.);
#4454=EDGE_CURVE('',#3686,#3609,#3402,.T.);
#4455=EDGE_CURVE('',#3685,#3686,#1769,.T.);
#4456=EDGE_CURVE('',#3687,#3610,#3403,.T.);
#4457=EDGE_CURVE('',#3686,#3687,#3404,.T.);
#4458=EDGE_CURVE('',#3688,#3611,#3405,.T.);
#4459=EDGE_CURVE('',#3687,#3688,#1770,.T.);
#4460=EDGE_CURVE('',#3689,#3612,#3406,.T.);
#4461=EDGE_CURVE('',#3688,#3689,#3407,.T.);
#4462=EDGE_CURVE('',#3690,#3613,#3408,.T.);
#4463=EDGE_CURVE('',#3689,#3690,#1771,.T.);
#4464=EDGE_CURVE('',#3691,#3614,#3409,.T.);
#4465=EDGE_CURVE('',#3690,#3691,#3410,.T.);
#4466=EDGE_CURVE('',#3691,#3678,#1772,.T.);
#4467=EDGE_CURVE('',#3692,#3623,#3411,.T.);
#4468=EDGE_CURVE('',#3676,#3692,#3412,.T.);
#4469=EDGE_CURVE('',#3693,#3624,#3413,.T.);
#4470=EDGE_CURVE('',#3692,#3693,#1773,.T.);
#4471=EDGE_CURVE('',#3694,#3625,#3414,.T.);
#4472=EDGE_CURVE('',#3693,#3694,#3415,.T.);
#4473=EDGE_CURVE('',#3694,#3683,#1774,.T.);
#4474=EDGE_CURVE('',#3678,#3695,#1775,.T.);
#4475=EDGE_CURVE('',#3695,#3696,#1776,.T.);
#4476=EDGE_CURVE('',#3679,#3696,#1777,.T.);
#4477=EDGE_CURVE('',#3691,#3697,#1778,.T.);
#4478=EDGE_CURVE('',#3697,#3695,#1779,.T.);
#4479=EDGE_CURVE('',#3690,#3698,#1780,.T.);
#4480=EDGE_CURVE('',#3698,#3697,#3416,.T.);
#4481=EDGE_CURVE('',#3689,#3699,#1781,.T.);
#4482=EDGE_CURVE('',#3699,#3698,#1782,.T.);
#4483=EDGE_CURVE('',#3688,#3700,#1783,.T.);
#4484=EDGE_CURVE('',#3700,#3699,#3417,.T.);
#4485=EDGE_CURVE('',#3687,#3701,#1784,.T.);
#4486=EDGE_CURVE('',#3701,#3700,#1785,.T.);
#4487=EDGE_CURVE('',#3686,#3702,#1786,.T.);
#4488=EDGE_CURVE('',#3702,#3701,#3418,.T.);
#4489=EDGE_CURVE('',#3685,#3703,#1787,.T.);
#4490=EDGE_CURVE('',#3703,#3702,#1788,.T.);
#4491=EDGE_CURVE('',#3684,#3704,#1789,.T.);
#4492=EDGE_CURVE('',#3704,#3703,#3419,.T.);
#4493=EDGE_CURVE('',#3683,#3705,#1790,.T.);
#4494=EDGE_CURVE('',#3705,#3704,#1791,.T.);
#4495=EDGE_CURVE('',#3672,#3649,#3420,.T.);
#4496=EDGE_CURVE('',#3706,#3664,#1792,.T.);
#4497=EDGE_CURVE('',#3659,#3706,#3421,.T.);
#4498=EDGE_CURVE('',#3707,#3641,#1793,.T.);
#4499=EDGE_CURVE('',#3646,#3707,#3422,.T.);
#4500=EDGE_CURVE('',#3708,#3662,#3423,.T.);
#4501=EDGE_CURVE('',#3656,#3708,#1794,.T.);
#4502=EDGE_CURVE('',#3709,#3663,#1795,.T.);
#4503=EDGE_CURVE('',#3710,#3709,#1796,.T.);
#4504=EDGE_CURVE('',#3710,#3711,#1797,.T.);
#4505=EDGE_CURVE('',#3711,#3706,#1798,.T.);
#4506=EDGE_CURVE('',#3581,#3709,#3424,.T.);
#4507=EDGE_CURVE('',#3712,#3640,#1799,.T.);
#4508=EDGE_CURVE('',#3713,#3712,#1800,.T.);
#4509=EDGE_CURVE('',#3713,#3714,#1801,.T.);
#4510=EDGE_CURVE('',#3714,#3707,#1802,.T.);
#4511=EDGE_CURVE('',#3597,#3712,#3425,.T.);
#4512=EDGE_CURVE('',#3715,#3715,#3426,.T.);
#4513=EDGE_CURVE('',#3716,#3716,#3427,.T.);
#4514=EDGE_CURVE('',#3559,#3717,#1803,.T.);
#4515=EDGE_CURVE('',#3717,#3565,#1804,.T.);
#4516=EDGE_CURVE('',#3557,#3718,#1805,.T.);
#4517=EDGE_CURVE('',#3718,#3717,#3428,.T.);
#4518=EDGE_CURVE('',#3555,#3719,#1806,.T.);
#4519=EDGE_CURVE('',#3719,#3718,#1807,.T.);
#4520=EDGE_CURVE('',#3716,#3720,#1808,.T.);
#4521=EDGE_CURVE('',#3720,#3720,#3429,.T.);
#4522=EDGE_CURVE('',#3715,#3721,#1809,.T.);
#4523=EDGE_CURVE('',#3721,#3721,#3430,.T.);
#4524=EDGE_CURVE('',#3562,#3719,#3431,.T.);
#4525=EDGE_CURVE('',#3722,#3525,#1810,.T.);
#4526=EDGE_CURVE('',#3722,#3543,#1811,.T.);
#4527=EDGE_CURVE('',#3723,#3524,#1812,.T.);
#4528=EDGE_CURVE('',#3723,#3722,#1813,.T.);
#4529=EDGE_CURVE('',#3544,#3723,#1814,.T.);
#4530=EDGE_CURVE('',#3537,#3724,#1815,.T.);
#4531=EDGE_CURVE('',#3724,#3542,#1816,.T.);
#4532=EDGE_CURVE('',#3505,#3725,#1817,.T.);
#4533=EDGE_CURVE('',#3725,#3511,#3432,.T.);
#4534=EDGE_CURVE('',#3503,#3726,#1818,.T.);
#4535=EDGE_CURVE('',#3726,#3725,#1819,.T.);
#4536=EDGE_CURVE('',#3501,#3727,#1820,.T.);
#4537=EDGE_CURVE('',#3727,#3726,#3433,.T.);
#4538=EDGE_CURVE('',#3508,#3727,#1821,.T.);
#4539=EDGE_CURVE('',#3536,#3728,#1822,.T.);
#4540=EDGE_CURVE('',#3728,#3724,#3434,.T.);
#4541=EDGE_CURVE('',#3535,#3729,#1823,.T.);
#4542=EDGE_CURVE('',#3729,#3728,#1824,.T.);
#4543=EDGE_CURVE('',#3539,#3729,#3435,.T.);
#4544=EDGE_CURVE('',#3680,#3730,#1825,.T.);
#4545=EDGE_CURVE('',#3730,#3731,#1826,.T.);
#4546=EDGE_CURVE('',#3681,#3731,#1827,.T.);
#4547=EDGE_CURVE('',#3696,#3730,#3436,.T.);
#4548=EDGE_CURVE('',#3694,#3732,#1828,.T.);
#4549=EDGE_CURVE('',#3732,#3705,#1829,.T.);
#4550=EDGE_CURVE('',#3693,#3733,#1830,.T.);
#4551=EDGE_CURVE('',#3733,#3732,#3437,.T.);
#4552=EDGE_CURVE('',#3692,#3734,#1831,.T.);
#4553=EDGE_CURVE('',#3734,#3733,#1832,.T.);
#4554=EDGE_CURVE('',#3676,#3735,#1833,.T.);
#4555=EDGE_CURVE('',#3735,#3734,#3438,.T.);
#4556=EDGE_CURVE('',#3675,#3736,#1834,.T.);
#4557=EDGE_CURVE('',#3736,#3735,#1835,.T.);
#4558=EDGE_CURVE('',#3677,#3737,#1836,.T.);
#4559=EDGE_CURVE('',#3737,#3736,#1837,.T.);
#4560=EDGE_CURVE('',#3682,#3738,#1838,.T.);
#4561=EDGE_CURVE('',#3738,#3737,#1839,.T.);
#4562=EDGE_CURVE('',#3731,#3738,#3439,.T.);
#4563=EDGE_CURVE('',#3739,#3740,#1840,.T.);
#4564=EDGE_CURVE('',#3739,#3741,#1841,.T.);
#4565=EDGE_CURVE('',#3741,#3742,#1842,.T.);
#4566=EDGE_CURVE('',#3740,#3742,#1843,.T.);
#4567=EDGE_CURVE('',#3743,#3739,#1844,.T.);
#4568=EDGE_CURVE('',#3743,#3744,#1845,.T.);
#4569=EDGE_CURVE('',#3744,#3741,#1846,.T.);
#4570=EDGE_CURVE('',#3745,#3743,#1847,.T.);
#4571=EDGE_CURVE('',#3745,#3746,#1848,.T.);
#4572=EDGE_CURVE('',#3746,#3744,#1849,.T.);
#4573=EDGE_CURVE('',#3740,#3745,#1850,.T.);
#4574=EDGE_CURVE('',#3742,#3746,#1851,.T.);
#4575=EDGE_CURVE('',#3627,#3747,#1852,.T.);
#4576=EDGE_CURVE('',#3747,#3632,#1853,.T.);
#4577=EDGE_CURVE('',#3631,#3747,#1854,.T.);
#4578=EDGE_CURVE('',#3748,#3596,#3440,.T.);
#4579=EDGE_CURVE('',#3595,#3749,#3441,.T.);
#4580=EDGE_CURVE('',#3749,#3748,#1855,.T.);
#4581=EDGE_CURVE('',#3594,#3750,#3442,.T.);
#4582=EDGE_CURVE('',#3750,#3749,#3443,.T.);
#4583=EDGE_CURVE('',#3593,#3751,#3444,.T.);
#4584=EDGE_CURVE('',#3751,#3750,#1856,.T.);
#4585=EDGE_CURVE('',#3592,#3752,#3445,.T.);
#4586=EDGE_CURVE('',#3752,#3751,#3446,.T.);
#4587=EDGE_CURVE('',#3591,#3753,#3447,.T.);
#4588=EDGE_CURVE('',#3753,#3752,#1857,.T.);
#4589=EDGE_CURVE('',#3590,#3754,#3448,.T.);
#4590=EDGE_CURVE('',#3754,#3753,#3449,.T.);
#4591=EDGE_CURVE('',#3655,#3754,#1858,.T.);
#4592=EDGE_CURVE('',#3580,#3755,#3450,.T.);
#4593=EDGE_CURVE('',#3755,#3709,#3451,.T.);
#4594=EDGE_CURVE('',#3579,#3756,#3452,.T.);
#4595=EDGE_CURVE('',#3756,#3755,#1859,.T.);
#4596=EDGE_CURVE('',#3578,#3757,#3453,.T.);
#4597=EDGE_CURVE('',#3757,#3756,#3454,.T.);
#4598=EDGE_CURVE('',#3577,#3758,#3455,.T.);
#4599=EDGE_CURVE('',#3758,#3757,#1860,.T.);
#4600=EDGE_CURVE('',#3576,#3759,#3456,.T.);
#4601=EDGE_CURVE('',#3759,#3758,#3457,.T.);
#4602=EDGE_CURVE('',#3575,#3760,#3458,.T.);
#4603=EDGE_CURVE('',#3760,#3759,#1861,.T.);
#4604=EDGE_CURVE('',#3671,#3760,#3459,.T.);
#4605=EDGE_CURVE('',#3748,#3712,#3460,.T.);
#4606=EDGE_CURVE('',#3761,#3757,#1862,.T.);
#4607=EDGE_CURVE('',#3762,#3761,#3461,.T.);
#4608=EDGE_CURVE('',#3762,#3756,#1863,.T.);
#4609=EDGE_CURVE('',#3763,#3758,#1864,.T.);
#4610=EDGE_CURVE('',#3763,#3761,#1865,.T.);
#4611=EDGE_CURVE('',#3764,#3759,#1866,.T.);
#4612=EDGE_CURVE('',#3763,#3764,#3462,.T.);
#4613=EDGE_CURVE('',#3765,#3760,#1867,.T.);
#4614=EDGE_CURVE('',#3764,#3765,#1868,.T.);
#4615=EDGE_CURVE('',#3674,#3765,#3463,.T.);
#4616=EDGE_CURVE('',#3648,#3673,#3464,.T.);
#4617=EDGE_CURVE('',#3714,#3647,#3465,.T.);
#4618=EDGE_CURVE('',#3766,#3748,#1869,.T.);
#4619=EDGE_CURVE('',#3766,#3713,#3466,.T.);
#4620=EDGE_CURVE('',#3767,#3749,#1870,.T.);
#4621=EDGE_CURVE('',#3767,#3766,#1871,.T.);
#4622=EDGE_CURVE('',#3768,#3750,#1872,.T.);
#4623=EDGE_CURVE('',#3767,#3768,#3467,.T.);
#4624=EDGE_CURVE('',#3769,#3751,#1873,.T.);
#4625=EDGE_CURVE('',#3769,#3768,#1874,.T.);
#4626=EDGE_CURVE('',#3770,#3752,#1875,.T.);
#4627=EDGE_CURVE('',#3769,#3770,#3468,.T.);
#4628=EDGE_CURVE('',#3771,#3753,#1876,.T.);
#4629=EDGE_CURVE('',#3770,#3771,#1877,.T.);
#4630=EDGE_CURVE('',#3772,#3754,#1878,.T.);
#4631=EDGE_CURVE('',#3772,#3771,#3469,.T.);
#4632=EDGE_CURVE('',#3773,#3708,#1879,.T.);
#4633=EDGE_CURVE('',#3773,#3772,#1880,.T.);
#4634=EDGE_CURVE('',#3661,#3773,#3470,.T.);
#4635=EDGE_CURVE('',#3711,#3660,#3471,.T.);
#4636=EDGE_CURVE('',#3774,#3755,#1881,.T.);
#4637=EDGE_CURVE('',#3774,#3710,#3472,.T.);
#4638=EDGE_CURVE('',#3762,#3774,#1882,.T.);
#4639=EDGE_CURVE('',#3775,#3776,#1883,.T.);
#4640=EDGE_CURVE('',#3775,#3777,#1884,.T.);
#4641=EDGE_CURVE('',#3777,#3778,#1885,.T.);
#4642=EDGE_CURVE('',#3776,#3778,#1886,.T.);
#4643=EDGE_CURVE('',#3779,#3775,#1887,.T.);
#4644=EDGE_CURVE('',#3779,#3780,#1888,.T.);
#4645=EDGE_CURVE('',#3780,#3777,#1889,.T.);
#4646=EDGE_CURVE('',#3781,#3779,#1890,.T.);
#4647=EDGE_CURVE('',#3781,#3782,#1891,.T.);
#4648=EDGE_CURVE('',#3782,#3780,#1892,.T.);
#4649=EDGE_CURVE('',#3776,#3781,#1893,.T.);
#4650=EDGE_CURVE('',#3778,#3782,#1894,.T.);
#4651=EDGE_CURVE('',#3783,#3784,#1895,.T.);
#4652=EDGE_CURVE('',#3784,#3785,#1896,.T.);
#4653=EDGE_CURVE('',#3786,#3785,#1897,.T.);
#4654=EDGE_CURVE('',#3783,#3786,#1898,.T.);
#4655=EDGE_CURVE('',#3787,#3783,#1899,.T.);
#4656=EDGE_CURVE('',#3788,#3786,#1900,.T.);
#4657=EDGE_CURVE('',#3787,#3788,#1901,.T.);
#4658=EDGE_CURVE('',#3789,#3787,#1902,.T.);
#4659=EDGE_CURVE('',#3790,#3788,#1903,.T.);
#4660=EDGE_CURVE('',#3789,#3790,#1904,.T.);
#4661=EDGE_CURVE('',#3784,#3789,#1905,.T.);
#4662=EDGE_CURVE('',#3785,#3790,#1906,.T.);
#4663=EDGE_CURVE('',#3791,#3791,#3473,.T.);
#4664=EDGE_CURVE('',#3791,#3792,#1907,.T.);
#4665=EDGE_CURVE('',#3792,#3792,#3474,.T.);
#4666=EDGE_CURVE('',#3793,#3794,#1908,.T.);
#4667=EDGE_CURVE('',#3793,#3795,#1909,.T.);
#4668=EDGE_CURVE('',#3796,#3795,#1910,.T.);
#4669=EDGE_CURVE('',#3794,#3796,#1911,.T.);
#4670=EDGE_CURVE('',#3794,#3797,#1912,.T.);
#4671=EDGE_CURVE('',#3798,#3796,#1913,.T.);
#4672=EDGE_CURVE('',#3797,#3798,#1914,.T.);
#4673=EDGE_CURVE('',#3799,#3797,#1915,.T.);
#4674=EDGE_CURVE('',#3800,#3798,#1916,.T.);
#4675=EDGE_CURVE('',#3799,#3800,#1917,.T.);
#4676=EDGE_CURVE('',#3793,#3799,#1918,.T.);
#4677=EDGE_CURVE('',#3795,#3800,#1919,.T.);
#4678=EDGE_CURVE('',#3801,#3801,#3475,.T.);
#4679=EDGE_CURVE('',#3801,#3802,#1920,.T.);
#4680=EDGE_CURVE('',#3802,#3802,#3476,.T.);
#4681=EDGE_CURVE('',#3803,#3804,#1921,.T.);
#4682=EDGE_CURVE('',#3804,#3805,#1922,.T.);
#4683=EDGE_CURVE('',#3805,#3806,#1923,.T.);
#4684=EDGE_CURVE('',#3803,#3806,#1924,.T.);
#4685=EDGE_CURVE('',#3804,#3807,#1925,.T.);
#4686=EDGE_CURVE('',#3807,#3808,#1926,.T.);
#4687=EDGE_CURVE('',#3808,#3805,#1927,.T.);
#4688=EDGE_CURVE('',#3809,#3807,#1928,.T.);
#4689=EDGE_CURVE('',#3809,#3810,#1929,.T.);
#4690=EDGE_CURVE('',#3810,#3808,#1930,.T.);
#4691=EDGE_CURVE('',#3803,#3809,#1931,.T.);
#4692=EDGE_CURVE('',#3806,#3810,#1932,.T.);
#4693=EDGE_CURVE('',#3811,#3812,#1933,.T.);
#4694=EDGE_CURVE('',#3812,#3813,#1934,.T.);
#4695=EDGE_CURVE('',#3814,#3813,#1935,.T.);
#4696=EDGE_CURVE('',#3811,#3814,#1936,.T.);
#4697=EDGE_CURVE('',#3815,#3811,#1937,.T.);
#4698=EDGE_CURVE('',#3816,#3814,#1938,.T.);
#4699=EDGE_CURVE('',#3815,#3816,#1939,.T.);
#4700=EDGE_CURVE('',#3817,#3815,#1940,.T.);
#4701=EDGE_CURVE('',#3818,#3816,#1941,.T.);
#4702=EDGE_CURVE('',#3817,#3818,#1942,.T.);
#4703=EDGE_CURVE('',#3812,#3817,#1943,.T.);
#4704=EDGE_CURVE('',#3813,#3818,#1944,.T.);
#4705=EDGE_CURVE('',#3819,#3820,#1945,.T.);
#4706=EDGE_CURVE('',#3819,#3821,#1946,.T.);
#4707=EDGE_CURVE('',#3822,#3821,#1947,.T.);
#4708=EDGE_CURVE('',#3820,#3822,#1948,.T.);
#4709=EDGE_CURVE('',#3823,#3820,#1949,.T.);
#4710=EDGE_CURVE('',#3824,#3822,#1950,.T.);
#4711=EDGE_CURVE('',#3823,#3824,#1951,.T.);
#4712=EDGE_CURVE('',#3825,#3823,#1952,.T.);
#4713=EDGE_CURVE('',#3826,#3824,#1953,.T.);
#4714=EDGE_CURVE('',#3825,#3826,#1954,.T.);
#4715=EDGE_CURVE('',#3819,#3825,#1955,.T.);
#4716=EDGE_CURVE('',#3821,#3826,#1956,.T.);
#4717=EDGE_CURVE('',#3827,#3828,#1957,.T.);
#4718=EDGE_CURVE('',#3827,#3829,#1958,.T.);
#4719=EDGE_CURVE('',#3830,#3829,#1959,.T.);
#4720=EDGE_CURVE('',#3828,#3830,#1960,.T.);
#4721=EDGE_CURVE('',#3831,#3828,#1961,.T.);
#4722=EDGE_CURVE('',#3832,#3830,#1962,.T.);
#4723=EDGE_CURVE('',#3831,#3832,#1963,.T.);
#4724=EDGE_CURVE('',#3833,#3831,#1964,.T.);
#4725=EDGE_CURVE('',#3834,#3832,#1965,.T.);
#4726=EDGE_CURVE('',#3833,#3834,#1966,.T.);
#4727=EDGE_CURVE('',#3833,#3827,#1967,.T.);
#4728=EDGE_CURVE('',#3829,#3834,#1968,.T.);
#4729=EDGE_CURVE('',#3835,#3836,#1969,.T.);
#4730=EDGE_CURVE('',#3837,#3836,#1970,.T.);
#4731=EDGE_CURVE('',#3838,#3837,#1971,.T.);
#4732=EDGE_CURVE('',#3835,#3838,#1972,.T.);
#4733=EDGE_CURVE('',#3839,#3835,#1973,.T.);
#4734=EDGE_CURVE('',#3840,#3838,#1974,.T.);
#4735=EDGE_CURVE('',#3839,#3840,#1975,.T.);
#4736=EDGE_CURVE('',#3836,#3841,#1976,.T.);
#4737=EDGE_CURVE('',#3842,#3841,#1977,.T.);
#4738=EDGE_CURVE('',#3842,#3837,#1978,.T.);
#4739=EDGE_CURVE('',#3843,#3840,#1979,.T.);
#4740=EDGE_CURVE('',#3843,#3844,#1980,.T.);
#4741=EDGE_CURVE('',#3844,#3839,#1981,.T.);
#4742=EDGE_CURVE('',#3845,#3843,#1982,.T.);
#4743=EDGE_CURVE('',#3845,#3846,#1983,.T.);
#4744=EDGE_CURVE('',#3846,#3844,#1984,.T.);
#4745=EDGE_CURVE('',#3845,#3842,#1985,.T.);
#4746=EDGE_CURVE('',#3841,#3846,#1986,.T.);
#4747=EDGE_CURVE('',#3847,#3848,#1987,.T.);
#4748=EDGE_CURVE('',#3848,#3849,#1988,.T.);
#4749=EDGE_CURVE('',#3849,#3850,#1989,.T.);
#4750=EDGE_CURVE('',#3847,#3850,#1990,.T.);
#4751=EDGE_CURVE('',#3851,#3848,#1991,.T.);
#4752=EDGE_CURVE('',#3851,#3852,#1992,.T.);
#4753=EDGE_CURVE('',#3852,#3849,#1993,.T.);
#4754=EDGE_CURVE('',#3853,#3851,#1994,.T.);
#4755=EDGE_CURVE('',#3853,#3854,#1995,.T.);
#4756=EDGE_CURVE('',#3854,#3852,#1996,.T.);
#4757=EDGE_CURVE('',#3853,#3847,#1997,.T.);
#4758=EDGE_CURVE('',#3850,#3854,#1998,.T.);
#4759=EDGE_CURVE('',#3855,#3856,#1999,.T.);
#4760=EDGE_CURVE('',#3855,#3857,#2000,.T.);
#4761=EDGE_CURVE('',#3858,#3857,#2001,.T.);
#4762=EDGE_CURVE('',#3856,#3858,#2002,.T.);
#4763=EDGE_CURVE('',#3859,#3856,#2003,.T.);
#4764=EDGE_CURVE('',#3860,#3858,#2004,.T.);
#4765=EDGE_CURVE('',#3859,#3860,#2005,.T.);
#4766=EDGE_CURVE('',#3861,#3859,#2006,.T.);
#4767=EDGE_CURVE('',#3862,#3860,#2007,.T.);
#4768=EDGE_CURVE('',#3861,#3862,#2008,.T.);
#4769=EDGE_CURVE('',#3861,#3855,#2009,.T.);
#4770=EDGE_CURVE('',#3857,#3862,#2010,.T.);
#4771=EDGE_CURVE('',#3863,#3864,#2011,.T.);
#4772=EDGE_CURVE('',#3863,#3865,#2012,.T.);
#4773=EDGE_CURVE('',#3866,#3865,#2013,.T.);
#4774=EDGE_CURVE('',#3864,#3866,#2014,.T.);
#4775=EDGE_CURVE('',#3867,#3864,#2015,.T.);
#4776=EDGE_CURVE('',#3868,#3866,#2016,.T.);
#4777=EDGE_CURVE('',#3867,#3868,#2017,.T.);
#4778=EDGE_CURVE('',#3869,#3867,#2018,.T.);
#4779=EDGE_CURVE('',#3870,#3868,#2019,.T.);
#4780=EDGE_CURVE('',#3869,#3870,#2020,.T.);
#4781=EDGE_CURVE('',#3863,#3869,#2021,.T.);
#4782=EDGE_CURVE('',#3865,#3870,#2022,.T.);
#4783=EDGE_CURVE('',#3871,#3872,#2023,.T.);
#4784=EDGE_CURVE('',#3871,#3873,#2024,.T.);
#4785=EDGE_CURVE('',#3874,#3873,#2025,.T.);
#4786=EDGE_CURVE('',#3872,#3874,#2026,.T.);
#4787=EDGE_CURVE('',#3875,#3872,#2027,.T.);
#4788=EDGE_CURVE('',#3876,#3874,#2028,.T.);
#4789=EDGE_CURVE('',#3875,#3876,#2029,.T.);
#4790=EDGE_CURVE('',#3877,#3875,#2030,.T.);
#4791=EDGE_CURVE('',#3878,#3876,#2031,.T.);
#4792=EDGE_CURVE('',#3877,#3878,#2032,.T.);
#4793=EDGE_CURVE('',#3871,#3877,#2033,.T.);
#4794=EDGE_CURVE('',#3873,#3878,#2034,.T.);
#4795=EDGE_CURVE('',#3879,#3880,#2035,.T.);
#4796=EDGE_CURVE('',#3879,#3881,#2036,.T.);
#4797=EDGE_CURVE('',#3882,#3881,#2037,.T.);
#4798=EDGE_CURVE('',#3880,#3882,#2038,.T.);
#4799=EDGE_CURVE('',#3883,#3880,#2039,.T.);
#4800=EDGE_CURVE('',#3884,#3882,#2040,.T.);
#4801=EDGE_CURVE('',#3883,#3884,#2041,.T.);
#4802=EDGE_CURVE('',#3885,#3883,#2042,.T.);
#4803=EDGE_CURVE('',#3886,#3884,#2043,.T.);
#4804=EDGE_CURVE('',#3885,#3886,#2044,.T.);
#4805=EDGE_CURVE('',#3879,#3885,#2045,.T.);
#4806=EDGE_CURVE('',#3881,#3886,#2046,.T.);
#4807=EDGE_CURVE('',#3887,#3888,#2047,.T.);
#4808=EDGE_CURVE('',#3887,#3889,#2048,.T.);
#4809=EDGE_CURVE('',#3890,#3889,#2049,.T.);
#4810=EDGE_CURVE('',#3888,#3890,#2050,.T.);
#4811=EDGE_CURVE('',#3891,#3888,#2051,.T.);
#4812=EDGE_CURVE('',#3892,#3890,#2052,.T.);
#4813=EDGE_CURVE('',#3891,#3892,#2053,.T.);
#4814=EDGE_CURVE('',#3893,#3891,#2054,.T.);
#4815=EDGE_CURVE('',#3894,#3892,#2055,.T.);
#4816=EDGE_CURVE('',#3893,#3894,#2056,.T.);
#4817=EDGE_CURVE('',#3887,#3893,#2057,.T.);
#4818=EDGE_CURVE('',#3889,#3894,#2058,.T.);
#4819=EDGE_CURVE('',#3895,#3896,#2059,.T.);
#4820=EDGE_CURVE('',#3895,#3897,#2060,.T.);
#4821=EDGE_CURVE('',#3898,#3897,#2061,.T.);
#4822=EDGE_CURVE('',#3896,#3898,#2062,.T.);
#4823=EDGE_CURVE('',#3899,#3896,#2063,.T.);
#4824=EDGE_CURVE('',#3900,#3898,#2064,.T.);
#4825=EDGE_CURVE('',#3899,#3900,#2065,.T.);
#4826=EDGE_CURVE('',#3901,#3899,#2066,.T.);
#4827=EDGE_CURVE('',#3902,#3900,#2067,.T.);
#4828=EDGE_CURVE('',#3901,#3902,#2068,.T.);
#4829=EDGE_CURVE('',#3895,#3901,#2069,.T.);
#4830=EDGE_CURVE('',#3897,#3902,#2070,.T.);
#4831=EDGE_CURVE('',#3903,#3904,#2071,.T.);
#4832=EDGE_CURVE('',#3903,#3905,#2072,.T.);
#4833=EDGE_CURVE('',#3906,#3905,#2073,.T.);
#4834=EDGE_CURVE('',#3904,#3906,#2074,.T.);
#4835=EDGE_CURVE('',#3907,#3904,#2075,.T.);
#4836=EDGE_CURVE('',#3908,#3906,#2076,.T.);
#4837=EDGE_CURVE('',#3907,#3908,#2077,.T.);
#4838=EDGE_CURVE('',#3909,#3907,#2078,.T.);
#4839=EDGE_CURVE('',#3910,#3908,#2079,.T.);
#4840=EDGE_CURVE('',#3909,#3910,#2080,.T.);
#4841=EDGE_CURVE('',#3903,#3909,#2081,.T.);
#4842=EDGE_CURVE('',#3905,#3910,#2082,.T.);
#4843=EDGE_CURVE('',#3911,#3912,#2083,.T.);
#4844=EDGE_CURVE('',#3911,#3913,#2084,.T.);
#4845=EDGE_CURVE('',#3914,#3913,#2085,.T.);
#4846=EDGE_CURVE('',#3912,#3914,#2086,.T.);
#4847=EDGE_CURVE('',#3915,#3912,#2087,.T.);
#4848=EDGE_CURVE('',#3916,#3914,#2088,.T.);
#4849=EDGE_CURVE('',#3915,#3916,#2089,.T.);
#4850=EDGE_CURVE('',#3917,#3915,#2090,.T.);
#4851=EDGE_CURVE('',#3918,#3916,#2091,.T.);
#4852=EDGE_CURVE('',#3917,#3918,#2092,.T.);
#4853=EDGE_CURVE('',#3911,#3917,#2093,.T.);
#4854=EDGE_CURVE('',#3913,#3918,#2094,.T.);
#4855=EDGE_CURVE('',#3919,#3920,#2095,.T.);
#4856=EDGE_CURVE('',#3919,#3921,#2096,.T.);
#4857=EDGE_CURVE('',#3922,#3921,#2097,.T.);
#4858=EDGE_CURVE('',#3920,#3922,#2098,.T.);
#4859=EDGE_CURVE('',#3923,#3920,#2099,.T.);
#4860=EDGE_CURVE('',#3924,#3922,#2100,.T.);
#4861=EDGE_CURVE('',#3923,#3924,#2101,.T.);
#4862=EDGE_CURVE('',#3925,#3923,#2102,.T.);
#4863=EDGE_CURVE('',#3926,#3924,#2103,.T.);
#4864=EDGE_CURVE('',#3925,#3926,#2104,.T.);
#4865=EDGE_CURVE('',#3919,#3925,#2105,.T.);
#4866=EDGE_CURVE('',#3921,#3926,#2106,.T.);
#4867=EDGE_CURVE('',#3927,#3928,#2107,.T.);
#4868=EDGE_CURVE('',#3927,#3929,#2108,.T.);
#4869=EDGE_CURVE('',#3930,#3929,#2109,.T.);
#4870=EDGE_CURVE('',#3928,#3930,#2110,.T.);
#4871=EDGE_CURVE('',#3931,#3928,#2111,.T.);
#4872=EDGE_CURVE('',#3932,#3930,#2112,.T.);
#4873=EDGE_CURVE('',#3931,#3932,#2113,.T.);
#4874=EDGE_CURVE('',#3933,#3931,#2114,.T.);
#4875=EDGE_CURVE('',#3934,#3932,#2115,.T.);
#4876=EDGE_CURVE('',#3933,#3934,#2116,.T.);
#4877=EDGE_CURVE('',#3927,#3933,#2117,.T.);
#4878=EDGE_CURVE('',#3929,#3934,#2118,.T.);
#4879=EDGE_CURVE('',#3935,#3936,#2119,.T.);
#4880=EDGE_CURVE('',#3936,#3937,#2120,.T.);
#4881=EDGE_CURVE('',#3937,#3938,#2121,.T.);
#4882=EDGE_CURVE('',#3935,#3938,#2122,.T.);
#4883=EDGE_CURVE('',#3939,#3936,#2123,.T.);
#4884=EDGE_CURVE('',#3939,#3940,#2124,.T.);
#4885=EDGE_CURVE('',#3940,#3937,#2125,.T.);
#4886=EDGE_CURVE('',#3941,#3939,#2126,.T.);
#4887=EDGE_CURVE('',#3941,#3942,#2127,.T.);
#4888=EDGE_CURVE('',#3942,#3940,#2128,.T.);
#4889=EDGE_CURVE('',#3935,#3941,#2129,.T.);
#4890=EDGE_CURVE('',#3938,#3942,#2130,.T.);
#4891=EDGE_CURVE('',#3943,#3944,#2131,.T.);
#4892=EDGE_CURVE('',#3944,#3945,#2132,.T.);
#4893=EDGE_CURVE('',#3945,#3946,#2133,.T.);
#4894=EDGE_CURVE('',#3943,#3946,#2134,.T.);
#4895=EDGE_CURVE('',#3947,#3944,#2135,.T.);
#4896=EDGE_CURVE('',#3947,#3948,#2136,.T.);
#4897=EDGE_CURVE('',#3948,#3945,#2137,.T.);
#4898=EDGE_CURVE('',#3949,#3947,#2138,.T.);
#4899=EDGE_CURVE('',#3949,#3950,#2139,.T.);
#4900=EDGE_CURVE('',#3950,#3948,#2140,.T.);
#4901=EDGE_CURVE('',#3943,#3949,#2141,.T.);
#4902=EDGE_CURVE('',#3946,#3950,#2142,.T.);
#4903=EDGE_CURVE('',#3951,#3952,#2143,.T.);
#4904=EDGE_CURVE('',#3952,#3953,#2144,.T.);
#4905=EDGE_CURVE('',#3953,#3954,#2145,.T.);
#4906=EDGE_CURVE('',#3951,#3954,#2146,.T.);
#4907=EDGE_CURVE('',#3955,#3952,#2147,.T.);
#4908=EDGE_CURVE('',#3955,#3956,#2148,.T.);
#4909=EDGE_CURVE('',#3956,#3953,#2149,.T.);
#4910=EDGE_CURVE('',#3957,#3955,#2150,.T.);
#4911=EDGE_CURVE('',#3957,#3958,#2151,.T.);
#4912=EDGE_CURVE('',#3958,#3956,#2152,.T.);
#4913=EDGE_CURVE('',#3951,#3957,#2153,.T.);
#4914=EDGE_CURVE('',#3954,#3958,#2154,.T.);
#4915=EDGE_CURVE('',#3959,#3960,#2155,.T.);
#4916=EDGE_CURVE('',#3960,#3961,#2156,.T.);
#4917=EDGE_CURVE('',#3961,#3962,#2157,.T.);
#4918=EDGE_CURVE('',#3959,#3962,#2158,.T.);
#4919=EDGE_CURVE('',#3963,#3960,#2159,.T.);
#4920=EDGE_CURVE('',#3963,#3964,#2160,.T.);
#4921=EDGE_CURVE('',#3964,#3961,#2161,.T.);
#4922=EDGE_CURVE('',#3965,#3963,#2162,.T.);
#4923=EDGE_CURVE('',#3965,#3966,#2163,.T.);
#4924=EDGE_CURVE('',#3966,#3964,#2164,.T.);
#4925=EDGE_CURVE('',#3959,#3965,#2165,.T.);
#4926=EDGE_CURVE('',#3962,#3966,#2166,.T.);
#4927=EDGE_CURVE('',#3967,#3968,#2167,.T.);
#4928=EDGE_CURVE('',#3968,#3969,#2168,.T.);
#4929=EDGE_CURVE('',#3969,#3970,#2169,.T.);
#4930=EDGE_CURVE('',#3967,#3970,#2170,.T.);
#4931=EDGE_CURVE('',#3971,#3968,#2171,.T.);
#4932=EDGE_CURVE('',#3971,#3972,#2172,.T.);
#4933=EDGE_CURVE('',#3972,#3969,#2173,.T.);
#4934=EDGE_CURVE('',#3973,#3971,#2174,.T.);
#4935=EDGE_CURVE('',#3973,#3974,#2175,.T.);
#4936=EDGE_CURVE('',#3974,#3972,#2176,.T.);
#4937=EDGE_CURVE('',#3967,#3973,#2177,.T.);
#4938=EDGE_CURVE('',#3970,#3974,#2178,.T.);
#4939=EDGE_CURVE('',#3975,#3976,#2179,.T.);
#4940=EDGE_CURVE('',#3976,#3977,#2180,.T.);
#4941=EDGE_CURVE('',#3977,#3978,#2181,.T.);
#4942=EDGE_CURVE('',#3975,#3978,#2182,.T.);
#4943=EDGE_CURVE('',#3979,#3976,#2183,.T.);
#4944=EDGE_CURVE('',#3979,#3980,#2184,.T.);
#4945=EDGE_CURVE('',#3980,#3977,#2185,.T.);
#4946=EDGE_CURVE('',#3981,#3979,#2186,.T.);
#4947=EDGE_CURVE('',#3981,#3982,#2187,.T.);
#4948=EDGE_CURVE('',#3982,#3980,#2188,.T.);
#4949=EDGE_CURVE('',#3975,#3981,#2189,.T.);
#4950=EDGE_CURVE('',#3978,#3982,#2190,.T.);
#4951=EDGE_CURVE('',#3983,#3984,#2191,.T.);
#4952=EDGE_CURVE('',#3984,#3985,#2192,.T.);
#4953=EDGE_CURVE('',#3985,#3986,#2193,.T.);
#4954=EDGE_CURVE('',#3983,#3986,#2194,.T.);
#4955=EDGE_CURVE('',#3987,#3984,#2195,.T.);
#4956=EDGE_CURVE('',#3987,#3988,#2196,.T.);
#4957=EDGE_CURVE('',#3988,#3985,#2197,.T.);
#4958=EDGE_CURVE('',#3989,#3987,#2198,.T.);
#4959=EDGE_CURVE('',#3989,#3990,#2199,.T.);
#4960=EDGE_CURVE('',#3990,#3988,#2200,.T.);
#4961=EDGE_CURVE('',#3983,#3989,#2201,.T.);
#4962=EDGE_CURVE('',#3986,#3990,#2202,.T.);
#4963=EDGE_CURVE('',#3991,#3992,#2203,.T.);
#4964=EDGE_CURVE('',#3992,#3993,#2204,.T.);
#4965=EDGE_CURVE('',#3993,#3994,#2205,.T.);
#4966=EDGE_CURVE('',#3991,#3994,#2206,.T.);
#4967=EDGE_CURVE('',#3995,#3992,#2207,.T.);
#4968=EDGE_CURVE('',#3995,#3996,#2208,.T.);
#4969=EDGE_CURVE('',#3996,#3993,#2209,.T.);
#4970=EDGE_CURVE('',#3997,#3995,#2210,.T.);
#4971=EDGE_CURVE('',#3997,#3998,#2211,.T.);
#4972=EDGE_CURVE('',#3998,#3996,#2212,.T.);
#4973=EDGE_CURVE('',#3991,#3997,#2213,.T.);
#4974=EDGE_CURVE('',#3994,#3998,#2214,.T.);
#4975=EDGE_CURVE('',#3999,#4000,#2215,.T.);
#4976=EDGE_CURVE('',#4000,#4001,#2216,.T.);
#4977=EDGE_CURVE('',#4001,#4002,#2217,.T.);
#4978=EDGE_CURVE('',#3999,#4002,#2218,.T.);
#4979=EDGE_CURVE('',#4003,#4000,#2219,.T.);
#4980=EDGE_CURVE('',#4003,#4004,#2220,.T.);
#4981=EDGE_CURVE('',#4004,#4001,#2221,.T.);
#4982=EDGE_CURVE('',#4005,#4003,#2222,.T.);
#4983=EDGE_CURVE('',#4005,#4006,#2223,.T.);
#4984=EDGE_CURVE('',#4006,#4004,#2224,.T.);
#4985=EDGE_CURVE('',#3999,#4005,#2225,.T.);
#4986=EDGE_CURVE('',#4002,#4006,#2226,.T.);
#4987=EDGE_CURVE('',#4007,#4008,#2227,.T.);
#4988=EDGE_CURVE('',#4008,#4009,#2228,.T.);
#4989=EDGE_CURVE('',#4009,#4010,#2229,.T.);
#4990=EDGE_CURVE('',#4007,#4010,#2230,.T.);
#4991=EDGE_CURVE('',#4011,#4008,#2231,.T.);
#4992=EDGE_CURVE('',#4011,#4012,#2232,.T.);
#4993=EDGE_CURVE('',#4012,#4009,#2233,.T.);
#4994=EDGE_CURVE('',#4013,#4011,#2234,.T.);
#4995=EDGE_CURVE('',#4013,#4014,#2235,.T.);
#4996=EDGE_CURVE('',#4014,#4012,#2236,.T.);
#4997=EDGE_CURVE('',#4007,#4013,#2237,.T.);
#4998=EDGE_CURVE('',#4010,#4014,#2238,.T.);
#4999=EDGE_CURVE('',#4015,#4016,#2239,.T.);
#5000=EDGE_CURVE('',#4015,#4017,#2240,.T.);
#5001=EDGE_CURVE('',#4018,#4017,#2241,.T.);
#5002=EDGE_CURVE('',#4016,#4018,#2242,.T.);
#5003=EDGE_CURVE('',#4016,#4019,#2243,.T.);
#5004=EDGE_CURVE('',#4020,#4018,#2244,.T.);
#5005=EDGE_CURVE('',#4019,#4020,#2245,.T.);
#5006=EDGE_CURVE('',#4019,#4021,#2246,.T.);
#5007=EDGE_CURVE('',#4022,#4020,#2247,.T.);
#5008=EDGE_CURVE('',#4021,#4022,#2248,.T.);
#5009=EDGE_CURVE('',#4015,#4021,#2249,.T.);
#5010=EDGE_CURVE('',#4017,#4022,#2250,.T.);
#5011=EDGE_CURVE('',#4023,#4024,#2251,.T.);
#5012=EDGE_CURVE('',#4023,#4025,#2252,.T.);
#5013=EDGE_CURVE('',#4026,#4025,#2253,.T.);
#5014=EDGE_CURVE('',#4024,#4026,#2254,.T.);
#5015=EDGE_CURVE('',#4024,#4027,#2255,.T.);
#5016=EDGE_CURVE('',#4028,#4026,#2256,.T.);
#5017=EDGE_CURVE('',#4027,#4028,#2257,.T.);
#5018=EDGE_CURVE('',#4027,#4029,#2258,.T.);
#5019=EDGE_CURVE('',#4030,#4028,#2259,.T.);
#5020=EDGE_CURVE('',#4029,#4030,#2260,.T.);
#5021=EDGE_CURVE('',#4023,#4029,#2261,.T.);
#5022=EDGE_CURVE('',#4025,#4030,#2262,.T.);
#5023=EDGE_CURVE('',#4031,#4032,#2263,.T.);
#5024=EDGE_CURVE('',#4032,#4033,#2264,.T.);
#5025=EDGE_CURVE('',#4033,#4034,#2265,.T.);
#5026=EDGE_CURVE('',#4031,#4034,#2266,.T.);
#5027=EDGE_CURVE('',#4032,#4035,#2267,.T.);
#5028=EDGE_CURVE('',#4035,#4036,#2268,.T.);
#5029=EDGE_CURVE('',#4036,#4033,#2269,.T.);
#5030=EDGE_CURVE('',#4035,#4037,#2270,.T.);
#5031=EDGE_CURVE('',#4037,#4038,#2271,.T.);
#5032=EDGE_CURVE('',#4038,#4036,#2272,.T.);
#5033=EDGE_CURVE('',#4031,#4037,#2273,.T.);
#5034=EDGE_CURVE('',#4034,#4038,#2274,.T.);
#5035=EDGE_CURVE('',#4039,#4040,#2275,.T.);
#5036=EDGE_CURVE('',#4040,#4041,#2276,.T.);
#5037=EDGE_CURVE('',#4041,#4042,#2277,.T.);
#5038=EDGE_CURVE('',#4039,#4042,#2278,.T.);
#5039=EDGE_CURVE('',#4040,#4043,#2279,.T.);
#5040=EDGE_CURVE('',#4043,#4044,#2280,.T.);
#5041=EDGE_CURVE('',#4044,#4041,#2281,.T.);
#5042=EDGE_CURVE('',#4043,#4045,#2282,.T.);
#5043=EDGE_CURVE('',#4045,#4046,#2283,.T.);
#5044=EDGE_CURVE('',#4046,#4044,#2284,.T.);
#5045=EDGE_CURVE('',#4039,#4045,#2285,.T.);
#5046=EDGE_CURVE('',#4042,#4046,#2286,.T.);
#5047=EDGE_CURVE('',#4047,#4048,#2287,.T.);
#5048=EDGE_CURVE('',#4048,#4049,#2288,.T.);
#5049=EDGE_CURVE('',#4049,#4050,#2289,.T.);
#5050=EDGE_CURVE('',#4047,#4050,#2290,.T.);
#5051=EDGE_CURVE('',#4048,#4051,#2291,.T.);
#5052=EDGE_CURVE('',#4051,#4052,#2292,.T.);
#5053=EDGE_CURVE('',#4052,#4049,#2293,.T.);
#5054=EDGE_CURVE('',#4051,#4053,#2294,.T.);
#5055=EDGE_CURVE('',#4053,#4054,#2295,.T.);
#5056=EDGE_CURVE('',#4054,#4052,#2296,.T.);
#5057=EDGE_CURVE('',#4047,#4053,#2297,.T.);
#5058=EDGE_CURVE('',#4050,#4054,#2298,.T.);
#5059=EDGE_CURVE('',#4055,#4056,#2299,.T.);
#5060=EDGE_CURVE('',#4055,#4057,#2300,.T.);
#5061=EDGE_CURVE('',#4058,#4057,#2301,.T.);
#5062=EDGE_CURVE('',#4056,#4058,#2302,.T.);
#5063=EDGE_CURVE('',#4056,#4059,#2303,.T.);
#5064=EDGE_CURVE('',#4060,#4058,#2304,.T.);
#5065=EDGE_CURVE('',#4059,#4060,#2305,.T.);
#5066=EDGE_CURVE('',#4059,#4061,#2306,.T.);
#5067=EDGE_CURVE('',#4062,#4060,#2307,.T.);
#5068=EDGE_CURVE('',#4061,#4062,#2308,.T.);
#5069=EDGE_CURVE('',#4055,#4061,#2309,.T.);
#5070=EDGE_CURVE('',#4057,#4062,#2310,.T.);
#5071=EDGE_CURVE('',#4063,#4064,#2311,.T.);
#5072=EDGE_CURVE('',#4064,#4065,#2312,.T.);
#5073=EDGE_CURVE('',#4065,#4066,#2313,.T.);
#5074=EDGE_CURVE('',#4066,#4063,#2314,.T.);
#5075=EDGE_CURVE('',#4067,#4064,#2315,.T.);
#5076=EDGE_CURVE('',#4068,#4067,#2316,.T.);
#5077=EDGE_CURVE('',#4065,#4068,#2317,.T.);
#5078=EDGE_CURVE('',#4069,#4068,#2318,.T.);
#5079=EDGE_CURVE('',#4066,#4069,#2319,.T.);
#5080=EDGE_CURVE('',#4070,#4069,#2320,.T.);
#5081=EDGE_CURVE('',#4063,#4070,#2321,.T.);
#5082=EDGE_CURVE('',#4067,#4070,#2322,.T.);
#5083=EDGE_CURVE('',#4071,#4072,#2323,.T.);
#5084=EDGE_CURVE('',#4072,#4073,#2324,.T.);
#5085=EDGE_CURVE('',#4073,#4074,#2325,.T.);
#5086=EDGE_CURVE('',#4074,#4071,#2326,.T.);
#5087=EDGE_CURVE('',#4075,#4072,#2327,.T.);
#5088=EDGE_CURVE('',#4076,#4075,#2328,.T.);
#5089=EDGE_CURVE('',#4073,#4076,#2329,.T.);
#5090=EDGE_CURVE('',#4077,#4076,#2330,.T.);
#5091=EDGE_CURVE('',#4077,#4074,#2331,.T.);
#5092=EDGE_CURVE('',#4078,#4077,#2332,.T.);
#5093=EDGE_CURVE('',#4071,#4078,#2333,.T.);
#5094=EDGE_CURVE('',#4075,#4078,#2334,.T.);
#5095=EDGE_CURVE('',#4079,#4080,#2335,.T.);
#5096=EDGE_CURVE('',#4080,#4081,#2336,.T.);
#5097=EDGE_CURVE('',#4081,#4082,#2337,.T.);
#5098=EDGE_CURVE('',#4082,#4079,#2338,.T.);
#5099=EDGE_CURVE('',#4083,#4080,#2339,.T.);
#5100=EDGE_CURVE('',#4084,#4083,#2340,.T.);
#5101=EDGE_CURVE('',#4081,#4084,#2341,.T.);
#5102=EDGE_CURVE('',#4085,#4084,#2342,.T.);
#5103=EDGE_CURVE('',#4085,#4082,#2343,.T.);
#5104=EDGE_CURVE('',#4086,#4085,#2344,.T.);
#5105=EDGE_CURVE('',#4079,#4086,#2345,.T.);
#5106=EDGE_CURVE('',#4083,#4086,#2346,.T.);
#5107=EDGE_CURVE('',#4087,#4088,#2347,.T.);
#5108=EDGE_CURVE('',#4088,#4089,#2348,.T.);
#5109=EDGE_CURVE('',#4089,#4090,#2349,.T.);
#5110=EDGE_CURVE('',#4090,#4087,#2350,.T.);
#5111=EDGE_CURVE('',#4091,#4090,#2351,.T.);
#5112=EDGE_CURVE('',#4091,#4092,#2352,.T.);
#5113=EDGE_CURVE('',#4087,#4092,#2353,.T.);
#5114=EDGE_CURVE('',#4089,#4093,#2354,.T.);
#5115=EDGE_CURVE('',#4093,#4091,#2355,.T.);
#5116=EDGE_CURVE('',#4094,#4088,#2356,.T.);
#5117=EDGE_CURVE('',#4094,#4093,#2357,.T.);
#5118=EDGE_CURVE('',#4092,#4094,#2358,.T.);
#5119=EDGE_CURVE('',#4095,#4096,#2359,.T.);
#5120=EDGE_CURVE('',#4096,#4097,#2360,.T.);
#5121=EDGE_CURVE('',#4097,#4098,#2361,.T.);
#5122=EDGE_CURVE('',#4098,#4095,#2362,.T.);
#5123=EDGE_CURVE('',#4098,#4099,#2363,.T.);
#5124=EDGE_CURVE('',#4099,#4100,#2364,.T.);
#5125=EDGE_CURVE('',#4095,#4100,#2365,.T.);
#5126=EDGE_CURVE('',#4101,#4097,#2366,.T.);
#5127=EDGE_CURVE('',#4101,#4099,#2367,.T.);
#5128=EDGE_CURVE('',#4096,#4102,#2368,.T.);
#5129=EDGE_CURVE('',#4102,#4101,#2369,.T.);
#5130=EDGE_CURVE('',#4100,#4102,#2370,.T.);
#5131=EDGE_CURVE('',#4103,#4104,#2371,.T.);
#5132=EDGE_CURVE('',#4104,#4105,#2372,.T.);
#5133=EDGE_CURVE('',#4105,#4106,#2373,.T.);
#5134=EDGE_CURVE('',#4106,#4103,#2374,.T.);
#5135=EDGE_CURVE('',#4107,#4106,#2375,.T.);
#5136=EDGE_CURVE('',#4107,#4108,#2376,.T.);
#5137=EDGE_CURVE('',#4103,#4108,#2377,.T.);
#5138=EDGE_CURVE('',#4105,#4109,#2378,.T.);
#5139=EDGE_CURVE('',#4109,#4107,#2379,.T.);
#5140=EDGE_CURVE('',#4110,#4104,#2380,.T.);
#5141=EDGE_CURVE('',#4110,#4109,#2381,.T.);
#5142=EDGE_CURVE('',#4108,#4110,#2382,.T.);
#5143=EDGE_CURVE('',#4111,#4112,#2383,.T.);
#5144=EDGE_CURVE('',#4112,#4113,#2384,.T.);
#5145=EDGE_CURVE('',#4113,#4114,#2385,.T.);
#5146=EDGE_CURVE('',#4114,#4111,#2386,.T.);
#5147=EDGE_CURVE('',#4115,#4114,#2387,.T.);
#5148=EDGE_CURVE('',#4115,#4116,#2388,.T.);
#5149=EDGE_CURVE('',#4111,#4116,#2389,.T.);
#5150=EDGE_CURVE('',#4113,#4117,#2390,.T.);
#5151=EDGE_CURVE('',#4117,#4115,#2391,.T.);
#5152=EDGE_CURVE('',#4118,#4112,#2392,.T.);
#5153=EDGE_CURVE('',#4118,#4117,#2393,.T.);
#5154=EDGE_CURVE('',#4116,#4118,#2394,.T.);
#5155=EDGE_CURVE('',#4119,#4120,#2395,.T.);
#5156=EDGE_CURVE('',#4120,#4121,#2396,.T.);
#5157=EDGE_CURVE('',#4121,#4122,#2397,.T.);
#5158=EDGE_CURVE('',#4122,#4119,#2398,.T.);
#5159=EDGE_CURVE('',#4122,#4123,#2399,.T.);
#5160=EDGE_CURVE('',#4123,#4124,#2400,.T.);
#5161=EDGE_CURVE('',#4119,#4124,#2401,.T.);
#5162=EDGE_CURVE('',#4125,#4121,#2402,.T.);
#5163=EDGE_CURVE('',#4125,#4123,#2403,.T.);
#5164=EDGE_CURVE('',#4120,#4126,#2404,.T.);
#5165=EDGE_CURVE('',#4126,#4125,#2405,.T.);
#5166=EDGE_CURVE('',#4124,#4126,#2406,.T.);
#5167=EDGE_CURVE('',#4127,#4128,#2407,.T.);
#5168=EDGE_CURVE('',#4128,#4129,#2408,.T.);
#5169=EDGE_CURVE('',#4129,#4130,#2409,.T.);
#5170=EDGE_CURVE('',#4130,#4127,#2410,.T.);
#5171=EDGE_CURVE('',#4131,#4130,#2411,.T.);
#5172=EDGE_CURVE('',#4131,#4132,#2412,.T.);
#5173=EDGE_CURVE('',#4127,#4132,#2413,.T.);
#5174=EDGE_CURVE('',#4129,#4133,#2414,.T.);
#5175=EDGE_CURVE('',#4133,#4131,#2415,.T.);
#5176=EDGE_CURVE('',#4134,#4128,#2416,.T.);
#5177=EDGE_CURVE('',#4134,#4133,#2417,.T.);
#5178=EDGE_CURVE('',#4132,#4134,#2418,.T.);
#5179=EDGE_CURVE('',#4135,#4136,#2419,.T.);
#5180=EDGE_CURVE('',#4136,#4137,#2420,.T.);
#5181=EDGE_CURVE('',#4137,#4138,#2421,.T.);
#5182=EDGE_CURVE('',#4138,#4135,#2422,.T.);
#5183=EDGE_CURVE('',#4139,#4136,#2423,.T.);
#5184=EDGE_CURVE('',#4140,#4139,#2424,.T.);
#5185=EDGE_CURVE('',#4137,#4140,#2425,.T.);
#5186=EDGE_CURVE('',#4141,#4140,#2426,.T.);
#5187=EDGE_CURVE('',#4138,#4141,#2427,.T.);
#5188=EDGE_CURVE('',#4142,#4141,#2428,.T.);
#5189=EDGE_CURVE('',#4142,#4135,#2429,.T.);
#5190=EDGE_CURVE('',#4139,#4142,#2430,.T.);
#5191=EDGE_CURVE('',#4143,#4144,#2431,.T.);
#5192=EDGE_CURVE('',#4144,#4145,#2432,.T.);
#5193=EDGE_CURVE('',#4145,#4146,#2433,.T.);
#5194=EDGE_CURVE('',#4146,#4143,#2434,.T.);
#5195=EDGE_CURVE('',#4147,#4144,#2435,.T.);
#5196=EDGE_CURVE('',#4148,#4147,#2436,.T.);
#5197=EDGE_CURVE('',#4145,#4148,#2437,.T.);
#5198=EDGE_CURVE('',#4149,#4148,#2438,.T.);
#5199=EDGE_CURVE('',#4146,#4149,#2439,.T.);
#5200=EDGE_CURVE('',#4150,#4149,#2440,.T.);
#5201=EDGE_CURVE('',#4143,#4150,#2441,.T.);
#5202=EDGE_CURVE('',#4147,#4150,#2442,.T.);
#5203=EDGE_CURVE('',#4151,#4152,#2443,.T.);
#5204=EDGE_CURVE('',#4152,#4153,#2444,.T.);
#5205=EDGE_CURVE('',#4153,#4154,#2445,.T.);
#5206=EDGE_CURVE('',#4154,#4151,#2446,.T.);
#5207=EDGE_CURVE('',#4155,#4152,#2447,.T.);
#5208=EDGE_CURVE('',#4156,#4155,#2448,.T.);
#5209=EDGE_CURVE('',#4153,#4156,#2449,.T.);
#5210=EDGE_CURVE('',#4157,#4156,#2450,.T.);
#5211=EDGE_CURVE('',#4157,#4154,#2451,.T.);
#5212=EDGE_CURVE('',#4158,#4157,#2452,.T.);
#5213=EDGE_CURVE('',#4151,#4158,#2453,.T.);
#5214=EDGE_CURVE('',#4155,#4158,#2454,.T.);
#5215=ORIENTED_EDGE('',*,*,#4159,.F.);
#5216=ORIENTED_EDGE('',*,*,#4160,.T.);
#5217=ORIENTED_EDGE('',*,*,#4161,.F.);
#5218=ORIENTED_EDGE('',*,*,#4160,.F.);
#5219=ORIENTED_EDGE('',*,*,#4159,.T.);
#5220=ORIENTED_EDGE('',*,*,#4162,.T.);
#5221=ORIENTED_EDGE('',*,*,#4163,.T.);
#5222=ORIENTED_EDGE('',*,*,#4164,.F.);
#5223=ORIENTED_EDGE('',*,*,#4163,.F.);
#5224=ORIENTED_EDGE('',*,*,#4162,.F.);
#5225=ORIENTED_EDGE('',*,*,#4165,.F.);
#5226=ORIENTED_EDGE('',*,*,#4166,.T.);
#5227=ORIENTED_EDGE('',*,*,#4167,.F.);
#5228=ORIENTED_EDGE('',*,*,#4166,.F.);
#5229=ORIENTED_EDGE('',*,*,#4165,.T.);
#5230=ORIENTED_EDGE('',*,*,#4168,.F.);
#5231=ORIENTED_EDGE('',*,*,#4169,.T.);
#5232=ORIENTED_EDGE('',*,*,#4170,.F.);
#5233=ORIENTED_EDGE('',*,*,#4169,.F.);
#5234=ORIENTED_EDGE('',*,*,#4168,.T.);
#5235=ORIENTED_EDGE('',*,*,#4171,.F.);
#5236=ORIENTED_EDGE('',*,*,#4172,.T.);
#5237=ORIENTED_EDGE('',*,*,#4173,.F.);
#5238=ORIENTED_EDGE('',*,*,#4172,.F.);
#5239=ORIENTED_EDGE('',*,*,#4171,.T.);
#5240=ORIENTED_EDGE('',*,*,#4174,.F.);
#5241=ORIENTED_EDGE('',*,*,#4175,.T.);
#5242=ORIENTED_EDGE('',*,*,#4176,.F.);
#5243=ORIENTED_EDGE('',*,*,#4175,.F.);
#5244=ORIENTED_EDGE('',*,*,#4174,.T.);
#5245=ORIENTED_EDGE('',*,*,#4177,.F.);
#5246=ORIENTED_EDGE('',*,*,#4178,.T.);
#5247=ORIENTED_EDGE('',*,*,#4179,.F.);
#5248=ORIENTED_EDGE('',*,*,#4178,.F.);
#5249=ORIENTED_EDGE('',*,*,#4177,.T.);
#5250=ORIENTED_EDGE('',*,*,#4180,.T.);
#5251=ORIENTED_EDGE('',*,*,#4181,.T.);
#5252=ORIENTED_EDGE('',*,*,#4182,.T.);
#5253=ORIENTED_EDGE('',*,*,#4183,.T.);
#5254=ORIENTED_EDGE('',*,*,#4184,.T.);
#5255=ORIENTED_EDGE('',*,*,#4185,.T.);
#5256=ORIENTED_EDGE('',*,*,#4182,.F.);
#5257=ORIENTED_EDGE('',*,*,#4186,.T.);
#5258=ORIENTED_EDGE('',*,*,#4187,.T.);
#5259=ORIENTED_EDGE('',*,*,#4188,.T.);
#5260=ORIENTED_EDGE('',*,*,#4184,.F.);
#5261=ORIENTED_EDGE('',*,*,#4189,.T.);
#5262=ORIENTED_EDGE('',*,*,#4190,.T.);
#5263=ORIENTED_EDGE('',*,*,#4191,.T.);
#5264=ORIENTED_EDGE('',*,*,#4187,.F.);
#5265=ORIENTED_EDGE('',*,*,#4192,.T.);
#5266=ORIENTED_EDGE('',*,*,#4193,.T.);
#5267=ORIENTED_EDGE('',*,*,#4194,.T.);
#5268=ORIENTED_EDGE('',*,*,#4190,.F.);
#5269=ORIENTED_EDGE('',*,*,#4195,.T.);
#5270=ORIENTED_EDGE('',*,*,#4196,.T.);
#5271=ORIENTED_EDGE('',*,*,#4197,.T.);
#5272=ORIENTED_EDGE('',*,*,#4193,.F.);
#5273=ORIENTED_EDGE('',*,*,#4198,.T.);
#5274=ORIENTED_EDGE('',*,*,#4199,.T.);
#5275=ORIENTED_EDGE('',*,*,#4200,.T.);
#5276=ORIENTED_EDGE('',*,*,#4196,.F.);
#5277=ORIENTED_EDGE('',*,*,#4201,.T.);
#5278=ORIENTED_EDGE('',*,*,#4180,.F.);
#5279=ORIENTED_EDGE('',*,*,#4202,.T.);
#5280=ORIENTED_EDGE('',*,*,#4199,.F.);
#5281=ORIENTED_EDGE('',*,*,#4203,.T.);
#5282=ORIENTED_EDGE('',*,*,#4192,.F.);
#5283=ORIENTED_EDGE('',*,*,#4204,.T.);
#5284=ORIENTED_EDGE('',*,*,#4205,.T.);
#5285=ORIENTED_EDGE('',*,*,#4206,.F.);
#5286=ORIENTED_EDGE('',*,*,#4189,.F.);
#5287=ORIENTED_EDGE('',*,*,#4207,.T.);
#5288=ORIENTED_EDGE('',*,*,#4208,.T.);
#5289=ORIENTED_EDGE('',*,*,#4204,.F.);
#5290=ORIENTED_EDGE('',*,*,#4186,.F.);
#5291=ORIENTED_EDGE('',*,*,#4209,.T.);
#5292=ORIENTED_EDGE('',*,*,#4210,.T.);
#5293=ORIENTED_EDGE('',*,*,#4207,.F.);
#5294=ORIENTED_EDGE('',*,*,#4181,.F.);
#5295=ORIENTED_EDGE('',*,*,#4211,.T.);
#5296=ORIENTED_EDGE('',*,*,#4212,.T.);
#5297=ORIENTED_EDGE('',*,*,#4209,.F.);
#5298=ORIENTED_EDGE('',*,*,#4213,.F.);
#5299=ORIENTED_EDGE('',*,*,#4214,.F.);
#5300=ORIENTED_EDGE('',*,*,#4215,.F.);
#5301=ORIENTED_EDGE('',*,*,#4216,.F.);
#5302=ORIENTED_EDGE('',*,*,#4217,.F.);
#5303=ORIENTED_EDGE('',*,*,#4218,.F.);
#5304=ORIENTED_EDGE('',*,*,#4219,.F.);
#5305=ORIENTED_EDGE('',*,*,#4220,.F.);
#5306=ORIENTED_EDGE('',*,*,#4221,.F.);
#5307=ORIENTED_EDGE('',*,*,#4222,.F.);
#5308=ORIENTED_EDGE('',*,*,#4223,.F.);
#5309=ORIENTED_EDGE('',*,*,#4224,.F.);
#5310=ORIENTED_EDGE('',*,*,#4183,.F.);
#5311=ORIENTED_EDGE('',*,*,#4185,.F.);
#5312=ORIENTED_EDGE('',*,*,#4188,.F.);
#5313=ORIENTED_EDGE('',*,*,#4191,.F.);
#5314=ORIENTED_EDGE('',*,*,#4194,.F.);
#5315=ORIENTED_EDGE('',*,*,#4197,.F.);
#5316=ORIENTED_EDGE('',*,*,#4200,.F.);
#5317=ORIENTED_EDGE('',*,*,#4202,.F.);
#5318=ORIENTED_EDGE('',*,*,#4222,.T.);
#5319=ORIENTED_EDGE('',*,*,#4225,.T.);
#5320=ORIENTED_EDGE('',*,*,#4226,.T.);
#5321=ORIENTED_EDGE('',*,*,#4227,.T.);
#5322=ORIENTED_EDGE('',*,*,#4228,.F.);
#5323=ORIENTED_EDGE('',*,*,#4229,.T.);
#5324=ORIENTED_EDGE('',*,*,#4230,.T.);
#5325=ORIENTED_EDGE('',*,*,#4213,.T.);
#5326=ORIENTED_EDGE('',*,*,#4231,.T.);
#5327=ORIENTED_EDGE('',*,*,#4224,.T.);
#5328=ORIENTED_EDGE('',*,*,#4232,.T.);
#5329=ORIENTED_EDGE('',*,*,#4233,.T.);
#5330=ORIENTED_EDGE('',*,*,#4234,.T.);
#5331=ORIENTED_EDGE('',*,*,#4231,.F.);
#5332=ORIENTED_EDGE('',*,*,#4235,.T.);
#5333=ORIENTED_EDGE('',*,*,#4232,.F.);
#5334=ORIENTED_EDGE('',*,*,#4223,.T.);
#5335=ORIENTED_EDGE('',*,*,#4228,.T.);
#5336=ORIENTED_EDGE('',*,*,#4236,.T.);
#5337=ORIENTED_EDGE('',*,*,#4214,.T.);
#5338=ORIENTED_EDGE('',*,*,#4230,.F.);
#5339=ORIENTED_EDGE('',*,*,#4237,.T.);
#5340=ORIENTED_EDGE('',*,*,#4238,.T.);
#5341=ORIENTED_EDGE('',*,*,#4215,.T.);
#5342=ORIENTED_EDGE('',*,*,#4236,.F.);
#5343=ORIENTED_EDGE('',*,*,#4239,.T.);
#5344=ORIENTED_EDGE('',*,*,#4240,.T.);
#5345=ORIENTED_EDGE('',*,*,#4216,.T.);
#5346=ORIENTED_EDGE('',*,*,#4238,.F.);
#5347=ORIENTED_EDGE('',*,*,#4241,.T.);
#5348=ORIENTED_EDGE('',*,*,#4242,.T.);
#5349=ORIENTED_EDGE('',*,*,#4217,.T.);
#5350=ORIENTED_EDGE('',*,*,#4240,.F.);
#5351=ORIENTED_EDGE('',*,*,#4243,.T.);
#5352=ORIENTED_EDGE('',*,*,#4244,.T.);
#5353=ORIENTED_EDGE('',*,*,#4218,.T.);
#5354=ORIENTED_EDGE('',*,*,#4242,.F.);
#5355=ORIENTED_EDGE('',*,*,#4245,.T.);
#5356=ORIENTED_EDGE('',*,*,#4246,.T.);
#5357=ORIENTED_EDGE('',*,*,#4219,.T.);
#5358=ORIENTED_EDGE('',*,*,#4244,.F.);
#5359=ORIENTED_EDGE('',*,*,#4247,.T.);
#5360=ORIENTED_EDGE('',*,*,#4248,.T.);
#5361=ORIENTED_EDGE('',*,*,#4220,.T.);
#5362=ORIENTED_EDGE('',*,*,#4246,.F.);
#5363=ORIENTED_EDGE('',*,*,#4249,.T.);
#5364=ORIENTED_EDGE('',*,*,#4221,.T.);
#5365=ORIENTED_EDGE('',*,*,#4248,.F.);
#5366=ORIENTED_EDGE('',*,*,#4250,.T.);
#5367=ORIENTED_EDGE('',*,*,#4225,.F.);
#5368=ORIENTED_EDGE('',*,*,#4243,.F.);
#5369=ORIENTED_EDGE('',*,*,#4251,.T.);
#5370=ORIENTED_EDGE('',*,*,#4252,.T.);
#5371=ORIENTED_EDGE('',*,*,#4253,.F.);
#5372=ORIENTED_EDGE('',*,*,#4241,.F.);
#5373=ORIENTED_EDGE('',*,*,#4254,.T.);
#5374=ORIENTED_EDGE('',*,*,#4255,.T.);
#5375=ORIENTED_EDGE('',*,*,#4251,.F.);
#5376=ORIENTED_EDGE('',*,*,#4239,.F.);
#5377=ORIENTED_EDGE('',*,*,#4256,.T.);
#5378=ORIENTED_EDGE('',*,*,#4257,.T.);
#5379=ORIENTED_EDGE('',*,*,#4254,.F.);
#5380=ORIENTED_EDGE('',*,*,#4237,.F.);
#5381=ORIENTED_EDGE('',*,*,#4258,.T.);
#5382=ORIENTED_EDGE('',*,*,#4259,.T.);
#5383=ORIENTED_EDGE('',*,*,#4256,.F.);
#5384=ORIENTED_EDGE('',*,*,#4234,.F.);
#5385=ORIENTED_EDGE('',*,*,#4260,.T.);
#5386=ORIENTED_EDGE('',*,*,#4261,.T.);
#5387=ORIENTED_EDGE('',*,*,#4262,.F.);
#5388=ORIENTED_EDGE('',*,*,#4263,.T.);
#5389=ORIENTED_EDGE('',*,*,#4264,.T.);
#5390=ORIENTED_EDGE('',*,*,#4265,.T.);
#5391=ORIENTED_EDGE('',*,*,#4266,.T.);
#5392=ORIENTED_EDGE('',*,*,#4267,.T.);
#5393=ORIENTED_EDGE('',*,*,#4268,.T.);
#5394=ORIENTED_EDGE('',*,*,#4265,.F.);
#5395=ORIENTED_EDGE('',*,*,#4269,.T.);
#5396=ORIENTED_EDGE('',*,*,#4270,.T.);
#5397=ORIENTED_EDGE('',*,*,#4271,.T.);
#5398=ORIENTED_EDGE('',*,*,#4267,.F.);
#5399=ORIENTED_EDGE('',*,*,#4272,.T.);
#5400=ORIENTED_EDGE('',*,*,#4273,.T.);
#5401=ORIENTED_EDGE('',*,*,#4274,.T.);
#5402=ORIENTED_EDGE('',*,*,#4270,.F.);
#5403=ORIENTED_EDGE('',*,*,#4275,.T.);
#5404=ORIENTED_EDGE('',*,*,#4276,.T.);
#5405=ORIENTED_EDGE('',*,*,#4277,.T.);
#5406=ORIENTED_EDGE('',*,*,#4273,.F.);
#5407=ORIENTED_EDGE('',*,*,#4278,.T.);
#5408=ORIENTED_EDGE('',*,*,#4279,.T.);
#5409=ORIENTED_EDGE('',*,*,#4280,.T.);
#5410=ORIENTED_EDGE('',*,*,#4276,.F.);
#5411=ORIENTED_EDGE('',*,*,#4281,.T.);
#5412=ORIENTED_EDGE('',*,*,#4282,.T.);
#5413=ORIENTED_EDGE('',*,*,#4283,.T.);
#5414=ORIENTED_EDGE('',*,*,#4279,.F.);
#5415=ORIENTED_EDGE('',*,*,#4284,.T.);
#5416=ORIENTED_EDGE('',*,*,#4263,.F.);
#5417=ORIENTED_EDGE('',*,*,#4285,.T.);
#5418=ORIENTED_EDGE('',*,*,#4282,.F.);
#5419=ORIENTED_EDGE('',*,*,#4286,.T.);
#5420=ORIENTED_EDGE('',*,*,#4275,.F.);
#5421=ORIENTED_EDGE('',*,*,#4287,.T.);
#5422=ORIENTED_EDGE('',*,*,#4288,.T.);
#5423=ORIENTED_EDGE('',*,*,#4289,.F.);
#5424=ORIENTED_EDGE('',*,*,#4272,.F.);
#5425=ORIENTED_EDGE('',*,*,#4290,.T.);
#5426=ORIENTED_EDGE('',*,*,#4291,.T.);
#5427=ORIENTED_EDGE('',*,*,#4287,.F.);
#5428=ORIENTED_EDGE('',*,*,#4269,.F.);
#5429=ORIENTED_EDGE('',*,*,#4292,.T.);
#5430=ORIENTED_EDGE('',*,*,#4293,.T.);
#5431=ORIENTED_EDGE('',*,*,#4290,.F.);
#5432=ORIENTED_EDGE('',*,*,#4264,.F.);
#5433=ORIENTED_EDGE('',*,*,#4294,.T.);
#5434=ORIENTED_EDGE('',*,*,#4295,.T.);
#5435=ORIENTED_EDGE('',*,*,#4292,.F.);
#5436=ORIENTED_EDGE('',*,*,#4296,.F.);
#5437=ORIENTED_EDGE('',*,*,#4297,.F.);
#5438=ORIENTED_EDGE('',*,*,#4298,.F.);
#5439=ORIENTED_EDGE('',*,*,#4299,.F.);
#5440=ORIENTED_EDGE('',*,*,#4300,.F.);
#5441=ORIENTED_EDGE('',*,*,#4301,.F.);
#5442=ORIENTED_EDGE('',*,*,#4302,.F.);
#5443=ORIENTED_EDGE('',*,*,#4303,.F.);
#5444=ORIENTED_EDGE('',*,*,#4304,.F.);
#5445=ORIENTED_EDGE('',*,*,#4305,.F.);
#5446=ORIENTED_EDGE('',*,*,#4306,.F.);
#5447=ORIENTED_EDGE('',*,*,#4307,.F.);
#5448=ORIENTED_EDGE('',*,*,#4308,.F.);
#5449=ORIENTED_EDGE('',*,*,#4309,.F.);
#5450=ORIENTED_EDGE('',*,*,#4310,.F.);
#5451=ORIENTED_EDGE('',*,*,#4311,.F.);
#5452=ORIENTED_EDGE('',*,*,#4312,.F.);
#5453=ORIENTED_EDGE('',*,*,#4313,.F.);
#5454=ORIENTED_EDGE('',*,*,#4314,.F.);
#5455=ORIENTED_EDGE('',*,*,#4315,.F.);
#5456=ORIENTED_EDGE('',*,*,#4316,.F.);
#5457=ORIENTED_EDGE('',*,*,#4317,.F.);
#5458=ORIENTED_EDGE('',*,*,#4318,.F.);
#5459=ORIENTED_EDGE('',*,*,#4319,.F.);
#5460=ORIENTED_EDGE('',*,*,#4320,.F.);
#5461=ORIENTED_EDGE('',*,*,#4321,.F.);
#5462=ORIENTED_EDGE('',*,*,#4322,.F.);
#5463=ORIENTED_EDGE('',*,*,#4323,.F.);
#5464=ORIENTED_EDGE('',*,*,#4324,.F.);
#5465=ORIENTED_EDGE('',*,*,#4325,.F.);
#5466=ORIENTED_EDGE('',*,*,#4326,.F.);
#5467=ORIENTED_EDGE('',*,*,#4327,.F.);
#5468=ORIENTED_EDGE('',*,*,#4328,.F.);
#5469=ORIENTED_EDGE('',*,*,#4329,.F.);
#5470=ORIENTED_EDGE('',*,*,#4330,.F.);
#5471=ORIENTED_EDGE('',*,*,#4331,.F.);
#5472=ORIENTED_EDGE('',*,*,#4332,.F.);
#5473=ORIENTED_EDGE('',*,*,#4333,.F.);
#5474=ORIENTED_EDGE('',*,*,#4334,.F.);
#5475=ORIENTED_EDGE('',*,*,#4335,.F.);
#5476=ORIENTED_EDGE('',*,*,#4336,.F.);
#5477=ORIENTED_EDGE('',*,*,#4337,.F.);
#5478=ORIENTED_EDGE('',*,*,#4338,.F.);
#5479=ORIENTED_EDGE('',*,*,#4339,.F.);
#5480=ORIENTED_EDGE('',*,*,#4340,.F.);
#5481=ORIENTED_EDGE('',*,*,#4341,.F.);
#5482=ORIENTED_EDGE('',*,*,#4342,.F.);
#5483=ORIENTED_EDGE('',*,*,#4343,.F.);
#5484=ORIENTED_EDGE('',*,*,#4344,.F.);
#5485=ORIENTED_EDGE('',*,*,#4345,.F.);
#5486=ORIENTED_EDGE('',*,*,#4346,.F.);
#5487=ORIENTED_EDGE('',*,*,#4347,.F.);
#5488=ORIENTED_EDGE('',*,*,#4348,.F.);
#5489=ORIENTED_EDGE('',*,*,#4349,.F.);
#5490=ORIENTED_EDGE('',*,*,#4350,.F.);
#5491=ORIENTED_EDGE('',*,*,#4351,.F.);
#5492=ORIENTED_EDGE('',*,*,#4352,.F.);
#5493=ORIENTED_EDGE('',*,*,#4353,.F.);
#5494=ORIENTED_EDGE('',*,*,#4354,.F.);
#5495=ORIENTED_EDGE('',*,*,#4355,.F.);
#5496=ORIENTED_EDGE('',*,*,#4266,.F.);
#5497=ORIENTED_EDGE('',*,*,#4268,.F.);
#5498=ORIENTED_EDGE('',*,*,#4271,.F.);
#5499=ORIENTED_EDGE('',*,*,#4274,.F.);
#5500=ORIENTED_EDGE('',*,*,#4277,.F.);
#5501=ORIENTED_EDGE('',*,*,#4280,.F.);
#5502=ORIENTED_EDGE('',*,*,#4283,.F.);
#5503=ORIENTED_EDGE('',*,*,#4285,.F.);
#5504=ORIENTED_EDGE('',*,*,#4334,.T.);
#5505=ORIENTED_EDGE('',*,*,#4356,.T.);
#5506=ORIENTED_EDGE('',*,*,#4357,.T.);
#5507=ORIENTED_EDGE('',*,*,#4358,.F.);
#5508=ORIENTED_EDGE('',*,*,#4332,.T.);
#5509=ORIENTED_EDGE('',*,*,#4359,.T.);
#5510=ORIENTED_EDGE('',*,*,#4360,.T.);
#5511=ORIENTED_EDGE('',*,*,#4361,.T.);
#5512=ORIENTED_EDGE('',*,*,#4362,.T.);
#5513=ORIENTED_EDGE('',*,*,#4359,.F.);
#5514=ORIENTED_EDGE('',*,*,#4335,.T.);
#5515=ORIENTED_EDGE('',*,*,#4358,.T.);
#5516=ORIENTED_EDGE('',*,*,#4333,.T.);
#5517=ORIENTED_EDGE('',*,*,#4361,.F.);
#5518=ORIENTED_EDGE('',*,*,#4363,.T.);
#5519=ORIENTED_EDGE('',*,*,#4356,.F.);
#5520=ORIENTED_EDGE('',*,*,#4363,.F.);
#5521=ORIENTED_EDGE('',*,*,#4364,.T.);
#5522=ORIENTED_EDGE('',*,*,#4365,.T.);
#5523=ORIENTED_EDGE('',*,*,#4366,.F.);
#5524=ORIENTED_EDGE('',*,*,#4360,.F.);
#5525=ORIENTED_EDGE('',*,*,#4367,.T.);
#5526=ORIENTED_EDGE('',*,*,#4368,.T.);
#5527=ORIENTED_EDGE('',*,*,#4364,.F.);
#5528=ORIENTED_EDGE('',*,*,#4369,.T.);
#5529=ORIENTED_EDGE('',*,*,#4370,.T.);
#5530=ORIENTED_EDGE('',*,*,#4371,.T.);
#5531=ORIENTED_EDGE('',*,*,#4296,.T.);
#5532=ORIENTED_EDGE('',*,*,#4372,.T.);
#5533=ORIENTED_EDGE('',*,*,#4371,.F.);
#5534=ORIENTED_EDGE('',*,*,#4373,.T.);
#5535=ORIENTED_EDGE('',*,*,#4374,.T.);
#5536=ORIENTED_EDGE('',*,*,#4297,.T.);
#5537=ORIENTED_EDGE('',*,*,#4375,.T.);
#5538=ORIENTED_EDGE('',*,*,#4298,.T.);
#5539=ORIENTED_EDGE('',*,*,#4374,.F.);
#5540=ORIENTED_EDGE('',*,*,#4376,.T.);
#5541=ORIENTED_EDGE('',*,*,#4377,.T.);
#5542=ORIENTED_EDGE('',*,*,#4375,.F.);
#5543=ORIENTED_EDGE('',*,*,#4378,.T.);
#5544=ORIENTED_EDGE('',*,*,#4379,.F.);
#5545=ORIENTED_EDGE('',*,*,#4299,.T.);
#5546=ORIENTED_EDGE('',*,*,#4380,.T.);
#5547=ORIENTED_EDGE('',*,*,#4381,.T.);
#5548=ORIENTED_EDGE('',*,*,#4382,.T.);
#5549=ORIENTED_EDGE('',*,*,#4328,.T.);
#5550=ORIENTED_EDGE('',*,*,#4383,.T.);
#5551=ORIENTED_EDGE('',*,*,#4382,.F.);
#5552=ORIENTED_EDGE('',*,*,#4384,.T.);
#5553=ORIENTED_EDGE('',*,*,#4385,.T.);
#5554=ORIENTED_EDGE('',*,*,#4329,.T.);
#5555=ORIENTED_EDGE('',*,*,#4386,.T.);
#5556=ORIENTED_EDGE('',*,*,#4330,.T.);
#5557=ORIENTED_EDGE('',*,*,#4385,.F.);
#5558=ORIENTED_EDGE('',*,*,#4387,.T.);
#5559=ORIENTED_EDGE('',*,*,#4388,.T.);
#5560=ORIENTED_EDGE('',*,*,#4372,.F.);
#5561=ORIENTED_EDGE('',*,*,#4331,.T.);
#5562=ORIENTED_EDGE('',*,*,#4386,.F.);
#5563=ORIENTED_EDGE('',*,*,#4389,.T.);
#5564=ORIENTED_EDGE('',*,*,#4369,.F.);
#5565=ORIENTED_EDGE('',*,*,#4389,.F.);
#5566=ORIENTED_EDGE('',*,*,#4388,.F.);
#5567=ORIENTED_EDGE('',*,*,#4390,.T.);
#5568=ORIENTED_EDGE('',*,*,#4391,.F.);
#5569=ORIENTED_EDGE('',*,*,#4392,.T.);
#5570=ORIENTED_EDGE('',*,*,#4393,.T.);
#5571=ORIENTED_EDGE('',*,*,#4394,.T.);
#5572=ORIENTED_EDGE('',*,*,#4395,.F.);
#5573=ORIENTED_EDGE('',*,*,#4378,.F.);
#5574=ORIENTED_EDGE('',*,*,#4377,.F.);
#5575=ORIENTED_EDGE('',*,*,#4396,.T.);
#5576=ORIENTED_EDGE('',*,*,#4397,.T.);
#5577=ORIENTED_EDGE('',*,*,#4398,.T.);
#5578=ORIENTED_EDGE('',*,*,#4399,.T.);
#5579=ORIENTED_EDGE('',*,*,#4316,.T.);
#5580=ORIENTED_EDGE('',*,*,#4400,.T.);
#5581=ORIENTED_EDGE('',*,*,#4399,.F.);
#5582=ORIENTED_EDGE('',*,*,#4401,.T.);
#5583=ORIENTED_EDGE('',*,*,#4402,.T.);
#5584=ORIENTED_EDGE('',*,*,#4317,.T.);
#5585=ORIENTED_EDGE('',*,*,#4403,.T.);
#5586=ORIENTED_EDGE('',*,*,#4318,.T.);
#5587=ORIENTED_EDGE('',*,*,#4402,.F.);
#5588=ORIENTED_EDGE('',*,*,#4404,.T.);
#5589=ORIENTED_EDGE('',*,*,#4405,.T.);
#5590=ORIENTED_EDGE('',*,*,#4397,.F.);
#5591=ORIENTED_EDGE('',*,*,#4406,.F.);
#5592=ORIENTED_EDGE('',*,*,#4407,.F.);
#5593=ORIENTED_EDGE('',*,*,#4408,.T.);
#5594=ORIENTED_EDGE('',*,*,#4409,.F.);
#5595=ORIENTED_EDGE('',*,*,#4410,.T.);
#5596=ORIENTED_EDGE('',*,*,#4411,.T.);
#5597=ORIENTED_EDGE('',*,*,#4412,.T.);
#5598=ORIENTED_EDGE('',*,*,#4400,.F.);
#5599=ORIENTED_EDGE('',*,*,#4315,.T.);
#5600=ORIENTED_EDGE('',*,*,#4413,.F.);
#5601=ORIENTED_EDGE('',*,*,#4406,.T.);
#5602=ORIENTED_EDGE('',*,*,#4414,.T.);
#5603=ORIENTED_EDGE('',*,*,#4415,.T.);
#5604=ORIENTED_EDGE('',*,*,#4416,.T.);
#5605=ORIENTED_EDGE('',*,*,#4312,.T.);
#5606=ORIENTED_EDGE('',*,*,#4417,.T.);
#5607=ORIENTED_EDGE('',*,*,#4416,.F.);
#5608=ORIENTED_EDGE('',*,*,#4418,.T.);
#5609=ORIENTED_EDGE('',*,*,#4419,.T.);
#5610=ORIENTED_EDGE('',*,*,#4313,.T.);
#5611=ORIENTED_EDGE('',*,*,#4413,.T.);
#5612=ORIENTED_EDGE('',*,*,#4314,.T.);
#5613=ORIENTED_EDGE('',*,*,#4419,.F.);
#5614=ORIENTED_EDGE('',*,*,#4420,.T.);
#5615=ORIENTED_EDGE('',*,*,#4407,.T.);
#5616=ORIENTED_EDGE('',*,*,#4395,.T.);
#5617=ORIENTED_EDGE('',*,*,#4421,.T.);
#5618=ORIENTED_EDGE('',*,*,#4422,.T.);
#5619=ORIENTED_EDGE('',*,*,#4300,.T.);
#5620=ORIENTED_EDGE('',*,*,#4379,.T.);
#5621=ORIENTED_EDGE('',*,*,#4422,.F.);
#5622=ORIENTED_EDGE('',*,*,#4423,.T.);
#5623=ORIENTED_EDGE('',*,*,#4424,.T.);
#5624=ORIENTED_EDGE('',*,*,#4301,.T.);
#5625=ORIENTED_EDGE('',*,*,#4425,.T.);
#5626=ORIENTED_EDGE('',*,*,#4302,.T.);
#5627=ORIENTED_EDGE('',*,*,#4424,.F.);
#5628=ORIENTED_EDGE('',*,*,#4426,.T.);
#5629=ORIENTED_EDGE('',*,*,#4427,.T.);
#5630=ORIENTED_EDGE('',*,*,#4425,.F.);
#5631=ORIENTED_EDGE('',*,*,#4428,.T.);
#5632=ORIENTED_EDGE('',*,*,#4429,.F.);
#5633=ORIENTED_EDGE('',*,*,#4303,.T.);
#5634=ORIENTED_EDGE('',*,*,#4427,.F.);
#5635=ORIENTED_EDGE('',*,*,#4430,.T.);
#5636=ORIENTED_EDGE('',*,*,#4431,.F.);
#5637=ORIENTED_EDGE('',*,*,#4432,.T.);
#5638=ORIENTED_EDGE('',*,*,#4433,.T.);
#5639=ORIENTED_EDGE('',*,*,#4428,.F.);
#5640=ORIENTED_EDGE('',*,*,#4434,.T.);
#5641=ORIENTED_EDGE('',*,*,#4435,.T.);
#5642=ORIENTED_EDGE('',*,*,#4351,.T.);
#5643=ORIENTED_EDGE('',*,*,#4436,.T.);
#5644=ORIENTED_EDGE('',*,*,#4350,.T.);
#5645=ORIENTED_EDGE('',*,*,#4437,.T.);
#5646=ORIENTED_EDGE('',*,*,#4438,.T.);
#5647=ORIENTED_EDGE('',*,*,#4436,.F.);
#5648=ORIENTED_EDGE('',*,*,#4439,.T.);
#5649=ORIENTED_EDGE('',*,*,#4440,.T.);
#5650=ORIENTED_EDGE('',*,*,#4345,.T.);
#5651=ORIENTED_EDGE('',*,*,#4441,.T.);
#5652=ORIENTED_EDGE('',*,*,#4442,.T.);
#5653=ORIENTED_EDGE('',*,*,#4346,.T.);
#5654=ORIENTED_EDGE('',*,*,#4440,.F.);
#5655=ORIENTED_EDGE('',*,*,#4443,.T.);
#5656=ORIENTED_EDGE('',*,*,#4444,.T.);
#5657=ORIENTED_EDGE('',*,*,#4347,.T.);
#5658=ORIENTED_EDGE('',*,*,#4442,.F.);
#5659=ORIENTED_EDGE('',*,*,#4445,.T.);
#5660=ORIENTED_EDGE('',*,*,#4446,.T.);
#5661=ORIENTED_EDGE('',*,*,#4348,.T.);
#5662=ORIENTED_EDGE('',*,*,#4444,.F.);
#5663=ORIENTED_EDGE('',*,*,#4447,.T.);
#5664=ORIENTED_EDGE('',*,*,#4349,.T.);
#5665=ORIENTED_EDGE('',*,*,#4446,.F.);
#5666=ORIENTED_EDGE('',*,*,#4448,.T.);
#5667=ORIENTED_EDGE('',*,*,#4437,.F.);
#5668=ORIENTED_EDGE('',*,*,#4449,.T.);
#5669=ORIENTED_EDGE('',*,*,#4450,.T.);
#5670=ORIENTED_EDGE('',*,*,#4336,.T.);
#5671=ORIENTED_EDGE('',*,*,#4451,.T.);
#5672=ORIENTED_EDGE('',*,*,#4452,.T.);
#5673=ORIENTED_EDGE('',*,*,#4337,.T.);
#5674=ORIENTED_EDGE('',*,*,#4450,.F.);
#5675=ORIENTED_EDGE('',*,*,#4453,.T.);
#5676=ORIENTED_EDGE('',*,*,#4454,.T.);
#5677=ORIENTED_EDGE('',*,*,#4338,.T.);
#5678=ORIENTED_EDGE('',*,*,#4452,.F.);
#5679=ORIENTED_EDGE('',*,*,#4455,.T.);
#5680=ORIENTED_EDGE('',*,*,#4456,.T.);
#5681=ORIENTED_EDGE('',*,*,#4339,.T.);
#5682=ORIENTED_EDGE('',*,*,#4454,.F.);
#5683=ORIENTED_EDGE('',*,*,#4457,.T.);
#5684=ORIENTED_EDGE('',*,*,#4458,.T.);
#5685=ORIENTED_EDGE('',*,*,#4340,.T.);
#5686=ORIENTED_EDGE('',*,*,#4456,.F.);
#5687=ORIENTED_EDGE('',*,*,#4459,.T.);
#5688=ORIENTED_EDGE('',*,*,#4460,.T.);
#5689=ORIENTED_EDGE('',*,*,#4341,.T.);
#5690=ORIENTED_EDGE('',*,*,#4458,.F.);
#5691=ORIENTED_EDGE('',*,*,#4461,.T.);
#5692=ORIENTED_EDGE('',*,*,#4462,.T.);
#5693=ORIENTED_EDGE('',*,*,#4342,.T.);
#5694=ORIENTED_EDGE('',*,*,#4460,.F.);
#5695=ORIENTED_EDGE('',*,*,#4463,.T.);
#5696=ORIENTED_EDGE('',*,*,#4464,.T.);
#5697=ORIENTED_EDGE('',*,*,#4343,.T.);
#5698=ORIENTED_EDGE('',*,*,#4462,.F.);
#5699=ORIENTED_EDGE('',*,*,#4465,.T.);
#5700=ORIENTED_EDGE('',*,*,#4344,.T.);
#5701=ORIENTED_EDGE('',*,*,#4464,.F.);
#5702=ORIENTED_EDGE('',*,*,#4466,.T.);
#5703=ORIENTED_EDGE('',*,*,#4441,.F.);
#5704=ORIENTED_EDGE('',*,*,#4467,.T.);
#5705=ORIENTED_EDGE('',*,*,#4352,.T.);
#5706=ORIENTED_EDGE('',*,*,#4435,.F.);
#5707=ORIENTED_EDGE('',*,*,#4468,.T.);
#5708=ORIENTED_EDGE('',*,*,#4469,.T.);
#5709=ORIENTED_EDGE('',*,*,#4353,.T.);
#5710=ORIENTED_EDGE('',*,*,#4467,.F.);
#5711=ORIENTED_EDGE('',*,*,#4470,.T.);
#5712=ORIENTED_EDGE('',*,*,#4471,.T.);
#5713=ORIENTED_EDGE('',*,*,#4354,.T.);
#5714=ORIENTED_EDGE('',*,*,#4469,.F.);
#5715=ORIENTED_EDGE('',*,*,#4472,.T.);
#5716=ORIENTED_EDGE('',*,*,#4355,.T.);
#5717=ORIENTED_EDGE('',*,*,#4471,.F.);
#5718=ORIENTED_EDGE('',*,*,#4473,.T.);
#5719=ORIENTED_EDGE('',*,*,#4451,.F.);
#5720=ORIENTED_EDGE('',*,*,#4439,.F.);
#5721=ORIENTED_EDGE('',*,*,#4474,.T.);
#5722=ORIENTED_EDGE('',*,*,#4475,.T.);
#5723=ORIENTED_EDGE('',*,*,#4476,.F.);
#5724=ORIENTED_EDGE('',*,*,#4466,.F.);
#5725=ORIENTED_EDGE('',*,*,#4477,.T.);
#5726=ORIENTED_EDGE('',*,*,#4478,.T.);
#5727=ORIENTED_EDGE('',*,*,#4474,.F.);
#5728=ORIENTED_EDGE('',*,*,#4465,.F.);
#5729=ORIENTED_EDGE('',*,*,#4479,.T.);
#5730=ORIENTED_EDGE('',*,*,#4480,.T.);
#5731=ORIENTED_EDGE('',*,*,#4477,.F.);
#5732=ORIENTED_EDGE('',*,*,#4463,.F.);
#5733=ORIENTED_EDGE('',*,*,#4481,.T.);
#5734=ORIENTED_EDGE('',*,*,#4482,.T.);
#5735=ORIENTED_EDGE('',*,*,#4479,.F.);
#5736=ORIENTED_EDGE('',*,*,#4461,.F.);
#5737=ORIENTED_EDGE('',*,*,#4483,.T.);
#5738=ORIENTED_EDGE('',*,*,#4484,.T.);
#5739=ORIENTED_EDGE('',*,*,#4481,.F.);
#5740=ORIENTED_EDGE('',*,*,#4459,.F.);
#5741=ORIENTED_EDGE('',*,*,#4485,.T.);
#5742=ORIENTED_EDGE('',*,*,#4486,.T.);
#5743=ORIENTED_EDGE('',*,*,#4483,.F.);
#5744=ORIENTED_EDGE('',*,*,#4457,.F.);
#5745=ORIENTED_EDGE('',*,*,#4487,.T.);
#5746=ORIENTED_EDGE('',*,*,#4488,.T.);
#5747=ORIENTED_EDGE('',*,*,#4485,.F.);
#5748=ORIENTED_EDGE('',*,*,#4455,.F.);
#5749=ORIENTED_EDGE('',*,*,#4489,.T.);
#5750=ORIENTED_EDGE('',*,*,#4490,.T.);
#5751=ORIENTED_EDGE('',*,*,#4487,.F.);
#5752=ORIENTED_EDGE('',*,*,#4453,.F.);
#5753=ORIENTED_EDGE('',*,*,#4491,.T.);
#5754=ORIENTED_EDGE('',*,*,#4492,.T.);
#5755=ORIENTED_EDGE('',*,*,#4489,.F.);
#5756=ORIENTED_EDGE('',*,*,#4449,.F.);
#5757=ORIENTED_EDGE('',*,*,#4493,.T.);
#5758=ORIENTED_EDGE('',*,*,#4494,.T.);
#5759=ORIENTED_EDGE('',*,*,#4491,.F.);
#5760=ORIENTED_EDGE('',*,*,#4394,.F.);
#5761=ORIENTED_EDGE('',*,*,#4495,.F.);
#5762=ORIENTED_EDGE('',*,*,#4430,.F.);
#5763=ORIENTED_EDGE('',*,*,#4426,.F.);
#5764=ORIENTED_EDGE('',*,*,#4423,.F.);
#5765=ORIENTED_EDGE('',*,*,#4421,.F.);
#5766=ORIENTED_EDGE('',*,*,#4167,.T.);
#5767=ORIENTED_EDGE('',*,*,#4496,.F.);
#5768=ORIENTED_EDGE('',*,*,#4497,.F.);
#5769=ORIENTED_EDGE('',*,*,#4408,.F.);
#5770=ORIENTED_EDGE('',*,*,#4420,.F.);
#5771=ORIENTED_EDGE('',*,*,#4418,.F.);
#5772=ORIENTED_EDGE('',*,*,#4415,.F.);
#5773=ORIENTED_EDGE('',*,*,#4170,.T.);
#5774=ORIENTED_EDGE('',*,*,#4498,.F.);
#5775=ORIENTED_EDGE('',*,*,#4499,.F.);
#5776=ORIENTED_EDGE('',*,*,#4390,.F.);
#5777=ORIENTED_EDGE('',*,*,#4387,.F.);
#5778=ORIENTED_EDGE('',*,*,#4384,.F.);
#5779=ORIENTED_EDGE('',*,*,#4381,.F.);
#5780=ORIENTED_EDGE('',*,*,#4179,.T.);
#5781=ORIENTED_EDGE('',*,*,#4412,.F.);
#5782=ORIENTED_EDGE('',*,*,#4500,.F.);
#5783=ORIENTED_EDGE('',*,*,#4501,.F.);
#5784=ORIENTED_EDGE('',*,*,#4404,.F.);
#5785=ORIENTED_EDGE('',*,*,#4401,.F.);
#5786=ORIENTED_EDGE('',*,*,#4398,.F.);
#5787=ORIENTED_EDGE('',*,*,#4176,.T.);
#5788=ORIENTED_EDGE('',*,*,#4396,.F.);
#5789=ORIENTED_EDGE('',*,*,#4376,.F.);
#5790=ORIENTED_EDGE('',*,*,#4373,.F.);
#5791=ORIENTED_EDGE('',*,*,#4370,.F.);
#5792=ORIENTED_EDGE('',*,*,#4173,.T.);
#5793=ORIENTED_EDGE('',*,*,#4414,.F.);
#5794=ORIENTED_EDGE('',*,*,#4502,.F.);
#5795=ORIENTED_EDGE('',*,*,#4503,.F.);
#5796=ORIENTED_EDGE('',*,*,#4504,.T.);
#5797=ORIENTED_EDGE('',*,*,#4505,.T.);
#5798=ORIENTED_EDGE('',*,*,#4496,.T.);
#5799=ORIENTED_EDGE('',*,*,#4417,.F.);
#5800=ORIENTED_EDGE('',*,*,#4311,.T.);
#5801=ORIENTED_EDGE('',*,*,#4506,.T.);
#5802=ORIENTED_EDGE('',*,*,#4502,.T.);
#5803=ORIENTED_EDGE('',*,*,#4380,.F.);
#5804=ORIENTED_EDGE('',*,*,#4507,.F.);
#5805=ORIENTED_EDGE('',*,*,#4508,.F.);
#5806=ORIENTED_EDGE('',*,*,#4509,.T.);
#5807=ORIENTED_EDGE('',*,*,#4510,.T.);
#5808=ORIENTED_EDGE('',*,*,#4498,.T.);
#5809=ORIENTED_EDGE('',*,*,#4383,.F.);
#5810=ORIENTED_EDGE('',*,*,#4327,.T.);
#5811=ORIENTED_EDGE('',*,*,#4511,.T.);
#5812=ORIENTED_EDGE('',*,*,#4507,.T.);
#5813=ORIENTED_EDGE('',*,*,#4512,.F.);
#5814=ORIENTED_EDGE('',*,*,#4513,.F.);
#5815=ORIENTED_EDGE('',*,*,#4286,.F.);
#5816=ORIENTED_EDGE('',*,*,#4514,.T.);
#5817=ORIENTED_EDGE('',*,*,#4515,.T.);
#5818=ORIENTED_EDGE('',*,*,#4294,.F.);
#5819=ORIENTED_EDGE('',*,*,#4284,.F.);
#5820=ORIENTED_EDGE('',*,*,#4516,.T.);
#5821=ORIENTED_EDGE('',*,*,#4517,.T.);
#5822=ORIENTED_EDGE('',*,*,#4514,.F.);
#5823=ORIENTED_EDGE('',*,*,#4281,.F.);
#5824=ORIENTED_EDGE('',*,*,#4518,.T.);
#5825=ORIENTED_EDGE('',*,*,#4519,.T.);
#5826=ORIENTED_EDGE('',*,*,#4516,.F.);
#5827=ORIENTED_EDGE('',*,*,#4513,.T.);
#5828=ORIENTED_EDGE('',*,*,#4520,.T.);
#5829=ORIENTED_EDGE('',*,*,#4521,.T.);
#5830=ORIENTED_EDGE('',*,*,#4520,.F.);
#5831=ORIENTED_EDGE('',*,*,#4512,.T.);
#5832=ORIENTED_EDGE('',*,*,#4522,.T.);
#5833=ORIENTED_EDGE('',*,*,#4523,.T.);
#5834=ORIENTED_EDGE('',*,*,#4522,.F.);
#5835=ORIENTED_EDGE('',*,*,#4278,.F.);
#5836=ORIENTED_EDGE('',*,*,#4289,.T.);
#5837=ORIENTED_EDGE('',*,*,#4524,.T.);
#5838=ORIENTED_EDGE('',*,*,#4518,.F.);
#5839=ORIENTED_EDGE('',*,*,#4519,.F.);
#5840=ORIENTED_EDGE('',*,*,#4524,.F.);
#5841=ORIENTED_EDGE('',*,*,#4288,.F.);
#5842=ORIENTED_EDGE('',*,*,#4291,.F.);
#5843=ORIENTED_EDGE('',*,*,#4293,.F.);
#5844=ORIENTED_EDGE('',*,*,#4295,.F.);
#5845=ORIENTED_EDGE('',*,*,#4515,.F.);
#5846=ORIENTED_EDGE('',*,*,#4517,.F.);
#5847=ORIENTED_EDGE('',*,*,#4523,.F.);
#5848=ORIENTED_EDGE('',*,*,#4521,.F.);
#5849=ORIENTED_EDGE('',*,*,#4235,.F.);
#5850=ORIENTED_EDGE('',*,*,#4227,.F.);
#5851=ORIENTED_EDGE('',*,*,#4525,.F.);
#5852=ORIENTED_EDGE('',*,*,#4526,.T.);
#5853=ORIENTED_EDGE('',*,*,#4260,.F.);
#5854=ORIENTED_EDGE('',*,*,#4233,.F.);
#5855=ORIENTED_EDGE('',*,*,#4226,.F.);
#5856=ORIENTED_EDGE('',*,*,#4527,.F.);
#5857=ORIENTED_EDGE('',*,*,#4528,.T.);
#5858=ORIENTED_EDGE('',*,*,#4525,.T.);
#5859=ORIENTED_EDGE('',*,*,#4526,.F.);
#5860=ORIENTED_EDGE('',*,*,#4528,.F.);
#5861=ORIENTED_EDGE('',*,*,#4529,.F.);
#5862=ORIENTED_EDGE('',*,*,#4261,.F.);
#5863=ORIENTED_EDGE('',*,*,#4250,.F.);
#5864=ORIENTED_EDGE('',*,*,#4530,.T.);
#5865=ORIENTED_EDGE('',*,*,#4531,.T.);
#5866=ORIENTED_EDGE('',*,*,#4258,.F.);
#5867=ORIENTED_EDGE('',*,*,#4229,.F.);
#5868=ORIENTED_EDGE('',*,*,#4262,.T.);
#5869=ORIENTED_EDGE('',*,*,#4529,.T.);
#5870=ORIENTED_EDGE('',*,*,#4527,.T.);
#5871=ORIENTED_EDGE('',*,*,#4203,.F.);
#5872=ORIENTED_EDGE('',*,*,#4532,.T.);
#5873=ORIENTED_EDGE('',*,*,#4533,.T.);
#5874=ORIENTED_EDGE('',*,*,#4211,.F.);
#5875=ORIENTED_EDGE('',*,*,#4201,.F.);
#5876=ORIENTED_EDGE('',*,*,#4534,.T.);
#5877=ORIENTED_EDGE('',*,*,#4535,.T.);
#5878=ORIENTED_EDGE('',*,*,#4532,.F.);
#5879=ORIENTED_EDGE('',*,*,#4198,.F.);
#5880=ORIENTED_EDGE('',*,*,#4536,.T.);
#5881=ORIENTED_EDGE('',*,*,#4537,.T.);
#5882=ORIENTED_EDGE('',*,*,#4534,.F.);
#5883=ORIENTED_EDGE('',*,*,#4195,.F.);
#5884=ORIENTED_EDGE('',*,*,#4206,.T.);
#5885=ORIENTED_EDGE('',*,*,#4538,.T.);
#5886=ORIENTED_EDGE('',*,*,#4536,.F.);
#5887=ORIENTED_EDGE('',*,*,#4210,.F.);
#5888=ORIENTED_EDGE('',*,*,#4212,.F.);
#5889=ORIENTED_EDGE('',*,*,#4533,.F.);
#5890=ORIENTED_EDGE('',*,*,#4535,.F.);
#5891=ORIENTED_EDGE('',*,*,#4537,.F.);
#5892=ORIENTED_EDGE('',*,*,#4538,.F.);
#5893=ORIENTED_EDGE('',*,*,#4205,.F.);
#5894=ORIENTED_EDGE('',*,*,#4208,.F.);
#5895=ORIENTED_EDGE('',*,*,#4249,.F.);
#5896=ORIENTED_EDGE('',*,*,#4539,.T.);
#5897=ORIENTED_EDGE('',*,*,#4540,.T.);
#5898=ORIENTED_EDGE('',*,*,#4530,.F.);
#5899=ORIENTED_EDGE('',*,*,#4247,.F.);
#5900=ORIENTED_EDGE('',*,*,#4541,.T.);
#5901=ORIENTED_EDGE('',*,*,#4542,.T.);
#5902=ORIENTED_EDGE('',*,*,#4539,.F.);
#5903=ORIENTED_EDGE('',*,*,#4245,.F.);
#5904=ORIENTED_EDGE('',*,*,#4253,.T.);
#5905=ORIENTED_EDGE('',*,*,#4543,.T.);
#5906=ORIENTED_EDGE('',*,*,#4541,.F.);
#5907=ORIENTED_EDGE('',*,*,#4445,.F.);
#5908=ORIENTED_EDGE('',*,*,#4544,.T.);
#5909=ORIENTED_EDGE('',*,*,#4545,.T.);
#5910=ORIENTED_EDGE('',*,*,#4546,.F.);
#5911=ORIENTED_EDGE('',*,*,#4443,.F.);
#5912=ORIENTED_EDGE('',*,*,#4476,.T.);
#5913=ORIENTED_EDGE('',*,*,#4547,.T.);
#5914=ORIENTED_EDGE('',*,*,#4544,.F.);
#5915=ORIENTED_EDGE('',*,*,#4473,.F.);
#5916=ORIENTED_EDGE('',*,*,#4548,.T.);
#5917=ORIENTED_EDGE('',*,*,#4549,.T.);
#5918=ORIENTED_EDGE('',*,*,#4493,.F.);
#5919=ORIENTED_EDGE('',*,*,#4472,.F.);
#5920=ORIENTED_EDGE('',*,*,#4550,.T.);
#5921=ORIENTED_EDGE('',*,*,#4551,.T.);
#5922=ORIENTED_EDGE('',*,*,#4548,.F.);
#5923=ORIENTED_EDGE('',*,*,#4470,.F.);
#5924=ORIENTED_EDGE('',*,*,#4552,.T.);
#5925=ORIENTED_EDGE('',*,*,#4553,.T.);
#5926=ORIENTED_EDGE('',*,*,#4550,.F.);
#5927=ORIENTED_EDGE('',*,*,#4468,.F.);
#5928=ORIENTED_EDGE('',*,*,#4554,.T.);
#5929=ORIENTED_EDGE('',*,*,#4555,.T.);
#5930=ORIENTED_EDGE('',*,*,#4552,.F.);
#5931=ORIENTED_EDGE('',*,*,#4434,.F.);
#5932=ORIENTED_EDGE('',*,*,#4556,.T.);
#5933=ORIENTED_EDGE('',*,*,#4557,.T.);
#5934=ORIENTED_EDGE('',*,*,#4554,.F.);
#5935=ORIENTED_EDGE('',*,*,#4438,.F.);
#5936=ORIENTED_EDGE('',*,*,#4558,.T.);
#5937=ORIENTED_EDGE('',*,*,#4559,.T.);
#5938=ORIENTED_EDGE('',*,*,#4556,.F.);
#5939=ORIENTED_EDGE('',*,*,#4448,.F.);
#5940=ORIENTED_EDGE('',*,*,#4560,.T.);
#5941=ORIENTED_EDGE('',*,*,#4561,.T.);
#5942=ORIENTED_EDGE('',*,*,#4558,.F.);
#5943=ORIENTED_EDGE('',*,*,#4447,.F.);
#5944=ORIENTED_EDGE('',*,*,#4546,.T.);
#5945=ORIENTED_EDGE('',*,*,#4562,.T.);
#5946=ORIENTED_EDGE('',*,*,#4560,.F.);
#5947=ORIENTED_EDGE('',*,*,#4562,.F.);
#5948=ORIENTED_EDGE('',*,*,#4545,.F.);
#5949=ORIENTED_EDGE('',*,*,#4547,.F.);
#5950=ORIENTED_EDGE('',*,*,#4475,.F.);
#5951=ORIENTED_EDGE('',*,*,#4478,.F.);
#5952=ORIENTED_EDGE('',*,*,#4480,.F.);
#5953=ORIENTED_EDGE('',*,*,#4482,.F.);
#5954=ORIENTED_EDGE('',*,*,#4484,.F.);
#5955=ORIENTED_EDGE('',*,*,#4486,.F.);
#5956=ORIENTED_EDGE('',*,*,#4488,.F.);
#5957=ORIENTED_EDGE('',*,*,#4490,.F.);
#5958=ORIENTED_EDGE('',*,*,#4492,.F.);
#5959=ORIENTED_EDGE('',*,*,#4494,.F.);
#5960=ORIENTED_EDGE('',*,*,#4549,.F.);
#5961=ORIENTED_EDGE('',*,*,#4551,.F.);
#5962=ORIENTED_EDGE('',*,*,#4553,.F.);
#5963=ORIENTED_EDGE('',*,*,#4555,.F.);
#5964=ORIENTED_EDGE('',*,*,#4557,.F.);
#5965=ORIENTED_EDGE('',*,*,#4559,.F.);
#5966=ORIENTED_EDGE('',*,*,#4561,.F.);
#5967=ORIENTED_EDGE('',*,*,#4161,.T.);
#5968=ORIENTED_EDGE('',*,*,#4164,.T.);
#5969=ORIENTED_EDGE('',*,*,#4255,.F.);
#5970=ORIENTED_EDGE('',*,*,#4257,.F.);
#5971=ORIENTED_EDGE('',*,*,#4259,.F.);
#5972=ORIENTED_EDGE('',*,*,#4531,.F.);
#5973=ORIENTED_EDGE('',*,*,#4540,.F.);
#5974=ORIENTED_EDGE('',*,*,#4542,.F.);
#5975=ORIENTED_EDGE('',*,*,#4543,.F.);
#5976=ORIENTED_EDGE('',*,*,#4252,.F.);
#5977=ORIENTED_EDGE('',*,*,#4563,.F.);
#5978=ORIENTED_EDGE('',*,*,#4564,.T.);
#5979=ORIENTED_EDGE('',*,*,#4565,.T.);
#5980=ORIENTED_EDGE('',*,*,#4566,.F.);
#5981=ORIENTED_EDGE('',*,*,#4567,.F.);
#5982=ORIENTED_EDGE('',*,*,#4568,.T.);
#5983=ORIENTED_EDGE('',*,*,#4569,.T.);
#5984=ORIENTED_EDGE('',*,*,#4564,.F.);
#5985=ORIENTED_EDGE('',*,*,#4570,.F.);
#5986=ORIENTED_EDGE('',*,*,#4571,.T.);
#5987=ORIENTED_EDGE('',*,*,#4572,.T.);
#5988=ORIENTED_EDGE('',*,*,#4568,.F.);
#5989=ORIENTED_EDGE('',*,*,#4573,.F.);
#5990=ORIENTED_EDGE('',*,*,#4566,.T.);
#5991=ORIENTED_EDGE('',*,*,#4574,.T.);
#5992=ORIENTED_EDGE('',*,*,#4571,.F.);
#5993=ORIENTED_EDGE('',*,*,#4362,.F.);
#5994=ORIENTED_EDGE('',*,*,#4575,.T.);
#5995=ORIENTED_EDGE('',*,*,#4576,.T.);
#5996=ORIENTED_EDGE('',*,*,#4367,.F.);
#5997=ORIENTED_EDGE('',*,*,#4357,.F.);
#5998=ORIENTED_EDGE('',*,*,#4366,.T.);
#5999=ORIENTED_EDGE('',*,*,#4577,.T.);
#6000=ORIENTED_EDGE('',*,*,#4575,.F.);
#6001=ORIENTED_EDGE('',*,*,#4365,.F.);
#6002=ORIENTED_EDGE('',*,*,#4368,.F.);
#6003=ORIENTED_EDGE('',*,*,#4576,.F.);
#6004=ORIENTED_EDGE('',*,*,#4577,.F.);
#6005=ORIENTED_EDGE('',*,*,#4574,.F.);
#6006=ORIENTED_EDGE('',*,*,#4565,.F.);
#6007=ORIENTED_EDGE('',*,*,#4569,.F.);
#6008=ORIENTED_EDGE('',*,*,#4572,.F.);
#6009=ORIENTED_EDGE('',*,*,#4578,.T.);
#6010=ORIENTED_EDGE('',*,*,#4325,.T.);
#6011=ORIENTED_EDGE('',*,*,#4579,.T.);
#6012=ORIENTED_EDGE('',*,*,#4580,.T.);
#6013=ORIENTED_EDGE('',*,*,#4581,.T.);
#6014=ORIENTED_EDGE('',*,*,#4582,.T.);
#6015=ORIENTED_EDGE('',*,*,#4579,.F.);
#6016=ORIENTED_EDGE('',*,*,#4324,.T.);
#6017=ORIENTED_EDGE('',*,*,#4583,.T.);
#6018=ORIENTED_EDGE('',*,*,#4584,.T.);
#6019=ORIENTED_EDGE('',*,*,#4581,.F.);
#6020=ORIENTED_EDGE('',*,*,#4323,.T.);
#6021=ORIENTED_EDGE('',*,*,#4585,.T.);
#6022=ORIENTED_EDGE('',*,*,#4586,.T.);
#6023=ORIENTED_EDGE('',*,*,#4583,.F.);
#6024=ORIENTED_EDGE('',*,*,#4322,.T.);
#6025=ORIENTED_EDGE('',*,*,#4587,.T.);
#6026=ORIENTED_EDGE('',*,*,#4588,.T.);
#6027=ORIENTED_EDGE('',*,*,#4585,.F.);
#6028=ORIENTED_EDGE('',*,*,#4321,.T.);
#6029=ORIENTED_EDGE('',*,*,#4589,.T.);
#6030=ORIENTED_EDGE('',*,*,#4590,.T.);
#6031=ORIENTED_EDGE('',*,*,#4587,.F.);
#6032=ORIENTED_EDGE('',*,*,#4320,.T.);
#6033=ORIENTED_EDGE('',*,*,#4403,.F.);
#6034=ORIENTED_EDGE('',*,*,#4591,.T.);
#6035=ORIENTED_EDGE('',*,*,#4589,.F.);
#6036=ORIENTED_EDGE('',*,*,#4319,.T.);
#6037=ORIENTED_EDGE('',*,*,#4592,.T.);
#6038=ORIENTED_EDGE('',*,*,#4593,.T.);
#6039=ORIENTED_EDGE('',*,*,#4506,.F.);
#6040=ORIENTED_EDGE('',*,*,#4310,.T.);
#6041=ORIENTED_EDGE('',*,*,#4594,.T.);
#6042=ORIENTED_EDGE('',*,*,#4595,.T.);
#6043=ORIENTED_EDGE('',*,*,#4592,.F.);
#6044=ORIENTED_EDGE('',*,*,#4309,.T.);
#6045=ORIENTED_EDGE('',*,*,#4596,.T.);
#6046=ORIENTED_EDGE('',*,*,#4597,.T.);
#6047=ORIENTED_EDGE('',*,*,#4594,.F.);
#6048=ORIENTED_EDGE('',*,*,#4308,.T.);
#6049=ORIENTED_EDGE('',*,*,#4598,.T.);
#6050=ORIENTED_EDGE('',*,*,#4599,.T.);
#6051=ORIENTED_EDGE('',*,*,#4596,.F.);
#6052=ORIENTED_EDGE('',*,*,#4307,.T.);
#6053=ORIENTED_EDGE('',*,*,#4600,.T.);
#6054=ORIENTED_EDGE('',*,*,#4601,.T.);
#6055=ORIENTED_EDGE('',*,*,#4598,.F.);
#6056=ORIENTED_EDGE('',*,*,#4306,.T.);
#6057=ORIENTED_EDGE('',*,*,#4602,.T.);
#6058=ORIENTED_EDGE('',*,*,#4603,.T.);
#6059=ORIENTED_EDGE('',*,*,#4600,.F.);
#6060=ORIENTED_EDGE('',*,*,#4305,.T.);
#6061=ORIENTED_EDGE('',*,*,#4429,.T.);
#6062=ORIENTED_EDGE('',*,*,#4604,.T.);
#6063=ORIENTED_EDGE('',*,*,#4602,.F.);
#6064=ORIENTED_EDGE('',*,*,#4304,.T.);
#6065=ORIENTED_EDGE('',*,*,#4578,.F.);
#6066=ORIENTED_EDGE('',*,*,#4605,.T.);
#6067=ORIENTED_EDGE('',*,*,#4511,.F.);
#6068=ORIENTED_EDGE('',*,*,#4326,.T.);
#6069=ORIENTED_EDGE('',*,*,#4597,.F.);
#6070=ORIENTED_EDGE('',*,*,#4606,.F.);
#6071=ORIENTED_EDGE('',*,*,#4607,.F.);
#6072=ORIENTED_EDGE('',*,*,#4608,.T.);
#6073=ORIENTED_EDGE('',*,*,#4599,.F.);
#6074=ORIENTED_EDGE('',*,*,#4609,.F.);
#6075=ORIENTED_EDGE('',*,*,#4610,.T.);
#6076=ORIENTED_EDGE('',*,*,#4606,.T.);
#6077=ORIENTED_EDGE('',*,*,#4601,.F.);
#6078=ORIENTED_EDGE('',*,*,#4611,.F.);
#6079=ORIENTED_EDGE('',*,*,#4612,.F.);
#6080=ORIENTED_EDGE('',*,*,#4609,.T.);
#6081=ORIENTED_EDGE('',*,*,#4603,.F.);
#6082=ORIENTED_EDGE('',*,*,#4613,.F.);
#6083=ORIENTED_EDGE('',*,*,#4614,.F.);
#6084=ORIENTED_EDGE('',*,*,#4611,.T.);
#6085=ORIENTED_EDGE('',*,*,#4604,.F.);
#6086=ORIENTED_EDGE('',*,*,#4433,.F.);
#6087=ORIENTED_EDGE('',*,*,#4615,.T.);
#6088=ORIENTED_EDGE('',*,*,#4613,.T.);
#6089=ORIENTED_EDGE('',*,*,#4495,.T.);
#6090=ORIENTED_EDGE('',*,*,#4393,.F.);
#6091=ORIENTED_EDGE('',*,*,#4616,.T.);
#6092=ORIENTED_EDGE('',*,*,#4431,.T.);
#6093=ORIENTED_EDGE('',*,*,#4499,.T.);
#6094=ORIENTED_EDGE('',*,*,#4510,.F.);
#6095=ORIENTED_EDGE('',*,*,#4617,.T.);
#6096=ORIENTED_EDGE('',*,*,#4391,.T.);
#6097=ORIENTED_EDGE('',*,*,#4605,.F.);
#6098=ORIENTED_EDGE('',*,*,#4618,.F.);
#6099=ORIENTED_EDGE('',*,*,#4619,.T.);
#6100=ORIENTED_EDGE('',*,*,#4508,.T.);
#6101=ORIENTED_EDGE('',*,*,#4580,.F.);
#6102=ORIENTED_EDGE('',*,*,#4620,.F.);
#6103=ORIENTED_EDGE('',*,*,#4621,.T.);
#6104=ORIENTED_EDGE('',*,*,#4618,.T.);
#6105=ORIENTED_EDGE('',*,*,#4563,.T.);
#6106=ORIENTED_EDGE('',*,*,#4573,.T.);
#6107=ORIENTED_EDGE('',*,*,#4570,.T.);
#6108=ORIENTED_EDGE('',*,*,#4567,.T.);
#6109=ORIENTED_EDGE('',*,*,#4582,.F.);
#6110=ORIENTED_EDGE('',*,*,#4622,.F.);
#6111=ORIENTED_EDGE('',*,*,#4623,.F.);
#6112=ORIENTED_EDGE('',*,*,#4620,.T.);
#6113=ORIENTED_EDGE('',*,*,#4584,.F.);
#6114=ORIENTED_EDGE('',*,*,#4624,.F.);
#6115=ORIENTED_EDGE('',*,*,#4625,.T.);
#6116=ORIENTED_EDGE('',*,*,#4622,.T.);
#6117=ORIENTED_EDGE('',*,*,#4586,.F.);
#6118=ORIENTED_EDGE('',*,*,#4626,.F.);
#6119=ORIENTED_EDGE('',*,*,#4627,.F.);
#6120=ORIENTED_EDGE('',*,*,#4624,.T.);
#6121=ORIENTED_EDGE('',*,*,#4588,.F.);
#6122=ORIENTED_EDGE('',*,*,#4628,.F.);
#6123=ORIENTED_EDGE('',*,*,#4629,.F.);
#6124=ORIENTED_EDGE('',*,*,#4626,.T.);
#6125=ORIENTED_EDGE('',*,*,#4590,.F.);
#6126=ORIENTED_EDGE('',*,*,#4630,.F.);
#6127=ORIENTED_EDGE('',*,*,#4631,.T.);
#6128=ORIENTED_EDGE('',*,*,#4628,.T.);
#6129=ORIENTED_EDGE('',*,*,#4405,.F.);
#6130=ORIENTED_EDGE('',*,*,#4501,.T.);
#6131=ORIENTED_EDGE('',*,*,#4632,.F.);
#6132=ORIENTED_EDGE('',*,*,#4633,.T.);
#6133=ORIENTED_EDGE('',*,*,#4630,.T.);
#6134=ORIENTED_EDGE('',*,*,#4591,.F.);
#6135=ORIENTED_EDGE('',*,*,#4500,.T.);
#6136=ORIENTED_EDGE('',*,*,#4411,.F.);
#6137=ORIENTED_EDGE('',*,*,#4634,.T.);
#6138=ORIENTED_EDGE('',*,*,#4632,.T.);
#6139=ORIENTED_EDGE('',*,*,#4497,.T.);
#6140=ORIENTED_EDGE('',*,*,#4505,.F.);
#6141=ORIENTED_EDGE('',*,*,#4635,.T.);
#6142=ORIENTED_EDGE('',*,*,#4409,.T.);
#6143=ORIENTED_EDGE('',*,*,#4593,.F.);
#6144=ORIENTED_EDGE('',*,*,#4636,.F.);
#6145=ORIENTED_EDGE('',*,*,#4637,.T.);
#6146=ORIENTED_EDGE('',*,*,#4503,.T.);
#6147=ORIENTED_EDGE('',*,*,#4595,.F.);
#6148=ORIENTED_EDGE('',*,*,#4608,.F.);
#6149=ORIENTED_EDGE('',*,*,#4638,.T.);
#6150=ORIENTED_EDGE('',*,*,#4636,.T.);
#6151=ORIENTED_EDGE('',*,*,#4621,.F.);
#6152=ORIENTED_EDGE('',*,*,#4623,.T.);
#6153=ORIENTED_EDGE('',*,*,#4625,.F.);
#6154=ORIENTED_EDGE('',*,*,#4627,.T.);
#6155=ORIENTED_EDGE('',*,*,#4629,.T.);
#6156=ORIENTED_EDGE('',*,*,#4631,.F.);
#6157=ORIENTED_EDGE('',*,*,#4633,.F.);
#6158=ORIENTED_EDGE('',*,*,#4634,.F.);
#6159=ORIENTED_EDGE('',*,*,#4410,.F.);
#6160=ORIENTED_EDGE('',*,*,#4635,.F.);
#6161=ORIENTED_EDGE('',*,*,#4504,.F.);
#6162=ORIENTED_EDGE('',*,*,#4637,.F.);
#6163=ORIENTED_EDGE('',*,*,#4638,.F.);
#6164=ORIENTED_EDGE('',*,*,#4607,.T.);
#6165=ORIENTED_EDGE('',*,*,#4610,.F.);
#6166=ORIENTED_EDGE('',*,*,#4612,.T.);
#6167=ORIENTED_EDGE('',*,*,#4614,.T.);
#6168=ORIENTED_EDGE('',*,*,#4615,.F.);
#6169=ORIENTED_EDGE('',*,*,#4432,.F.);
#6170=ORIENTED_EDGE('',*,*,#4616,.F.);
#6171=ORIENTED_EDGE('',*,*,#4392,.F.);
#6172=ORIENTED_EDGE('',*,*,#4617,.F.);
#6173=ORIENTED_EDGE('',*,*,#4509,.F.);
#6174=ORIENTED_EDGE('',*,*,#4619,.F.);
#6175=ORIENTED_EDGE('',*,*,#4639,.F.);
#6176=ORIENTED_EDGE('',*,*,#4640,.T.);
#6177=ORIENTED_EDGE('',*,*,#4641,.T.);
#6178=ORIENTED_EDGE('',*,*,#4642,.F.);
#6179=ORIENTED_EDGE('',*,*,#4643,.F.);
#6180=ORIENTED_EDGE('',*,*,#4644,.T.);
#6181=ORIENTED_EDGE('',*,*,#4645,.T.);
#6182=ORIENTED_EDGE('',*,*,#4640,.F.);
#6183=ORIENTED_EDGE('',*,*,#4646,.F.);
#6184=ORIENTED_EDGE('',*,*,#4647,.T.);
#6185=ORIENTED_EDGE('',*,*,#4648,.T.);
#6186=ORIENTED_EDGE('',*,*,#4644,.F.);
#6187=ORIENTED_EDGE('',*,*,#4649,.F.);
#6188=ORIENTED_EDGE('',*,*,#4642,.T.);
#6189=ORIENTED_EDGE('',*,*,#4650,.T.);
#6190=ORIENTED_EDGE('',*,*,#4647,.F.);
#6191=ORIENTED_EDGE('',*,*,#4650,.F.);
#6192=ORIENTED_EDGE('',*,*,#4641,.F.);
#6193=ORIENTED_EDGE('',*,*,#4645,.F.);
#6194=ORIENTED_EDGE('',*,*,#4648,.F.);
#6195=ORIENTED_EDGE('',*,*,#4651,.T.);
#6196=ORIENTED_EDGE('',*,*,#4652,.T.);
#6197=ORIENTED_EDGE('',*,*,#4653,.F.);
#6198=ORIENTED_EDGE('',*,*,#4654,.F.);
#6199=ORIENTED_EDGE('',*,*,#4655,.T.);
#6200=ORIENTED_EDGE('',*,*,#4654,.T.);
#6201=ORIENTED_EDGE('',*,*,#4656,.F.);
#6202=ORIENTED_EDGE('',*,*,#4657,.F.);
#6203=ORIENTED_EDGE('',*,*,#4658,.T.);
#6204=ORIENTED_EDGE('',*,*,#4657,.T.);
#6205=ORIENTED_EDGE('',*,*,#4659,.F.);
#6206=ORIENTED_EDGE('',*,*,#4660,.F.);
#6207=ORIENTED_EDGE('',*,*,#4661,.T.);
#6208=ORIENTED_EDGE('',*,*,#4660,.T.);
#6209=ORIENTED_EDGE('',*,*,#4662,.F.);
#6210=ORIENTED_EDGE('',*,*,#4652,.F.);
#6211=ORIENTED_EDGE('',*,*,#4662,.T.);
#6212=ORIENTED_EDGE('',*,*,#4659,.T.);
#6213=ORIENTED_EDGE('',*,*,#4656,.T.);
#6214=ORIENTED_EDGE('',*,*,#4653,.T.);
#6215=ORIENTED_EDGE('',*,*,#4639,.T.);
#6216=ORIENTED_EDGE('',*,*,#4649,.T.);
#6217=ORIENTED_EDGE('',*,*,#4646,.T.);
#6218=ORIENTED_EDGE('',*,*,#4643,.T.);
#6219=ORIENTED_EDGE('',*,*,#4661,.F.);
#6220=ORIENTED_EDGE('',*,*,#4651,.F.);
#6221=ORIENTED_EDGE('',*,*,#4655,.F.);
#6222=ORIENTED_EDGE('',*,*,#4658,.F.);
#6223=ORIENTED_EDGE('',*,*,#4663,.F.);
#6224=ORIENTED_EDGE('',*,*,#4664,.T.);
#6225=ORIENTED_EDGE('',*,*,#4665,.T.);
#6226=ORIENTED_EDGE('',*,*,#4664,.F.);
#6227=ORIENTED_EDGE('',*,*,#4666,.F.);
#6228=ORIENTED_EDGE('',*,*,#4667,.T.);
#6229=ORIENTED_EDGE('',*,*,#4668,.F.);
#6230=ORIENTED_EDGE('',*,*,#4669,.F.);
#6231=ORIENTED_EDGE('',*,*,#4670,.F.);
#6232=ORIENTED_EDGE('',*,*,#4669,.T.);
#6233=ORIENTED_EDGE('',*,*,#4671,.F.);
#6234=ORIENTED_EDGE('',*,*,#4672,.F.);
#6235=ORIENTED_EDGE('',*,*,#4673,.T.);
#6236=ORIENTED_EDGE('',*,*,#4672,.T.);
#6237=ORIENTED_EDGE('',*,*,#4674,.F.);
#6238=ORIENTED_EDGE('',*,*,#4675,.F.);
#6239=ORIENTED_EDGE('',*,*,#4676,.T.);
#6240=ORIENTED_EDGE('',*,*,#4675,.T.);
#6241=ORIENTED_EDGE('',*,*,#4677,.F.);
#6242=ORIENTED_EDGE('',*,*,#4667,.F.);
#6243=ORIENTED_EDGE('',*,*,#4677,.T.);
#6244=ORIENTED_EDGE('',*,*,#4674,.T.);
#6245=ORIENTED_EDGE('',*,*,#4671,.T.);
#6246=ORIENTED_EDGE('',*,*,#4668,.T.);
#6247=ORIENTED_EDGE('',*,*,#4663,.T.);
#6248=ORIENTED_EDGE('',*,*,#4676,.F.);
#6249=ORIENTED_EDGE('',*,*,#4666,.T.);
#6250=ORIENTED_EDGE('',*,*,#4670,.T.);
#6251=ORIENTED_EDGE('',*,*,#4673,.F.);
#6252=ORIENTED_EDGE('',*,*,#4665,.F.);
#6253=ORIENTED_EDGE('',*,*,#4678,.T.);
#6254=ORIENTED_EDGE('',*,*,#4679,.T.);
#6255=ORIENTED_EDGE('',*,*,#4680,.F.);
#6256=ORIENTED_EDGE('',*,*,#4679,.F.);
#6257=ORIENTED_EDGE('',*,*,#4681,.T.);
#6258=ORIENTED_EDGE('',*,*,#4682,.T.);
#6259=ORIENTED_EDGE('',*,*,#4683,.T.);
#6260=ORIENTED_EDGE('',*,*,#4684,.F.);
#6261=ORIENTED_EDGE('',*,*,#4685,.T.);
#6262=ORIENTED_EDGE('',*,*,#4686,.T.);
#6263=ORIENTED_EDGE('',*,*,#4687,.T.);
#6264=ORIENTED_EDGE('',*,*,#4682,.F.);
#6265=ORIENTED_EDGE('',*,*,#4688,.F.);
#6266=ORIENTED_EDGE('',*,*,#4689,.T.);
#6267=ORIENTED_EDGE('',*,*,#4690,.T.);
#6268=ORIENTED_EDGE('',*,*,#4686,.F.);
#6269=ORIENTED_EDGE('',*,*,#4691,.F.);
#6270=ORIENTED_EDGE('',*,*,#4684,.T.);
#6271=ORIENTED_EDGE('',*,*,#4692,.T.);
#6272=ORIENTED_EDGE('',*,*,#4689,.F.);
#6273=ORIENTED_EDGE('',*,*,#4692,.F.);
#6274=ORIENTED_EDGE('',*,*,#4683,.F.);
#6275=ORIENTED_EDGE('',*,*,#4687,.F.);
#6276=ORIENTED_EDGE('',*,*,#4690,.F.);
#6277=ORIENTED_EDGE('',*,*,#4678,.F.);
#6278=ORIENTED_EDGE('',*,*,#4691,.T.);
#6279=ORIENTED_EDGE('',*,*,#4688,.T.);
#6280=ORIENTED_EDGE('',*,*,#4685,.F.);
#6281=ORIENTED_EDGE('',*,*,#4681,.F.);
#6282=ORIENTED_EDGE('',*,*,#4680,.T.);
#6283=ORIENTED_EDGE('',*,*,#4693,.T.);
#6284=ORIENTED_EDGE('',*,*,#4694,.T.);
#6285=ORIENTED_EDGE('',*,*,#4695,.F.);
#6286=ORIENTED_EDGE('',*,*,#4696,.F.);
#6287=ORIENTED_EDGE('',*,*,#4697,.T.);
#6288=ORIENTED_EDGE('',*,*,#4696,.T.);
#6289=ORIENTED_EDGE('',*,*,#4698,.F.);
#6290=ORIENTED_EDGE('',*,*,#4699,.F.);
#6291=ORIENTED_EDGE('',*,*,#4700,.T.);
#6292=ORIENTED_EDGE('',*,*,#4699,.T.);
#6293=ORIENTED_EDGE('',*,*,#4701,.F.);
#6294=ORIENTED_EDGE('',*,*,#4702,.F.);
#6295=ORIENTED_EDGE('',*,*,#4703,.T.);
#6296=ORIENTED_EDGE('',*,*,#4702,.T.);
#6297=ORIENTED_EDGE('',*,*,#4704,.F.);
#6298=ORIENTED_EDGE('',*,*,#4694,.F.);
#6299=ORIENTED_EDGE('',*,*,#4704,.T.);
#6300=ORIENTED_EDGE('',*,*,#4701,.T.);
#6301=ORIENTED_EDGE('',*,*,#4698,.T.);
#6302=ORIENTED_EDGE('',*,*,#4695,.T.);
#6303=ORIENTED_EDGE('',*,*,#4703,.F.);
#6304=ORIENTED_EDGE('',*,*,#4693,.F.);
#6305=ORIENTED_EDGE('',*,*,#4697,.F.);
#6306=ORIENTED_EDGE('',*,*,#4700,.F.);
#6307=ORIENTED_EDGE('',*,*,#4705,.F.);
#6308=ORIENTED_EDGE('',*,*,#4706,.T.);
#6309=ORIENTED_EDGE('',*,*,#4707,.F.);
#6310=ORIENTED_EDGE('',*,*,#4708,.F.);
#6311=ORIENTED_EDGE('',*,*,#4709,.T.);
#6312=ORIENTED_EDGE('',*,*,#4708,.T.);
#6313=ORIENTED_EDGE('',*,*,#4710,.F.);
#6314=ORIENTED_EDGE('',*,*,#4711,.F.);
#6315=ORIENTED_EDGE('',*,*,#4712,.T.);
#6316=ORIENTED_EDGE('',*,*,#4711,.T.);
#6317=ORIENTED_EDGE('',*,*,#4713,.F.);
#6318=ORIENTED_EDGE('',*,*,#4714,.F.);
#6319=ORIENTED_EDGE('',*,*,#4715,.T.);
#6320=ORIENTED_EDGE('',*,*,#4714,.T.);
#6321=ORIENTED_EDGE('',*,*,#4716,.F.);
#6322=ORIENTED_EDGE('',*,*,#4706,.F.);
#6323=ORIENTED_EDGE('',*,*,#4716,.T.);
#6324=ORIENTED_EDGE('',*,*,#4713,.T.);
#6325=ORIENTED_EDGE('',*,*,#4710,.T.);
#6326=ORIENTED_EDGE('',*,*,#4707,.T.);
#6327=ORIENTED_EDGE('',*,*,#4715,.F.);
#6328=ORIENTED_EDGE('',*,*,#4705,.T.);
#6329=ORIENTED_EDGE('',*,*,#4709,.F.);
#6330=ORIENTED_EDGE('',*,*,#4712,.F.);
#6331=ORIENTED_EDGE('',*,*,#4717,.F.);
#6332=ORIENTED_EDGE('',*,*,#4718,.T.);
#6333=ORIENTED_EDGE('',*,*,#4719,.F.);
#6334=ORIENTED_EDGE('',*,*,#4720,.F.);
#6335=ORIENTED_EDGE('',*,*,#4721,.T.);
#6336=ORIENTED_EDGE('',*,*,#4720,.T.);
#6337=ORIENTED_EDGE('',*,*,#4722,.F.);
#6338=ORIENTED_EDGE('',*,*,#4723,.F.);
#6339=ORIENTED_EDGE('',*,*,#4724,.T.);
#6340=ORIENTED_EDGE('',*,*,#4723,.T.);
#6341=ORIENTED_EDGE('',*,*,#4725,.F.);
#6342=ORIENTED_EDGE('',*,*,#4726,.F.);
#6343=ORIENTED_EDGE('',*,*,#4727,.F.);
#6344=ORIENTED_EDGE('',*,*,#4726,.T.);
#6345=ORIENTED_EDGE('',*,*,#4728,.F.);
#6346=ORIENTED_EDGE('',*,*,#4718,.F.);
#6347=ORIENTED_EDGE('',*,*,#4728,.T.);
#6348=ORIENTED_EDGE('',*,*,#4725,.T.);
#6349=ORIENTED_EDGE('',*,*,#4722,.T.);
#6350=ORIENTED_EDGE('',*,*,#4719,.T.);
#6351=ORIENTED_EDGE('',*,*,#4727,.T.);
#6352=ORIENTED_EDGE('',*,*,#4717,.T.);
#6353=ORIENTED_EDGE('',*,*,#4721,.F.);
#6354=ORIENTED_EDGE('',*,*,#4724,.F.);
#6355=ORIENTED_EDGE('',*,*,#4729,.T.);
#6356=ORIENTED_EDGE('',*,*,#4730,.F.);
#6357=ORIENTED_EDGE('',*,*,#4731,.F.);
#6358=ORIENTED_EDGE('',*,*,#4732,.F.);
#6359=ORIENTED_EDGE('',*,*,#4733,.T.);
#6360=ORIENTED_EDGE('',*,*,#4732,.T.);
#6361=ORIENTED_EDGE('',*,*,#4734,.F.);
#6362=ORIENTED_EDGE('',*,*,#4735,.F.);
#6363=ORIENTED_EDGE('',*,*,#4730,.T.);
#6364=ORIENTED_EDGE('',*,*,#4736,.T.);
#6365=ORIENTED_EDGE('',*,*,#4737,.F.);
#6366=ORIENTED_EDGE('',*,*,#4738,.T.);
#6367=ORIENTED_EDGE('',*,*,#4739,.F.);
#6368=ORIENTED_EDGE('',*,*,#4740,.T.);
#6369=ORIENTED_EDGE('',*,*,#4741,.T.);
#6370=ORIENTED_EDGE('',*,*,#4735,.T.);
#6371=ORIENTED_EDGE('',*,*,#4742,.F.);
#6372=ORIENTED_EDGE('',*,*,#4743,.T.);
#6373=ORIENTED_EDGE('',*,*,#4744,.T.);
#6374=ORIENTED_EDGE('',*,*,#4740,.F.);
#6375=ORIENTED_EDGE('',*,*,#4745,.T.);
#6376=ORIENTED_EDGE('',*,*,#4737,.T.);
#6377=ORIENTED_EDGE('',*,*,#4746,.T.);
#6378=ORIENTED_EDGE('',*,*,#4743,.F.);
#6379=ORIENTED_EDGE('',*,*,#4746,.F.);
#6380=ORIENTED_EDGE('',*,*,#4736,.F.);
#6381=ORIENTED_EDGE('',*,*,#4729,.F.);
#6382=ORIENTED_EDGE('',*,*,#4733,.F.);
#6383=ORIENTED_EDGE('',*,*,#4741,.F.);
#6384=ORIENTED_EDGE('',*,*,#4744,.F.);
#6385=ORIENTED_EDGE('',*,*,#4745,.F.);
#6386=ORIENTED_EDGE('',*,*,#4742,.T.);
#6387=ORIENTED_EDGE('',*,*,#4739,.T.);
#6388=ORIENTED_EDGE('',*,*,#4734,.T.);
#6389=ORIENTED_EDGE('',*,*,#4731,.T.);
#6390=ORIENTED_EDGE('',*,*,#4738,.F.);
#6391=ORIENTED_EDGE('',*,*,#4747,.T.);
#6392=ORIENTED_EDGE('',*,*,#4748,.T.);
#6393=ORIENTED_EDGE('',*,*,#4749,.T.);
#6394=ORIENTED_EDGE('',*,*,#4750,.F.);
#6395=ORIENTED_EDGE('',*,*,#4751,.F.);
#6396=ORIENTED_EDGE('',*,*,#4752,.T.);
#6397=ORIENTED_EDGE('',*,*,#4753,.T.);
#6398=ORIENTED_EDGE('',*,*,#4748,.F.);
#6399=ORIENTED_EDGE('',*,*,#4754,.F.);
#6400=ORIENTED_EDGE('',*,*,#4755,.T.);
#6401=ORIENTED_EDGE('',*,*,#4756,.T.);
#6402=ORIENTED_EDGE('',*,*,#4752,.F.);
#6403=ORIENTED_EDGE('',*,*,#4757,.T.);
#6404=ORIENTED_EDGE('',*,*,#4750,.T.);
#6405=ORIENTED_EDGE('',*,*,#4758,.T.);
#6406=ORIENTED_EDGE('',*,*,#4755,.F.);
#6407=ORIENTED_EDGE('',*,*,#4758,.F.);
#6408=ORIENTED_EDGE('',*,*,#4749,.F.);
#6409=ORIENTED_EDGE('',*,*,#4753,.F.);
#6410=ORIENTED_EDGE('',*,*,#4756,.F.);
#6411=ORIENTED_EDGE('',*,*,#4757,.F.);
#6412=ORIENTED_EDGE('',*,*,#4754,.T.);
#6413=ORIENTED_EDGE('',*,*,#4751,.T.);
#6414=ORIENTED_EDGE('',*,*,#4747,.F.);
#6415=ORIENTED_EDGE('',*,*,#4759,.F.);
#6416=ORIENTED_EDGE('',*,*,#4760,.T.);
#6417=ORIENTED_EDGE('',*,*,#4761,.F.);
#6418=ORIENTED_EDGE('',*,*,#4762,.F.);
#6419=ORIENTED_EDGE('',*,*,#4763,.T.);
#6420=ORIENTED_EDGE('',*,*,#4762,.T.);
#6421=ORIENTED_EDGE('',*,*,#4764,.F.);
#6422=ORIENTED_EDGE('',*,*,#4765,.F.);
#6423=ORIENTED_EDGE('',*,*,#4766,.T.);
#6424=ORIENTED_EDGE('',*,*,#4765,.T.);
#6425=ORIENTED_EDGE('',*,*,#4767,.F.);
#6426=ORIENTED_EDGE('',*,*,#4768,.F.);
#6427=ORIENTED_EDGE('',*,*,#4769,.F.);
#6428=ORIENTED_EDGE('',*,*,#4768,.T.);
#6429=ORIENTED_EDGE('',*,*,#4770,.F.);
#6430=ORIENTED_EDGE('',*,*,#4760,.F.);
#6431=ORIENTED_EDGE('',*,*,#4770,.T.);
#6432=ORIENTED_EDGE('',*,*,#4767,.T.);
#6433=ORIENTED_EDGE('',*,*,#4764,.T.);
#6434=ORIENTED_EDGE('',*,*,#4761,.T.);
#6435=ORIENTED_EDGE('',*,*,#4769,.T.);
#6436=ORIENTED_EDGE('',*,*,#4759,.T.);
#6437=ORIENTED_EDGE('',*,*,#4763,.F.);
#6438=ORIENTED_EDGE('',*,*,#4766,.F.);
#6439=ORIENTED_EDGE('',*,*,#4771,.F.);
#6440=ORIENTED_EDGE('',*,*,#4772,.T.);
#6441=ORIENTED_EDGE('',*,*,#4773,.F.);
#6442=ORIENTED_EDGE('',*,*,#4774,.F.);
#6443=ORIENTED_EDGE('',*,*,#4775,.T.);
#6444=ORIENTED_EDGE('',*,*,#4774,.T.);
#6445=ORIENTED_EDGE('',*,*,#4776,.F.);
#6446=ORIENTED_EDGE('',*,*,#4777,.F.);
#6447=ORIENTED_EDGE('',*,*,#4778,.T.);
#6448=ORIENTED_EDGE('',*,*,#4777,.T.);
#6449=ORIENTED_EDGE('',*,*,#4779,.F.);
#6450=ORIENTED_EDGE('',*,*,#4780,.F.);
#6451=ORIENTED_EDGE('',*,*,#4781,.T.);
#6452=ORIENTED_EDGE('',*,*,#4780,.T.);
#6453=ORIENTED_EDGE('',*,*,#4782,.F.);
#6454=ORIENTED_EDGE('',*,*,#4772,.F.);
#6455=ORIENTED_EDGE('',*,*,#4782,.T.);
#6456=ORIENTED_EDGE('',*,*,#4779,.T.);
#6457=ORIENTED_EDGE('',*,*,#4776,.T.);
#6458=ORIENTED_EDGE('',*,*,#4773,.T.);
#6459=ORIENTED_EDGE('',*,*,#4781,.F.);
#6460=ORIENTED_EDGE('',*,*,#4771,.T.);
#6461=ORIENTED_EDGE('',*,*,#4775,.F.);
#6462=ORIENTED_EDGE('',*,*,#4778,.F.);
#6463=ORIENTED_EDGE('',*,*,#4783,.F.);
#6464=ORIENTED_EDGE('',*,*,#4784,.T.);
#6465=ORIENTED_EDGE('',*,*,#4785,.F.);
#6466=ORIENTED_EDGE('',*,*,#4786,.F.);
#6467=ORIENTED_EDGE('',*,*,#4787,.T.);
#6468=ORIENTED_EDGE('',*,*,#4786,.T.);
#6469=ORIENTED_EDGE('',*,*,#4788,.F.);
#6470=ORIENTED_EDGE('',*,*,#4789,.F.);
#6471=ORIENTED_EDGE('',*,*,#4790,.T.);
#6472=ORIENTED_EDGE('',*,*,#4789,.T.);
#6473=ORIENTED_EDGE('',*,*,#4791,.F.);
#6474=ORIENTED_EDGE('',*,*,#4792,.F.);
#6475=ORIENTED_EDGE('',*,*,#4793,.T.);
#6476=ORIENTED_EDGE('',*,*,#4792,.T.);
#6477=ORIENTED_EDGE('',*,*,#4794,.F.);
#6478=ORIENTED_EDGE('',*,*,#4784,.F.);
#6479=ORIENTED_EDGE('',*,*,#4794,.T.);
#6480=ORIENTED_EDGE('',*,*,#4791,.T.);
#6481=ORIENTED_EDGE('',*,*,#4788,.T.);
#6482=ORIENTED_EDGE('',*,*,#4785,.T.);
#6483=ORIENTED_EDGE('',*,*,#4793,.F.);
#6484=ORIENTED_EDGE('',*,*,#4783,.T.);
#6485=ORIENTED_EDGE('',*,*,#4787,.F.);
#6486=ORIENTED_EDGE('',*,*,#4790,.F.);
#6487=ORIENTED_EDGE('',*,*,#4795,.F.);
#6488=ORIENTED_EDGE('',*,*,#4796,.T.);
#6489=ORIENTED_EDGE('',*,*,#4797,.F.);
#6490=ORIENTED_EDGE('',*,*,#4798,.F.);
#6491=ORIENTED_EDGE('',*,*,#4799,.T.);
#6492=ORIENTED_EDGE('',*,*,#4798,.T.);
#6493=ORIENTED_EDGE('',*,*,#4800,.F.);
#6494=ORIENTED_EDGE('',*,*,#4801,.F.);
#6495=ORIENTED_EDGE('',*,*,#4802,.T.);
#6496=ORIENTED_EDGE('',*,*,#4801,.T.);
#6497=ORIENTED_EDGE('',*,*,#4803,.F.);
#6498=ORIENTED_EDGE('',*,*,#4804,.F.);
#6499=ORIENTED_EDGE('',*,*,#4805,.T.);
#6500=ORIENTED_EDGE('',*,*,#4804,.T.);
#6501=ORIENTED_EDGE('',*,*,#4806,.F.);
#6502=ORIENTED_EDGE('',*,*,#4796,.F.);
#6503=ORIENTED_EDGE('',*,*,#4806,.T.);
#6504=ORIENTED_EDGE('',*,*,#4803,.T.);
#6505=ORIENTED_EDGE('',*,*,#4800,.T.);
#6506=ORIENTED_EDGE('',*,*,#4797,.T.);
#6507=ORIENTED_EDGE('',*,*,#4805,.F.);
#6508=ORIENTED_EDGE('',*,*,#4795,.T.);
#6509=ORIENTED_EDGE('',*,*,#4799,.F.);
#6510=ORIENTED_EDGE('',*,*,#4802,.F.);
#6511=ORIENTED_EDGE('',*,*,#4807,.F.);
#6512=ORIENTED_EDGE('',*,*,#4808,.T.);
#6513=ORIENTED_EDGE('',*,*,#4809,.F.);
#6514=ORIENTED_EDGE('',*,*,#4810,.F.);
#6515=ORIENTED_EDGE('',*,*,#4811,.T.);
#6516=ORIENTED_EDGE('',*,*,#4810,.T.);
#6517=ORIENTED_EDGE('',*,*,#4812,.F.);
#6518=ORIENTED_EDGE('',*,*,#4813,.F.);
#6519=ORIENTED_EDGE('',*,*,#4814,.T.);
#6520=ORIENTED_EDGE('',*,*,#4813,.T.);
#6521=ORIENTED_EDGE('',*,*,#4815,.F.);
#6522=ORIENTED_EDGE('',*,*,#4816,.F.);
#6523=ORIENTED_EDGE('',*,*,#4817,.T.);
#6524=ORIENTED_EDGE('',*,*,#4816,.T.);
#6525=ORIENTED_EDGE('',*,*,#4818,.F.);
#6526=ORIENTED_EDGE('',*,*,#4808,.F.);
#6527=ORIENTED_EDGE('',*,*,#4818,.T.);
#6528=ORIENTED_EDGE('',*,*,#4815,.T.);
#6529=ORIENTED_EDGE('',*,*,#4812,.T.);
#6530=ORIENTED_EDGE('',*,*,#4809,.T.);
#6531=ORIENTED_EDGE('',*,*,#4817,.F.);
#6532=ORIENTED_EDGE('',*,*,#4807,.T.);
#6533=ORIENTED_EDGE('',*,*,#4811,.F.);
#6534=ORIENTED_EDGE('',*,*,#4814,.F.);
#6535=ORIENTED_EDGE('',*,*,#4819,.F.);
#6536=ORIENTED_EDGE('',*,*,#4820,.T.);
#6537=ORIENTED_EDGE('',*,*,#4821,.F.);
#6538=ORIENTED_EDGE('',*,*,#4822,.F.);
#6539=ORIENTED_EDGE('',*,*,#4823,.T.);
#6540=ORIENTED_EDGE('',*,*,#4822,.T.);
#6541=ORIENTED_EDGE('',*,*,#4824,.F.);
#6542=ORIENTED_EDGE('',*,*,#4825,.F.);
#6543=ORIENTED_EDGE('',*,*,#4826,.T.);
#6544=ORIENTED_EDGE('',*,*,#4825,.T.);
#6545=ORIENTED_EDGE('',*,*,#4827,.F.);
#6546=ORIENTED_EDGE('',*,*,#4828,.F.);
#6547=ORIENTED_EDGE('',*,*,#4829,.T.);
#6548=ORIENTED_EDGE('',*,*,#4828,.T.);
#6549=ORIENTED_EDGE('',*,*,#4830,.F.);
#6550=ORIENTED_EDGE('',*,*,#4820,.F.);
#6551=ORIENTED_EDGE('',*,*,#4830,.T.);
#6552=ORIENTED_EDGE('',*,*,#4827,.T.);
#6553=ORIENTED_EDGE('',*,*,#4824,.T.);
#6554=ORIENTED_EDGE('',*,*,#4821,.T.);
#6555=ORIENTED_EDGE('',*,*,#4829,.F.);
#6556=ORIENTED_EDGE('',*,*,#4819,.T.);
#6557=ORIENTED_EDGE('',*,*,#4823,.F.);
#6558=ORIENTED_EDGE('',*,*,#4826,.F.);
#6559=ORIENTED_EDGE('',*,*,#4831,.F.);
#6560=ORIENTED_EDGE('',*,*,#4832,.T.);
#6561=ORIENTED_EDGE('',*,*,#4833,.F.);
#6562=ORIENTED_EDGE('',*,*,#4834,.F.);
#6563=ORIENTED_EDGE('',*,*,#4835,.T.);
#6564=ORIENTED_EDGE('',*,*,#4834,.T.);
#6565=ORIENTED_EDGE('',*,*,#4836,.F.);
#6566=ORIENTED_EDGE('',*,*,#4837,.F.);
#6567=ORIENTED_EDGE('',*,*,#4838,.T.);
#6568=ORIENTED_EDGE('',*,*,#4837,.T.);
#6569=ORIENTED_EDGE('',*,*,#4839,.F.);
#6570=ORIENTED_EDGE('',*,*,#4840,.F.);
#6571=ORIENTED_EDGE('',*,*,#4841,.T.);
#6572=ORIENTED_EDGE('',*,*,#4840,.T.);
#6573=ORIENTED_EDGE('',*,*,#4842,.F.);
#6574=ORIENTED_EDGE('',*,*,#4832,.F.);
#6575=ORIENTED_EDGE('',*,*,#4842,.T.);
#6576=ORIENTED_EDGE('',*,*,#4839,.T.);
#6577=ORIENTED_EDGE('',*,*,#4836,.T.);
#6578=ORIENTED_EDGE('',*,*,#4833,.T.);
#6579=ORIENTED_EDGE('',*,*,#4841,.F.);
#6580=ORIENTED_EDGE('',*,*,#4831,.T.);
#6581=ORIENTED_EDGE('',*,*,#4835,.F.);
#6582=ORIENTED_EDGE('',*,*,#4838,.F.);
#6583=ORIENTED_EDGE('',*,*,#4843,.F.);
#6584=ORIENTED_EDGE('',*,*,#4844,.T.);
#6585=ORIENTED_EDGE('',*,*,#4845,.F.);
#6586=ORIENTED_EDGE('',*,*,#4846,.F.);
#6587=ORIENTED_EDGE('',*,*,#4847,.T.);
#6588=ORIENTED_EDGE('',*,*,#4846,.T.);
#6589=ORIENTED_EDGE('',*,*,#4848,.F.);
#6590=ORIENTED_EDGE('',*,*,#4849,.F.);
#6591=ORIENTED_EDGE('',*,*,#4850,.T.);
#6592=ORIENTED_EDGE('',*,*,#4849,.T.);
#6593=ORIENTED_EDGE('',*,*,#4851,.F.);
#6594=ORIENTED_EDGE('',*,*,#4852,.F.);
#6595=ORIENTED_EDGE('',*,*,#4853,.T.);
#6596=ORIENTED_EDGE('',*,*,#4852,.T.);
#6597=ORIENTED_EDGE('',*,*,#4854,.F.);
#6598=ORIENTED_EDGE('',*,*,#4844,.F.);
#6599=ORIENTED_EDGE('',*,*,#4854,.T.);
#6600=ORIENTED_EDGE('',*,*,#4851,.T.);
#6601=ORIENTED_EDGE('',*,*,#4848,.T.);
#6602=ORIENTED_EDGE('',*,*,#4845,.T.);
#6603=ORIENTED_EDGE('',*,*,#4853,.F.);
#6604=ORIENTED_EDGE('',*,*,#4843,.T.);
#6605=ORIENTED_EDGE('',*,*,#4847,.F.);
#6606=ORIENTED_EDGE('',*,*,#4850,.F.);
#6607=ORIENTED_EDGE('',*,*,#4855,.F.);
#6608=ORIENTED_EDGE('',*,*,#4856,.T.);
#6609=ORIENTED_EDGE('',*,*,#4857,.F.);
#6610=ORIENTED_EDGE('',*,*,#4858,.F.);
#6611=ORIENTED_EDGE('',*,*,#4859,.T.);
#6612=ORIENTED_EDGE('',*,*,#4858,.T.);
#6613=ORIENTED_EDGE('',*,*,#4860,.F.);
#6614=ORIENTED_EDGE('',*,*,#4861,.F.);
#6615=ORIENTED_EDGE('',*,*,#4862,.T.);
#6616=ORIENTED_EDGE('',*,*,#4861,.T.);
#6617=ORIENTED_EDGE('',*,*,#4863,.F.);
#6618=ORIENTED_EDGE('',*,*,#4864,.F.);
#6619=ORIENTED_EDGE('',*,*,#4865,.T.);
#6620=ORIENTED_EDGE('',*,*,#4864,.T.);
#6621=ORIENTED_EDGE('',*,*,#4866,.F.);
#6622=ORIENTED_EDGE('',*,*,#4856,.F.);
#6623=ORIENTED_EDGE('',*,*,#4866,.T.);
#6624=ORIENTED_EDGE('',*,*,#4863,.T.);
#6625=ORIENTED_EDGE('',*,*,#4860,.T.);
#6626=ORIENTED_EDGE('',*,*,#4857,.T.);
#6627=ORIENTED_EDGE('',*,*,#4865,.F.);
#6628=ORIENTED_EDGE('',*,*,#4855,.T.);
#6629=ORIENTED_EDGE('',*,*,#4859,.F.);
#6630=ORIENTED_EDGE('',*,*,#4862,.F.);
#6631=ORIENTED_EDGE('',*,*,#4867,.F.);
#6632=ORIENTED_EDGE('',*,*,#4868,.T.);
#6633=ORIENTED_EDGE('',*,*,#4869,.F.);
#6634=ORIENTED_EDGE('',*,*,#4870,.F.);
#6635=ORIENTED_EDGE('',*,*,#4871,.T.);
#6636=ORIENTED_EDGE('',*,*,#4870,.T.);
#6637=ORIENTED_EDGE('',*,*,#4872,.F.);
#6638=ORIENTED_EDGE('',*,*,#4873,.F.);
#6639=ORIENTED_EDGE('',*,*,#4874,.T.);
#6640=ORIENTED_EDGE('',*,*,#4873,.T.);
#6641=ORIENTED_EDGE('',*,*,#4875,.F.);
#6642=ORIENTED_EDGE('',*,*,#4876,.F.);
#6643=ORIENTED_EDGE('',*,*,#4877,.T.);
#6644=ORIENTED_EDGE('',*,*,#4876,.T.);
#6645=ORIENTED_EDGE('',*,*,#4878,.F.);
#6646=ORIENTED_EDGE('',*,*,#4868,.F.);
#6647=ORIENTED_EDGE('',*,*,#4878,.T.);
#6648=ORIENTED_EDGE('',*,*,#4875,.T.);
#6649=ORIENTED_EDGE('',*,*,#4872,.T.);
#6650=ORIENTED_EDGE('',*,*,#4869,.T.);
#6651=ORIENTED_EDGE('',*,*,#4877,.F.);
#6652=ORIENTED_EDGE('',*,*,#4867,.T.);
#6653=ORIENTED_EDGE('',*,*,#4871,.F.);
#6654=ORIENTED_EDGE('',*,*,#4874,.F.);
#6655=ORIENTED_EDGE('',*,*,#4879,.T.);
#6656=ORIENTED_EDGE('',*,*,#4880,.T.);
#6657=ORIENTED_EDGE('',*,*,#4881,.T.);
#6658=ORIENTED_EDGE('',*,*,#4882,.F.);
#6659=ORIENTED_EDGE('',*,*,#4883,.F.);
#6660=ORIENTED_EDGE('',*,*,#4884,.T.);
#6661=ORIENTED_EDGE('',*,*,#4885,.T.);
#6662=ORIENTED_EDGE('',*,*,#4880,.F.);
#6663=ORIENTED_EDGE('',*,*,#4886,.F.);
#6664=ORIENTED_EDGE('',*,*,#4887,.T.);
#6665=ORIENTED_EDGE('',*,*,#4888,.T.);
#6666=ORIENTED_EDGE('',*,*,#4884,.F.);
#6667=ORIENTED_EDGE('',*,*,#4889,.F.);
#6668=ORIENTED_EDGE('',*,*,#4882,.T.);
#6669=ORIENTED_EDGE('',*,*,#4890,.T.);
#6670=ORIENTED_EDGE('',*,*,#4887,.F.);
#6671=ORIENTED_EDGE('',*,*,#4890,.F.);
#6672=ORIENTED_EDGE('',*,*,#4881,.F.);
#6673=ORIENTED_EDGE('',*,*,#4885,.F.);
#6674=ORIENTED_EDGE('',*,*,#4888,.F.);
#6675=ORIENTED_EDGE('',*,*,#4889,.T.);
#6676=ORIENTED_EDGE('',*,*,#4886,.T.);
#6677=ORIENTED_EDGE('',*,*,#4883,.T.);
#6678=ORIENTED_EDGE('',*,*,#4879,.F.);
#6679=ORIENTED_EDGE('',*,*,#4891,.T.);
#6680=ORIENTED_EDGE('',*,*,#4892,.T.);
#6681=ORIENTED_EDGE('',*,*,#4893,.T.);
#6682=ORIENTED_EDGE('',*,*,#4894,.F.);
#6683=ORIENTED_EDGE('',*,*,#4895,.F.);
#6684=ORIENTED_EDGE('',*,*,#4896,.T.);
#6685=ORIENTED_EDGE('',*,*,#4897,.T.);
#6686=ORIENTED_EDGE('',*,*,#4892,.F.);
#6687=ORIENTED_EDGE('',*,*,#4898,.F.);
#6688=ORIENTED_EDGE('',*,*,#4899,.T.);
#6689=ORIENTED_EDGE('',*,*,#4900,.T.);
#6690=ORIENTED_EDGE('',*,*,#4896,.F.);
#6691=ORIENTED_EDGE('',*,*,#4901,.F.);
#6692=ORIENTED_EDGE('',*,*,#4894,.T.);
#6693=ORIENTED_EDGE('',*,*,#4902,.T.);
#6694=ORIENTED_EDGE('',*,*,#4899,.F.);
#6695=ORIENTED_EDGE('',*,*,#4902,.F.);
#6696=ORIENTED_EDGE('',*,*,#4893,.F.);
#6697=ORIENTED_EDGE('',*,*,#4897,.F.);
#6698=ORIENTED_EDGE('',*,*,#4900,.F.);
#6699=ORIENTED_EDGE('',*,*,#4901,.T.);
#6700=ORIENTED_EDGE('',*,*,#4898,.T.);
#6701=ORIENTED_EDGE('',*,*,#4895,.T.);
#6702=ORIENTED_EDGE('',*,*,#4891,.F.);
#6703=ORIENTED_EDGE('',*,*,#4903,.T.);
#6704=ORIENTED_EDGE('',*,*,#4904,.T.);
#6705=ORIENTED_EDGE('',*,*,#4905,.T.);
#6706=ORIENTED_EDGE('',*,*,#4906,.F.);
#6707=ORIENTED_EDGE('',*,*,#4907,.F.);
#6708=ORIENTED_EDGE('',*,*,#4908,.T.);
#6709=ORIENTED_EDGE('',*,*,#4909,.T.);
#6710=ORIENTED_EDGE('',*,*,#4904,.F.);
#6711=ORIENTED_EDGE('',*,*,#4910,.F.);
#6712=ORIENTED_EDGE('',*,*,#4911,.T.);
#6713=ORIENTED_EDGE('',*,*,#4912,.T.);
#6714=ORIENTED_EDGE('',*,*,#4908,.F.);
#6715=ORIENTED_EDGE('',*,*,#4913,.F.);
#6716=ORIENTED_EDGE('',*,*,#4906,.T.);
#6717=ORIENTED_EDGE('',*,*,#4914,.T.);
#6718=ORIENTED_EDGE('',*,*,#4911,.F.);
#6719=ORIENTED_EDGE('',*,*,#4914,.F.);
#6720=ORIENTED_EDGE('',*,*,#4905,.F.);
#6721=ORIENTED_EDGE('',*,*,#4909,.F.);
#6722=ORIENTED_EDGE('',*,*,#4912,.F.);
#6723=ORIENTED_EDGE('',*,*,#4913,.T.);
#6724=ORIENTED_EDGE('',*,*,#4910,.T.);
#6725=ORIENTED_EDGE('',*,*,#4907,.T.);
#6726=ORIENTED_EDGE('',*,*,#4903,.F.);
#6727=ORIENTED_EDGE('',*,*,#4915,.T.);
#6728=ORIENTED_EDGE('',*,*,#4916,.T.);
#6729=ORIENTED_EDGE('',*,*,#4917,.T.);
#6730=ORIENTED_EDGE('',*,*,#4918,.F.);
#6731=ORIENTED_EDGE('',*,*,#4919,.F.);
#6732=ORIENTED_EDGE('',*,*,#4920,.T.);
#6733=ORIENTED_EDGE('',*,*,#4921,.T.);
#6734=ORIENTED_EDGE('',*,*,#4916,.F.);
#6735=ORIENTED_EDGE('',*,*,#4922,.F.);
#6736=ORIENTED_EDGE('',*,*,#4923,.T.);
#6737=ORIENTED_EDGE('',*,*,#4924,.T.);
#6738=ORIENTED_EDGE('',*,*,#4920,.F.);
#6739=ORIENTED_EDGE('',*,*,#4925,.F.);
#6740=ORIENTED_EDGE('',*,*,#4918,.T.);
#6741=ORIENTED_EDGE('',*,*,#4926,.T.);
#6742=ORIENTED_EDGE('',*,*,#4923,.F.);
#6743=ORIENTED_EDGE('',*,*,#4926,.F.);
#6744=ORIENTED_EDGE('',*,*,#4917,.F.);
#6745=ORIENTED_EDGE('',*,*,#4921,.F.);
#6746=ORIENTED_EDGE('',*,*,#4924,.F.);
#6747=ORIENTED_EDGE('',*,*,#4925,.T.);
#6748=ORIENTED_EDGE('',*,*,#4922,.T.);
#6749=ORIENTED_EDGE('',*,*,#4919,.T.);
#6750=ORIENTED_EDGE('',*,*,#4915,.F.);
#6751=ORIENTED_EDGE('',*,*,#4927,.T.);
#6752=ORIENTED_EDGE('',*,*,#4928,.T.);
#6753=ORIENTED_EDGE('',*,*,#4929,.T.);
#6754=ORIENTED_EDGE('',*,*,#4930,.F.);
#6755=ORIENTED_EDGE('',*,*,#4931,.F.);
#6756=ORIENTED_EDGE('',*,*,#4932,.T.);
#6757=ORIENTED_EDGE('',*,*,#4933,.T.);
#6758=ORIENTED_EDGE('',*,*,#4928,.F.);
#6759=ORIENTED_EDGE('',*,*,#4934,.F.);
#6760=ORIENTED_EDGE('',*,*,#4935,.T.);
#6761=ORIENTED_EDGE('',*,*,#4936,.T.);
#6762=ORIENTED_EDGE('',*,*,#4932,.F.);
#6763=ORIENTED_EDGE('',*,*,#4937,.F.);
#6764=ORIENTED_EDGE('',*,*,#4930,.T.);
#6765=ORIENTED_EDGE('',*,*,#4938,.T.);
#6766=ORIENTED_EDGE('',*,*,#4935,.F.);
#6767=ORIENTED_EDGE('',*,*,#4938,.F.);
#6768=ORIENTED_EDGE('',*,*,#4929,.F.);
#6769=ORIENTED_EDGE('',*,*,#4933,.F.);
#6770=ORIENTED_EDGE('',*,*,#4936,.F.);
#6771=ORIENTED_EDGE('',*,*,#4937,.T.);
#6772=ORIENTED_EDGE('',*,*,#4934,.T.);
#6773=ORIENTED_EDGE('',*,*,#4931,.T.);
#6774=ORIENTED_EDGE('',*,*,#4927,.F.);
#6775=ORIENTED_EDGE('',*,*,#4939,.T.);
#6776=ORIENTED_EDGE('',*,*,#4940,.T.);
#6777=ORIENTED_EDGE('',*,*,#4941,.T.);
#6778=ORIENTED_EDGE('',*,*,#4942,.F.);
#6779=ORIENTED_EDGE('',*,*,#4943,.F.);
#6780=ORIENTED_EDGE('',*,*,#4944,.T.);
#6781=ORIENTED_EDGE('',*,*,#4945,.T.);
#6782=ORIENTED_EDGE('',*,*,#4940,.F.);
#6783=ORIENTED_EDGE('',*,*,#4946,.F.);
#6784=ORIENTED_EDGE('',*,*,#4947,.T.);
#6785=ORIENTED_EDGE('',*,*,#4948,.T.);
#6786=ORIENTED_EDGE('',*,*,#4944,.F.);
#6787=ORIENTED_EDGE('',*,*,#4949,.F.);
#6788=ORIENTED_EDGE('',*,*,#4942,.T.);
#6789=ORIENTED_EDGE('',*,*,#4950,.T.);
#6790=ORIENTED_EDGE('',*,*,#4947,.F.);
#6791=ORIENTED_EDGE('',*,*,#4950,.F.);
#6792=ORIENTED_EDGE('',*,*,#4941,.F.);
#6793=ORIENTED_EDGE('',*,*,#4945,.F.);
#6794=ORIENTED_EDGE('',*,*,#4948,.F.);
#6795=ORIENTED_EDGE('',*,*,#4949,.T.);
#6796=ORIENTED_EDGE('',*,*,#4946,.T.);
#6797=ORIENTED_EDGE('',*,*,#4943,.T.);
#6798=ORIENTED_EDGE('',*,*,#4939,.F.);
#6799=ORIENTED_EDGE('',*,*,#4951,.T.);
#6800=ORIENTED_EDGE('',*,*,#4952,.T.);
#6801=ORIENTED_EDGE('',*,*,#4953,.T.);
#6802=ORIENTED_EDGE('',*,*,#4954,.F.);
#6803=ORIENTED_EDGE('',*,*,#4955,.F.);
#6804=ORIENTED_EDGE('',*,*,#4956,.T.);
#6805=ORIENTED_EDGE('',*,*,#4957,.T.);
#6806=ORIENTED_EDGE('',*,*,#4952,.F.);
#6807=ORIENTED_EDGE('',*,*,#4958,.F.);
#6808=ORIENTED_EDGE('',*,*,#4959,.T.);
#6809=ORIENTED_EDGE('',*,*,#4960,.T.);
#6810=ORIENTED_EDGE('',*,*,#4956,.F.);
#6811=ORIENTED_EDGE('',*,*,#4961,.F.);
#6812=ORIENTED_EDGE('',*,*,#4954,.T.);
#6813=ORIENTED_EDGE('',*,*,#4962,.T.);
#6814=ORIENTED_EDGE('',*,*,#4959,.F.);
#6815=ORIENTED_EDGE('',*,*,#4962,.F.);
#6816=ORIENTED_EDGE('',*,*,#4953,.F.);
#6817=ORIENTED_EDGE('',*,*,#4957,.F.);
#6818=ORIENTED_EDGE('',*,*,#4960,.F.);
#6819=ORIENTED_EDGE('',*,*,#4961,.T.);
#6820=ORIENTED_EDGE('',*,*,#4958,.T.);
#6821=ORIENTED_EDGE('',*,*,#4955,.T.);
#6822=ORIENTED_EDGE('',*,*,#4951,.F.);
#6823=ORIENTED_EDGE('',*,*,#4963,.T.);
#6824=ORIENTED_EDGE('',*,*,#4964,.T.);
#6825=ORIENTED_EDGE('',*,*,#4965,.T.);
#6826=ORIENTED_EDGE('',*,*,#4966,.F.);
#6827=ORIENTED_EDGE('',*,*,#4967,.F.);
#6828=ORIENTED_EDGE('',*,*,#4968,.T.);
#6829=ORIENTED_EDGE('',*,*,#4969,.T.);
#6830=ORIENTED_EDGE('',*,*,#4964,.F.);
#6831=ORIENTED_EDGE('',*,*,#4970,.F.);
#6832=ORIENTED_EDGE('',*,*,#4971,.T.);
#6833=ORIENTED_EDGE('',*,*,#4972,.T.);
#6834=ORIENTED_EDGE('',*,*,#4968,.F.);
#6835=ORIENTED_EDGE('',*,*,#4973,.F.);
#6836=ORIENTED_EDGE('',*,*,#4966,.T.);
#6837=ORIENTED_EDGE('',*,*,#4974,.T.);
#6838=ORIENTED_EDGE('',*,*,#4971,.F.);
#6839=ORIENTED_EDGE('',*,*,#4974,.F.);
#6840=ORIENTED_EDGE('',*,*,#4965,.F.);
#6841=ORIENTED_EDGE('',*,*,#4969,.F.);
#6842=ORIENTED_EDGE('',*,*,#4972,.F.);
#6843=ORIENTED_EDGE('',*,*,#4973,.T.);
#6844=ORIENTED_EDGE('',*,*,#4970,.T.);
#6845=ORIENTED_EDGE('',*,*,#4967,.T.);
#6846=ORIENTED_EDGE('',*,*,#4963,.F.);
#6847=ORIENTED_EDGE('',*,*,#4975,.T.);
#6848=ORIENTED_EDGE('',*,*,#4976,.T.);
#6849=ORIENTED_EDGE('',*,*,#4977,.T.);
#6850=ORIENTED_EDGE('',*,*,#4978,.F.);
#6851=ORIENTED_EDGE('',*,*,#4979,.F.);
#6852=ORIENTED_EDGE('',*,*,#4980,.T.);
#6853=ORIENTED_EDGE('',*,*,#4981,.T.);
#6854=ORIENTED_EDGE('',*,*,#4976,.F.);
#6855=ORIENTED_EDGE('',*,*,#4982,.F.);
#6856=ORIENTED_EDGE('',*,*,#4983,.T.);
#6857=ORIENTED_EDGE('',*,*,#4984,.T.);
#6858=ORIENTED_EDGE('',*,*,#4980,.F.);
#6859=ORIENTED_EDGE('',*,*,#4985,.F.);
#6860=ORIENTED_EDGE('',*,*,#4978,.T.);
#6861=ORIENTED_EDGE('',*,*,#4986,.T.);
#6862=ORIENTED_EDGE('',*,*,#4983,.F.);
#6863=ORIENTED_EDGE('',*,*,#4986,.F.);
#6864=ORIENTED_EDGE('',*,*,#4977,.F.);
#6865=ORIENTED_EDGE('',*,*,#4981,.F.);
#6866=ORIENTED_EDGE('',*,*,#4984,.F.);
#6867=ORIENTED_EDGE('',*,*,#4985,.T.);
#6868=ORIENTED_EDGE('',*,*,#4982,.T.);
#6869=ORIENTED_EDGE('',*,*,#4979,.T.);
#6870=ORIENTED_EDGE('',*,*,#4975,.F.);
#6871=ORIENTED_EDGE('',*,*,#4987,.T.);
#6872=ORIENTED_EDGE('',*,*,#4988,.T.);
#6873=ORIENTED_EDGE('',*,*,#4989,.T.);
#6874=ORIENTED_EDGE('',*,*,#4990,.F.);
#6875=ORIENTED_EDGE('',*,*,#4991,.F.);
#6876=ORIENTED_EDGE('',*,*,#4992,.T.);
#6877=ORIENTED_EDGE('',*,*,#4993,.T.);
#6878=ORIENTED_EDGE('',*,*,#4988,.F.);
#6879=ORIENTED_EDGE('',*,*,#4994,.F.);
#6880=ORIENTED_EDGE('',*,*,#4995,.T.);
#6881=ORIENTED_EDGE('',*,*,#4996,.T.);
#6882=ORIENTED_EDGE('',*,*,#4992,.F.);
#6883=ORIENTED_EDGE('',*,*,#4997,.F.);
#6884=ORIENTED_EDGE('',*,*,#4990,.T.);
#6885=ORIENTED_EDGE('',*,*,#4998,.T.);
#6886=ORIENTED_EDGE('',*,*,#4995,.F.);
#6887=ORIENTED_EDGE('',*,*,#4998,.F.);
#6888=ORIENTED_EDGE('',*,*,#4989,.F.);
#6889=ORIENTED_EDGE('',*,*,#4993,.F.);
#6890=ORIENTED_EDGE('',*,*,#4996,.F.);
#6891=ORIENTED_EDGE('',*,*,#4997,.T.);
#6892=ORIENTED_EDGE('',*,*,#4994,.T.);
#6893=ORIENTED_EDGE('',*,*,#4991,.T.);
#6894=ORIENTED_EDGE('',*,*,#4987,.F.);
#6895=ORIENTED_EDGE('',*,*,#4999,.F.);
#6896=ORIENTED_EDGE('',*,*,#5000,.T.);
#6897=ORIENTED_EDGE('',*,*,#5001,.F.);
#6898=ORIENTED_EDGE('',*,*,#5002,.F.);
#6899=ORIENTED_EDGE('',*,*,#5003,.F.);
#6900=ORIENTED_EDGE('',*,*,#5002,.T.);
#6901=ORIENTED_EDGE('',*,*,#5004,.F.);
#6902=ORIENTED_EDGE('',*,*,#5005,.F.);
#6903=ORIENTED_EDGE('',*,*,#5006,.F.);
#6904=ORIENTED_EDGE('',*,*,#5005,.T.);
#6905=ORIENTED_EDGE('',*,*,#5007,.F.);
#6906=ORIENTED_EDGE('',*,*,#5008,.F.);
#6907=ORIENTED_EDGE('',*,*,#5009,.T.);
#6908=ORIENTED_EDGE('',*,*,#5008,.T.);
#6909=ORIENTED_EDGE('',*,*,#5010,.F.);
#6910=ORIENTED_EDGE('',*,*,#5000,.F.);
#6911=ORIENTED_EDGE('',*,*,#5010,.T.);
#6912=ORIENTED_EDGE('',*,*,#5007,.T.);
#6913=ORIENTED_EDGE('',*,*,#5004,.T.);
#6914=ORIENTED_EDGE('',*,*,#5001,.T.);
#6915=ORIENTED_EDGE('',*,*,#5009,.F.);
#6916=ORIENTED_EDGE('',*,*,#4999,.T.);
#6917=ORIENTED_EDGE('',*,*,#5003,.T.);
#6918=ORIENTED_EDGE('',*,*,#5006,.T.);
#6919=ORIENTED_EDGE('',*,*,#5011,.F.);
#6920=ORIENTED_EDGE('',*,*,#5012,.T.);
#6921=ORIENTED_EDGE('',*,*,#5013,.F.);
#6922=ORIENTED_EDGE('',*,*,#5014,.F.);
#6923=ORIENTED_EDGE('',*,*,#5015,.F.);
#6924=ORIENTED_EDGE('',*,*,#5014,.T.);
#6925=ORIENTED_EDGE('',*,*,#5016,.F.);
#6926=ORIENTED_EDGE('',*,*,#5017,.F.);
#6927=ORIENTED_EDGE('',*,*,#5018,.F.);
#6928=ORIENTED_EDGE('',*,*,#5017,.T.);
#6929=ORIENTED_EDGE('',*,*,#5019,.F.);
#6930=ORIENTED_EDGE('',*,*,#5020,.F.);
#6931=ORIENTED_EDGE('',*,*,#5021,.T.);
#6932=ORIENTED_EDGE('',*,*,#5020,.T.);
#6933=ORIENTED_EDGE('',*,*,#5022,.F.);
#6934=ORIENTED_EDGE('',*,*,#5012,.F.);
#6935=ORIENTED_EDGE('',*,*,#5022,.T.);
#6936=ORIENTED_EDGE('',*,*,#5019,.T.);
#6937=ORIENTED_EDGE('',*,*,#5016,.T.);
#6938=ORIENTED_EDGE('',*,*,#5013,.T.);
#6939=ORIENTED_EDGE('',*,*,#5021,.F.);
#6940=ORIENTED_EDGE('',*,*,#5011,.T.);
#6941=ORIENTED_EDGE('',*,*,#5015,.T.);
#6942=ORIENTED_EDGE('',*,*,#5018,.T.);
#6943=ORIENTED_EDGE('',*,*,#5023,.T.);
#6944=ORIENTED_EDGE('',*,*,#5024,.T.);
#6945=ORIENTED_EDGE('',*,*,#5025,.T.);
#6946=ORIENTED_EDGE('',*,*,#5026,.F.);
#6947=ORIENTED_EDGE('',*,*,#5027,.T.);
#6948=ORIENTED_EDGE('',*,*,#5028,.T.);
#6949=ORIENTED_EDGE('',*,*,#5029,.T.);
#6950=ORIENTED_EDGE('',*,*,#5024,.F.);
#6951=ORIENTED_EDGE('',*,*,#5030,.T.);
#6952=ORIENTED_EDGE('',*,*,#5031,.T.);
#6953=ORIENTED_EDGE('',*,*,#5032,.T.);
#6954=ORIENTED_EDGE('',*,*,#5028,.F.);
#6955=ORIENTED_EDGE('',*,*,#5033,.F.);
#6956=ORIENTED_EDGE('',*,*,#5026,.T.);
#6957=ORIENTED_EDGE('',*,*,#5034,.T.);
#6958=ORIENTED_EDGE('',*,*,#5031,.F.);
#6959=ORIENTED_EDGE('',*,*,#5034,.F.);
#6960=ORIENTED_EDGE('',*,*,#5025,.F.);
#6961=ORIENTED_EDGE('',*,*,#5029,.F.);
#6962=ORIENTED_EDGE('',*,*,#5032,.F.);
#6963=ORIENTED_EDGE('',*,*,#5033,.T.);
#6964=ORIENTED_EDGE('',*,*,#5030,.F.);
#6965=ORIENTED_EDGE('',*,*,#5027,.F.);
#6966=ORIENTED_EDGE('',*,*,#5023,.F.);
#6967=ORIENTED_EDGE('',*,*,#5035,.T.);
#6968=ORIENTED_EDGE('',*,*,#5036,.T.);
#6969=ORIENTED_EDGE('',*,*,#5037,.T.);
#6970=ORIENTED_EDGE('',*,*,#5038,.F.);
#6971=ORIENTED_EDGE('',*,*,#5039,.T.);
#6972=ORIENTED_EDGE('',*,*,#5040,.T.);
#6973=ORIENTED_EDGE('',*,*,#5041,.T.);
#6974=ORIENTED_EDGE('',*,*,#5036,.F.);
#6975=ORIENTED_EDGE('',*,*,#5042,.T.);
#6976=ORIENTED_EDGE('',*,*,#5043,.T.);
#6977=ORIENTED_EDGE('',*,*,#5044,.T.);
#6978=ORIENTED_EDGE('',*,*,#5040,.F.);
#6979=ORIENTED_EDGE('',*,*,#5045,.F.);
#6980=ORIENTED_EDGE('',*,*,#5038,.T.);
#6981=ORIENTED_EDGE('',*,*,#5046,.T.);
#6982=ORIENTED_EDGE('',*,*,#5043,.F.);
#6983=ORIENTED_EDGE('',*,*,#5046,.F.);
#6984=ORIENTED_EDGE('',*,*,#5037,.F.);
#6985=ORIENTED_EDGE('',*,*,#5041,.F.);
#6986=ORIENTED_EDGE('',*,*,#5044,.F.);
#6987=ORIENTED_EDGE('',*,*,#5045,.T.);
#6988=ORIENTED_EDGE('',*,*,#5042,.F.);
#6989=ORIENTED_EDGE('',*,*,#5039,.F.);
#6990=ORIENTED_EDGE('',*,*,#5035,.F.);
#6991=ORIENTED_EDGE('',*,*,#5047,.T.);
#6992=ORIENTED_EDGE('',*,*,#5048,.T.);
#6993=ORIENTED_EDGE('',*,*,#5049,.T.);
#6994=ORIENTED_EDGE('',*,*,#5050,.F.);
#6995=ORIENTED_EDGE('',*,*,#5051,.T.);
#6996=ORIENTED_EDGE('',*,*,#5052,.T.);
#6997=ORIENTED_EDGE('',*,*,#5053,.T.);
#6998=ORIENTED_EDGE('',*,*,#5048,.F.);
#6999=ORIENTED_EDGE('',*,*,#5054,.T.);
#7000=ORIENTED_EDGE('',*,*,#5055,.T.);
#7001=ORIENTED_EDGE('',*,*,#5056,.T.);
#7002=ORIENTED_EDGE('',*,*,#5052,.F.);
#7003=ORIENTED_EDGE('',*,*,#5057,.F.);
#7004=ORIENTED_EDGE('',*,*,#5050,.T.);
#7005=ORIENTED_EDGE('',*,*,#5058,.T.);
#7006=ORIENTED_EDGE('',*,*,#5055,.F.);
#7007=ORIENTED_EDGE('',*,*,#5058,.F.);
#7008=ORIENTED_EDGE('',*,*,#5049,.F.);
#7009=ORIENTED_EDGE('',*,*,#5053,.F.);
#7010=ORIENTED_EDGE('',*,*,#5056,.F.);
#7011=ORIENTED_EDGE('',*,*,#5057,.T.);
#7012=ORIENTED_EDGE('',*,*,#5054,.F.);
#7013=ORIENTED_EDGE('',*,*,#5051,.F.);
#7014=ORIENTED_EDGE('',*,*,#5047,.F.);
#7015=ORIENTED_EDGE('',*,*,#5059,.F.);
#7016=ORIENTED_EDGE('',*,*,#5060,.T.);
#7017=ORIENTED_EDGE('',*,*,#5061,.F.);
#7018=ORIENTED_EDGE('',*,*,#5062,.F.);
#7019=ORIENTED_EDGE('',*,*,#5063,.F.);
#7020=ORIENTED_EDGE('',*,*,#5062,.T.);
#7021=ORIENTED_EDGE('',*,*,#5064,.F.);
#7022=ORIENTED_EDGE('',*,*,#5065,.F.);
#7023=ORIENTED_EDGE('',*,*,#5066,.F.);
#7024=ORIENTED_EDGE('',*,*,#5065,.T.);
#7025=ORIENTED_EDGE('',*,*,#5067,.F.);
#7026=ORIENTED_EDGE('',*,*,#5068,.F.);
#7027=ORIENTED_EDGE('',*,*,#5069,.T.);
#7028=ORIENTED_EDGE('',*,*,#5068,.T.);
#7029=ORIENTED_EDGE('',*,*,#5070,.F.);
#7030=ORIENTED_EDGE('',*,*,#5060,.F.);
#7031=ORIENTED_EDGE('',*,*,#5070,.T.);
#7032=ORIENTED_EDGE('',*,*,#5067,.T.);
#7033=ORIENTED_EDGE('',*,*,#5064,.T.);
#7034=ORIENTED_EDGE('',*,*,#5061,.T.);
#7035=ORIENTED_EDGE('',*,*,#5069,.F.);
#7036=ORIENTED_EDGE('',*,*,#5059,.T.);
#7037=ORIENTED_EDGE('',*,*,#5063,.T.);
#7038=ORIENTED_EDGE('',*,*,#5066,.T.);
#7039=ORIENTED_EDGE('',*,*,#5071,.T.);
#7040=ORIENTED_EDGE('',*,*,#5072,.T.);
#7041=ORIENTED_EDGE('',*,*,#5073,.T.);
#7042=ORIENTED_EDGE('',*,*,#5074,.T.);
#7043=ORIENTED_EDGE('',*,*,#5075,.F.);
#7044=ORIENTED_EDGE('',*,*,#5076,.F.);
#7045=ORIENTED_EDGE('',*,*,#5077,.F.);
#7046=ORIENTED_EDGE('',*,*,#5072,.F.);
#7047=ORIENTED_EDGE('',*,*,#5077,.T.);
#7048=ORIENTED_EDGE('',*,*,#5078,.F.);
#7049=ORIENTED_EDGE('',*,*,#5079,.F.);
#7050=ORIENTED_EDGE('',*,*,#5073,.F.);
#7051=ORIENTED_EDGE('',*,*,#5079,.T.);
#7052=ORIENTED_EDGE('',*,*,#5080,.F.);
#7053=ORIENTED_EDGE('',*,*,#5081,.F.);
#7054=ORIENTED_EDGE('',*,*,#5074,.F.);
#7055=ORIENTED_EDGE('',*,*,#5081,.T.);
#7056=ORIENTED_EDGE('',*,*,#5082,.F.);
#7057=ORIENTED_EDGE('',*,*,#5075,.T.);
#7058=ORIENTED_EDGE('',*,*,#5071,.F.);
#7059=ORIENTED_EDGE('',*,*,#5082,.T.);
#7060=ORIENTED_EDGE('',*,*,#5080,.T.);
#7061=ORIENTED_EDGE('',*,*,#5078,.T.);
#7062=ORIENTED_EDGE('',*,*,#5076,.T.);
#7063=ORIENTED_EDGE('',*,*,#5083,.T.);
#7064=ORIENTED_EDGE('',*,*,#5084,.T.);
#7065=ORIENTED_EDGE('',*,*,#5085,.T.);
#7066=ORIENTED_EDGE('',*,*,#5086,.T.);
#7067=ORIENTED_EDGE('',*,*,#5087,.F.);
#7068=ORIENTED_EDGE('',*,*,#5088,.F.);
#7069=ORIENTED_EDGE('',*,*,#5089,.F.);
#7070=ORIENTED_EDGE('',*,*,#5084,.F.);
#7071=ORIENTED_EDGE('',*,*,#5089,.T.);
#7072=ORIENTED_EDGE('',*,*,#5090,.F.);
#7073=ORIENTED_EDGE('',*,*,#5091,.T.);
#7074=ORIENTED_EDGE('',*,*,#5085,.F.);
#7075=ORIENTED_EDGE('',*,*,#5091,.F.);
#7076=ORIENTED_EDGE('',*,*,#5092,.F.);
#7077=ORIENTED_EDGE('',*,*,#5093,.F.);
#7078=ORIENTED_EDGE('',*,*,#5086,.F.);
#7079=ORIENTED_EDGE('',*,*,#5093,.T.);
#7080=ORIENTED_EDGE('',*,*,#5094,.F.);
#7081=ORIENTED_EDGE('',*,*,#5087,.T.);
#7082=ORIENTED_EDGE('',*,*,#5083,.F.);
#7083=ORIENTED_EDGE('',*,*,#5094,.T.);
#7084=ORIENTED_EDGE('',*,*,#5092,.T.);
#7085=ORIENTED_EDGE('',*,*,#5090,.T.);
#7086=ORIENTED_EDGE('',*,*,#5088,.T.);
#7087=ORIENTED_EDGE('',*,*,#5095,.T.);
#7088=ORIENTED_EDGE('',*,*,#5096,.T.);
#7089=ORIENTED_EDGE('',*,*,#5097,.T.);
#7090=ORIENTED_EDGE('',*,*,#5098,.T.);
#7091=ORIENTED_EDGE('',*,*,#5099,.F.);
#7092=ORIENTED_EDGE('',*,*,#5100,.F.);
#7093=ORIENTED_EDGE('',*,*,#5101,.F.);
#7094=ORIENTED_EDGE('',*,*,#5096,.F.);
#7095=ORIENTED_EDGE('',*,*,#5101,.T.);
#7096=ORIENTED_EDGE('',*,*,#5102,.F.);
#7097=ORIENTED_EDGE('',*,*,#5103,.T.);
#7098=ORIENTED_EDGE('',*,*,#5097,.F.);
#7099=ORIENTED_EDGE('',*,*,#5103,.F.);
#7100=ORIENTED_EDGE('',*,*,#5104,.F.);
#7101=ORIENTED_EDGE('',*,*,#5105,.F.);
#7102=ORIENTED_EDGE('',*,*,#5098,.F.);
#7103=ORIENTED_EDGE('',*,*,#5105,.T.);
#7104=ORIENTED_EDGE('',*,*,#5106,.F.);
#7105=ORIENTED_EDGE('',*,*,#5099,.T.);
#7106=ORIENTED_EDGE('',*,*,#5095,.F.);
#7107=ORIENTED_EDGE('',*,*,#5106,.T.);
#7108=ORIENTED_EDGE('',*,*,#5104,.T.);
#7109=ORIENTED_EDGE('',*,*,#5102,.T.);
#7110=ORIENTED_EDGE('',*,*,#5100,.T.);
#7111=ORIENTED_EDGE('',*,*,#5107,.T.);
#7112=ORIENTED_EDGE('',*,*,#5108,.T.);
#7113=ORIENTED_EDGE('',*,*,#5109,.T.);
#7114=ORIENTED_EDGE('',*,*,#5110,.T.);
#7115=ORIENTED_EDGE('',*,*,#5111,.F.);
#7116=ORIENTED_EDGE('',*,*,#5112,.T.);
#7117=ORIENTED_EDGE('',*,*,#5113,.F.);
#7118=ORIENTED_EDGE('',*,*,#5110,.F.);
#7119=ORIENTED_EDGE('',*,*,#5114,.T.);
#7120=ORIENTED_EDGE('',*,*,#5115,.T.);
#7121=ORIENTED_EDGE('',*,*,#5111,.T.);
#7122=ORIENTED_EDGE('',*,*,#5109,.F.);
#7123=ORIENTED_EDGE('',*,*,#5116,.F.);
#7124=ORIENTED_EDGE('',*,*,#5117,.T.);
#7125=ORIENTED_EDGE('',*,*,#5114,.F.);
#7126=ORIENTED_EDGE('',*,*,#5108,.F.);
#7127=ORIENTED_EDGE('',*,*,#5113,.T.);
#7128=ORIENTED_EDGE('',*,*,#5118,.T.);
#7129=ORIENTED_EDGE('',*,*,#5116,.T.);
#7130=ORIENTED_EDGE('',*,*,#5107,.F.);
#7131=ORIENTED_EDGE('',*,*,#5118,.F.);
#7132=ORIENTED_EDGE('',*,*,#5112,.F.);
#7133=ORIENTED_EDGE('',*,*,#5115,.F.);
#7134=ORIENTED_EDGE('',*,*,#5117,.F.);
#7135=ORIENTED_EDGE('',*,*,#5119,.T.);
#7136=ORIENTED_EDGE('',*,*,#5120,.T.);
#7137=ORIENTED_EDGE('',*,*,#5121,.T.);
#7138=ORIENTED_EDGE('',*,*,#5122,.T.);
#7139=ORIENTED_EDGE('',*,*,#5123,.T.);
#7140=ORIENTED_EDGE('',*,*,#5124,.T.);
#7141=ORIENTED_EDGE('',*,*,#5125,.F.);
#7142=ORIENTED_EDGE('',*,*,#5122,.F.);
#7143=ORIENTED_EDGE('',*,*,#5126,.F.);
#7144=ORIENTED_EDGE('',*,*,#5127,.T.);
#7145=ORIENTED_EDGE('',*,*,#5123,.F.);
#7146=ORIENTED_EDGE('',*,*,#5121,.F.);
#7147=ORIENTED_EDGE('',*,*,#5128,.T.);
#7148=ORIENTED_EDGE('',*,*,#5129,.T.);
#7149=ORIENTED_EDGE('',*,*,#5126,.T.);
#7150=ORIENTED_EDGE('',*,*,#5120,.F.);
#7151=ORIENTED_EDGE('',*,*,#5125,.T.);
#7152=ORIENTED_EDGE('',*,*,#5130,.T.);
#7153=ORIENTED_EDGE('',*,*,#5128,.F.);
#7154=ORIENTED_EDGE('',*,*,#5119,.F.);
#7155=ORIENTED_EDGE('',*,*,#5130,.F.);
#7156=ORIENTED_EDGE('',*,*,#5124,.F.);
#7157=ORIENTED_EDGE('',*,*,#5127,.F.);
#7158=ORIENTED_EDGE('',*,*,#5129,.F.);
#7159=ORIENTED_EDGE('',*,*,#5131,.T.);
#7160=ORIENTED_EDGE('',*,*,#5132,.T.);
#7161=ORIENTED_EDGE('',*,*,#5133,.T.);
#7162=ORIENTED_EDGE('',*,*,#5134,.T.);
#7163=ORIENTED_EDGE('',*,*,#5135,.F.);
#7164=ORIENTED_EDGE('',*,*,#5136,.T.);
#7165=ORIENTED_EDGE('',*,*,#5137,.F.);
#7166=ORIENTED_EDGE('',*,*,#5134,.F.);
#7167=ORIENTED_EDGE('',*,*,#5138,.T.);
#7168=ORIENTED_EDGE('',*,*,#5139,.T.);
#7169=ORIENTED_EDGE('',*,*,#5135,.T.);
#7170=ORIENTED_EDGE('',*,*,#5133,.F.);
#7171=ORIENTED_EDGE('',*,*,#5140,.F.);
#7172=ORIENTED_EDGE('',*,*,#5141,.T.);
#7173=ORIENTED_EDGE('',*,*,#5138,.F.);
#7174=ORIENTED_EDGE('',*,*,#5132,.F.);
#7175=ORIENTED_EDGE('',*,*,#5137,.T.);
#7176=ORIENTED_EDGE('',*,*,#5142,.T.);
#7177=ORIENTED_EDGE('',*,*,#5140,.T.);
#7178=ORIENTED_EDGE('',*,*,#5131,.F.);
#7179=ORIENTED_EDGE('',*,*,#5142,.F.);
#7180=ORIENTED_EDGE('',*,*,#5136,.F.);
#7181=ORIENTED_EDGE('',*,*,#5139,.F.);
#7182=ORIENTED_EDGE('',*,*,#5141,.F.);
#7183=ORIENTED_EDGE('',*,*,#5143,.T.);
#7184=ORIENTED_EDGE('',*,*,#5144,.T.);
#7185=ORIENTED_EDGE('',*,*,#5145,.T.);
#7186=ORIENTED_EDGE('',*,*,#5146,.T.);
#7187=ORIENTED_EDGE('',*,*,#5147,.F.);
#7188=ORIENTED_EDGE('',*,*,#5148,.T.);
#7189=ORIENTED_EDGE('',*,*,#5149,.F.);
#7190=ORIENTED_EDGE('',*,*,#5146,.F.);
#7191=ORIENTED_EDGE('',*,*,#5150,.T.);
#7192=ORIENTED_EDGE('',*,*,#5151,.T.);
#7193=ORIENTED_EDGE('',*,*,#5147,.T.);
#7194=ORIENTED_EDGE('',*,*,#5145,.F.);
#7195=ORIENTED_EDGE('',*,*,#5152,.F.);
#7196=ORIENTED_EDGE('',*,*,#5153,.T.);
#7197=ORIENTED_EDGE('',*,*,#5150,.F.);
#7198=ORIENTED_EDGE('',*,*,#5144,.F.);
#7199=ORIENTED_EDGE('',*,*,#5149,.T.);
#7200=ORIENTED_EDGE('',*,*,#5154,.T.);
#7201=ORIENTED_EDGE('',*,*,#5152,.T.);
#7202=ORIENTED_EDGE('',*,*,#5143,.F.);
#7203=ORIENTED_EDGE('',*,*,#5154,.F.);
#7204=ORIENTED_EDGE('',*,*,#5148,.F.);
#7205=ORIENTED_EDGE('',*,*,#5151,.F.);
#7206=ORIENTED_EDGE('',*,*,#5153,.F.);
#7207=ORIENTED_EDGE('',*,*,#5155,.T.);
#7208=ORIENTED_EDGE('',*,*,#5156,.T.);
#7209=ORIENTED_EDGE('',*,*,#5157,.T.);
#7210=ORIENTED_EDGE('',*,*,#5158,.T.);
#7211=ORIENTED_EDGE('',*,*,#5159,.T.);
#7212=ORIENTED_EDGE('',*,*,#5160,.T.);
#7213=ORIENTED_EDGE('',*,*,#5161,.F.);
#7214=ORIENTED_EDGE('',*,*,#5158,.F.);
#7215=ORIENTED_EDGE('',*,*,#5162,.F.);
#7216=ORIENTED_EDGE('',*,*,#5163,.T.);
#7217=ORIENTED_EDGE('',*,*,#5159,.F.);
#7218=ORIENTED_EDGE('',*,*,#5157,.F.);
#7219=ORIENTED_EDGE('',*,*,#5164,.T.);
#7220=ORIENTED_EDGE('',*,*,#5165,.T.);
#7221=ORIENTED_EDGE('',*,*,#5162,.T.);
#7222=ORIENTED_EDGE('',*,*,#5156,.F.);
#7223=ORIENTED_EDGE('',*,*,#5161,.T.);
#7224=ORIENTED_EDGE('',*,*,#5166,.T.);
#7225=ORIENTED_EDGE('',*,*,#5164,.F.);
#7226=ORIENTED_EDGE('',*,*,#5155,.F.);
#7227=ORIENTED_EDGE('',*,*,#5166,.F.);
#7228=ORIENTED_EDGE('',*,*,#5160,.F.);
#7229=ORIENTED_EDGE('',*,*,#5163,.F.);
#7230=ORIENTED_EDGE('',*,*,#5165,.F.);
#7231=ORIENTED_EDGE('',*,*,#5167,.T.);
#7232=ORIENTED_EDGE('',*,*,#5168,.T.);
#7233=ORIENTED_EDGE('',*,*,#5169,.T.);
#7234=ORIENTED_EDGE('',*,*,#5170,.T.);
#7235=ORIENTED_EDGE('',*,*,#5171,.F.);
#7236=ORIENTED_EDGE('',*,*,#5172,.T.);
#7237=ORIENTED_EDGE('',*,*,#5173,.F.);
#7238=ORIENTED_EDGE('',*,*,#5170,.F.);
#7239=ORIENTED_EDGE('',*,*,#5174,.T.);
#7240=ORIENTED_EDGE('',*,*,#5175,.T.);
#7241=ORIENTED_EDGE('',*,*,#5171,.T.);
#7242=ORIENTED_EDGE('',*,*,#5169,.F.);
#7243=ORIENTED_EDGE('',*,*,#5176,.F.);
#7244=ORIENTED_EDGE('',*,*,#5177,.T.);
#7245=ORIENTED_EDGE('',*,*,#5174,.F.);
#7246=ORIENTED_EDGE('',*,*,#5168,.F.);
#7247=ORIENTED_EDGE('',*,*,#5173,.T.);
#7248=ORIENTED_EDGE('',*,*,#5178,.T.);
#7249=ORIENTED_EDGE('',*,*,#5176,.T.);
#7250=ORIENTED_EDGE('',*,*,#5167,.F.);
#7251=ORIENTED_EDGE('',*,*,#5178,.F.);
#7252=ORIENTED_EDGE('',*,*,#5172,.F.);
#7253=ORIENTED_EDGE('',*,*,#5175,.F.);
#7254=ORIENTED_EDGE('',*,*,#5177,.F.);
#7255=ORIENTED_EDGE('',*,*,#5179,.T.);
#7256=ORIENTED_EDGE('',*,*,#5180,.T.);
#7257=ORIENTED_EDGE('',*,*,#5181,.T.);
#7258=ORIENTED_EDGE('',*,*,#5182,.T.);
#7259=ORIENTED_EDGE('',*,*,#5183,.F.);
#7260=ORIENTED_EDGE('',*,*,#5184,.F.);
#7261=ORIENTED_EDGE('',*,*,#5185,.F.);
#7262=ORIENTED_EDGE('',*,*,#5180,.F.);
#7263=ORIENTED_EDGE('',*,*,#5185,.T.);
#7264=ORIENTED_EDGE('',*,*,#5186,.F.);
#7265=ORIENTED_EDGE('',*,*,#5187,.F.);
#7266=ORIENTED_EDGE('',*,*,#5181,.F.);
#7267=ORIENTED_EDGE('',*,*,#5187,.T.);
#7268=ORIENTED_EDGE('',*,*,#5188,.F.);
#7269=ORIENTED_EDGE('',*,*,#5189,.T.);
#7270=ORIENTED_EDGE('',*,*,#5182,.F.);
#7271=ORIENTED_EDGE('',*,*,#5189,.F.);
#7272=ORIENTED_EDGE('',*,*,#5190,.F.);
#7273=ORIENTED_EDGE('',*,*,#5183,.T.);
#7274=ORIENTED_EDGE('',*,*,#5179,.F.);
#7275=ORIENTED_EDGE('',*,*,#5190,.T.);
#7276=ORIENTED_EDGE('',*,*,#5188,.T.);
#7277=ORIENTED_EDGE('',*,*,#5186,.T.);
#7278=ORIENTED_EDGE('',*,*,#5184,.T.);
#7279=ORIENTED_EDGE('',*,*,#5191,.T.);
#7280=ORIENTED_EDGE('',*,*,#5192,.T.);
#7281=ORIENTED_EDGE('',*,*,#5193,.T.);
#7282=ORIENTED_EDGE('',*,*,#5194,.T.);
#7283=ORIENTED_EDGE('',*,*,#5195,.F.);
#7284=ORIENTED_EDGE('',*,*,#5196,.F.);
#7285=ORIENTED_EDGE('',*,*,#5197,.F.);
#7286=ORIENTED_EDGE('',*,*,#5192,.F.);
#7287=ORIENTED_EDGE('',*,*,#5197,.T.);
#7288=ORIENTED_EDGE('',*,*,#5198,.F.);
#7289=ORIENTED_EDGE('',*,*,#5199,.F.);
#7290=ORIENTED_EDGE('',*,*,#5193,.F.);
#7291=ORIENTED_EDGE('',*,*,#5199,.T.);
#7292=ORIENTED_EDGE('',*,*,#5200,.F.);
#7293=ORIENTED_EDGE('',*,*,#5201,.F.);
#7294=ORIENTED_EDGE('',*,*,#5194,.F.);
#7295=ORIENTED_EDGE('',*,*,#5201,.T.);
#7296=ORIENTED_EDGE('',*,*,#5202,.F.);
#7297=ORIENTED_EDGE('',*,*,#5195,.T.);
#7298=ORIENTED_EDGE('',*,*,#5191,.F.);
#7299=ORIENTED_EDGE('',*,*,#5202,.T.);
#7300=ORIENTED_EDGE('',*,*,#5200,.T.);
#7301=ORIENTED_EDGE('',*,*,#5198,.T.);
#7302=ORIENTED_EDGE('',*,*,#5196,.T.);
#7303=ORIENTED_EDGE('',*,*,#5203,.T.);
#7304=ORIENTED_EDGE('',*,*,#5204,.T.);
#7305=ORIENTED_EDGE('',*,*,#5205,.T.);
#7306=ORIENTED_EDGE('',*,*,#5206,.T.);
#7307=ORIENTED_EDGE('',*,*,#5207,.F.);
#7308=ORIENTED_EDGE('',*,*,#5208,.F.);
#7309=ORIENTED_EDGE('',*,*,#5209,.F.);
#7310=ORIENTED_EDGE('',*,*,#5204,.F.);
#7311=ORIENTED_EDGE('',*,*,#5209,.T.);
#7312=ORIENTED_EDGE('',*,*,#5210,.F.);
#7313=ORIENTED_EDGE('',*,*,#5211,.T.);
#7314=ORIENTED_EDGE('',*,*,#5205,.F.);
#7315=ORIENTED_EDGE('',*,*,#5211,.F.);
#7316=ORIENTED_EDGE('',*,*,#5212,.F.);
#7317=ORIENTED_EDGE('',*,*,#5213,.F.);
#7318=ORIENTED_EDGE('',*,*,#5206,.F.);
#7319=ORIENTED_EDGE('',*,*,#5213,.T.);
#7320=ORIENTED_EDGE('',*,*,#5214,.F.);
#7321=ORIENTED_EDGE('',*,*,#5207,.T.);
#7322=ORIENTED_EDGE('',*,*,#5203,.F.);
#7323=ORIENTED_EDGE('',*,*,#5214,.T.);
#7324=ORIENTED_EDGE('',*,*,#5212,.T.);
#7325=ORIENTED_EDGE('',*,*,#5210,.T.);
#7326=ORIENTED_EDGE('',*,*,#5208,.T.);
#7327=CONICAL_SURFACE('',#7885,0.165686999420279,0.0872664625997165);
#7328=CONICAL_SURFACE('',#7889,0.165686999420279,0.0872664625997165);
#7329=CONICAL_SURFACE('',#8271,0.15,0.0261799387799149);
#7330=CONICAL_SURFACE('',#8274,0.15,0.0261799387799149);
#7331=CONICAL_SURFACE('',#8277,0.399999999999996,0.0261799387799149);
#7332=CONICAL_SURFACE('',#8279,0.2,0.0261799387799149);
#7333=CONICAL_SURFACE('',#8281,0.2,0.0261799387799149);
#7334=CONICAL_SURFACE('',#8283,0.399999999999998,0.0261799387799149);
#7335=CONICAL_SURFACE('',#8287,0.149999999999998,0.0261799387799149);
#7336=CONICAL_SURFACE('',#8290,0.149999999999998,0.0261799387799149);
#7337=CONICAL_SURFACE('',#8293,0.399999999999999,0.0261799387799149);
#7338=CONICAL_SURFACE('',#8296,0.200000000000001,0.0261799387799149);
#7339=CONICAL_SURFACE('',#8298,0.2,0.0261799387799149);
#7340=CONICAL_SURFACE('',#8300,0.399999999999997,0.0261799387799149);
#7341=ADVANCED_FACE('',(#635),#7327,.T.);
#7342=ADVANCED_FACE('',(#636),#282,.F.);
#7343=ADVANCED_FACE('',(#637),#7328,.T.);
#7344=ADVANCED_FACE('',(#638),#283,.T.);
#7345=ADVANCED_FACE('',(#639),#198,.T.);
#7346=ADVANCED_FACE('',(#640),#284,.T.);
#7347=ADVANCED_FACE('',(#641),#199,.T.);
#7348=ADVANCED_FACE('',(#642),#285,.T.);
#7349=ADVANCED_FACE('',(#643),#200,.T.);
#7350=ADVANCED_FACE('',(#644),#286,.T.);
#7351=ADVANCED_FACE('',(#645),#201,.T.);
#7352=ADVANCED_FACE('',(#646),#287,.T.);
#7353=ADVANCED_FACE('',(#647),#202,.T.);
#7354=ADVANCED_FACE('',(#648),#288,.T.);
#7355=ADVANCED_FACE('',(#649),#203,.T.);
#7356=ADVANCED_FACE('',(#650),#165,.T.);
#7357=ADVANCED_FACE('',(#651),#204,.T.);
#7358=ADVANCED_FACE('',(#652),#166,.T.);
#7359=ADVANCED_FACE('',(#653),#205,.T.);
#7360=ADVANCED_FACE('',(#654),#167,.T.);
#7361=ADVANCED_FACE('',(#655),#206,.T.);
#7362=ADVANCED_FACE('',(#656),#168,.T.);
#7363=ADVANCED_FACE('',(#657),#207,.F.);
#7364=ADVANCED_FACE('',(#658),#289,.F.);
#7365=ADVANCED_FACE('',(#659),#208,.F.);
#7366=ADVANCED_FACE('',(#660),#290,.F.);
#7367=ADVANCED_FACE('',(#661,#145),#291,.T.);
#7368=ADVANCED_FACE('',(#662),#209,.T.);
#7369=ADVANCED_FACE('',(#663),#210,.T.);
#7370=ADVANCED_FACE('',(#664),#211,.T.);
#7371=ADVANCED_FACE('',(#665),#212,.T.);
#7372=ADVANCED_FACE('',(#666),#169,.T.);
#7373=ADVANCED_FACE('',(#667),#213,.T.);
#7374=ADVANCED_FACE('',(#668),#170,.T.);
#7375=ADVANCED_FACE('',(#669),#214,.T.);
#7376=ADVANCED_FACE('',(#670),#171,.T.);
#7377=ADVANCED_FACE('',(#671),#215,.T.);
#7378=ADVANCED_FACE('',(#672),#172,.T.);
#7379=ADVANCED_FACE('',(#673),#216,.T.);
#7380=ADVANCED_FACE('',(#674),#292,.F.);
#7381=ADVANCED_FACE('',(#675),#217,.T.);
#7382=ADVANCED_FACE('',(#676),#293,.F.);
#7383=ADVANCED_FACE('',(#677),#218,.T.);
#7384=ADVANCED_FACE('',(#678),#294,.F.);
#7385=ADVANCED_FACE('',(#679),#173,.T.);
#7386=ADVANCED_FACE('',(#680),#219,.T.);
#7387=ADVANCED_FACE('',(#681),#174,.T.);
#7388=ADVANCED_FACE('',(#682),#220,.T.);
#7389=ADVANCED_FACE('',(#683),#175,.T.);
#7390=ADVANCED_FACE('',(#684),#221,.T.);
#7391=ADVANCED_FACE('',(#685),#176,.T.);
#7392=ADVANCED_FACE('',(#686),#222,.T.);
#7393=ADVANCED_FACE('',(#687),#295,.F.);
#7394=ADVANCED_FACE('',(#688),#223,.F.);
#7395=ADVANCED_FACE('',(#689),#296,.F.);
#7396=ADVANCED_FACE('',(#690),#224,.F.);
#7397=ADVANCED_FACE('',(#691,#146,#147,#148),#297,.T.);
#7398=ADVANCED_FACE('',(#692),#225,.T.);
#7399=ADVANCED_FACE('',(#693),#226,.T.);
#7400=ADVANCED_FACE('',(#694),#227,.T.);
#7401=ADVANCED_FACE('',(#695),#228,.T.);
#7402=ADVANCED_FACE('',(#696),#298,.F.);
#7403=ADVANCED_FACE('',(#697),#299,.F.);
#7404=ADVANCED_FACE('',(#698),#229,.T.);
#7405=ADVANCED_FACE('',(#699),#177,.T.);
#7406=ADVANCED_FACE('',(#700),#230,.T.);
#7407=ADVANCED_FACE('',(#701),#231,.T.);
#7408=ADVANCED_FACE('',(#702),#232,.T.);
#7409=ADVANCED_FACE('',(#703),#178,.T.);
#7410=ADVANCED_FACE('',(#704),#233,.T.);
#7411=ADVANCED_FACE('',(#705),#234,.T.);
#7412=ADVANCED_FACE('',(#706),#300,.T.);
#7413=ADVANCED_FACE('',(#707),#235,.T.);
#7414=ADVANCED_FACE('',(#708),#179,.T.);
#7415=ADVANCED_FACE('',(#709),#236,.T.);
#7416=ADVANCED_FACE('',(#710),#301,.T.);
#7417=ADVANCED_FACE('',(#711),#237,.T.);
#7418=ADVANCED_FACE('',(#712),#238,.T.);
#7419=ADVANCED_FACE('',(#713),#180,.T.);
#7420=ADVANCED_FACE('',(#714),#239,.T.);
#7421=ADVANCED_FACE('',(#715),#240,.T.);
#7422=ADVANCED_FACE('',(#716),#181,.T.);
#7423=ADVANCED_FACE('',(#717),#241,.T.);
#7424=ADVANCED_FACE('',(#718),#242,.T.);
#7425=ADVANCED_FACE('',(#719),#302,.T.);
#7426=ADVANCED_FACE('',(#720),#243,.T.);
#7427=ADVANCED_FACE('',(#721),#244,.T.);
#7428=ADVANCED_FACE('',(#722),#245,.T.);
#7429=ADVANCED_FACE('',(#723),#182,.T.);
#7430=ADVANCED_FACE('',(#724),#246,.T.);
#7431=ADVANCED_FACE('',(#725),#183,.T.);
#7432=ADVANCED_FACE('',(#726),#247,.T.);
#7433=ADVANCED_FACE('',(#727),#248,.T.);
#7434=ADVANCED_FACE('',(#728),#184,.T.);
#7435=ADVANCED_FACE('',(#729),#249,.T.);
#7436=ADVANCED_FACE('',(#730),#185,.T.);
#7437=ADVANCED_FACE('',(#731),#250,.T.);
#7438=ADVANCED_FACE('',(#732),#186,.T.);
#7439=ADVANCED_FACE('',(#733),#251,.T.);
#7440=ADVANCED_FACE('',(#734),#187,.T.);
#7441=ADVANCED_FACE('',(#735),#252,.T.);
#7442=ADVANCED_FACE('',(#736),#188,.T.);
#7443=ADVANCED_FACE('',(#737),#253,.T.);
#7444=ADVANCED_FACE('',(#738),#189,.T.);
#7445=ADVANCED_FACE('',(#739),#254,.T.);
#7446=ADVANCED_FACE('',(#740),#303,.F.);
#7447=ADVANCED_FACE('',(#741),#304,.F.);
#7448=ADVANCED_FACE('',(#742),#255,.F.);
#7449=ADVANCED_FACE('',(#743),#305,.F.);
#7450=ADVANCED_FACE('',(#744),#256,.F.);
#7451=ADVANCED_FACE('',(#745),#306,.F.);
#7452=ADVANCED_FACE('',(#746),#257,.F.);
#7453=ADVANCED_FACE('',(#747),#307,.F.);
#7454=ADVANCED_FACE('',(#748),#258,.F.);
#7455=ADVANCED_FACE('',(#749),#308,.F.);
#7456=ADVANCED_FACE('',(#750,#149),#309,.T.);
#7457=ADVANCED_FACE('',(#751,#150),#310,.T.);
#7458=ADVANCED_FACE('',(#752,#151),#311,.T.);
#7459=ADVANCED_FACE('',(#753,#152),#312,.T.);
#7460=ADVANCED_FACE('',(#754,#153),#313,.T.);
#7461=ADVANCED_FACE('',(#755),#314,.T.);
#7462=ADVANCED_FACE('',(#756),#259,.T.);
#7463=ADVANCED_FACE('',(#757),#315,.T.);
#7464=ADVANCED_FACE('',(#758),#260,.T.);
#7465=ADVANCED_FACE('',(#759),#316,.T.);
#7466=ADVANCED_FACE('',(#760),#317,.T.);
#7467=ADVANCED_FACE('',(#761),#318,.F.);
#7468=ADVANCED_FACE('',(#762),#261,.F.);
#7469=ADVANCED_FACE('',(#763),#319,.F.);
#7470=ADVANCED_FACE('',(#764),#262,.T.);
#7471=ADVANCED_FACE('',(#765),#263,.T.);
#7472=ADVANCED_FACE('',(#766),#264,.F.);
#7473=ADVANCED_FACE('',(#767,#154,#155),#320,.T.);
#7474=ADVANCED_FACE('',(#768),#321,.T.);
#7475=ADVANCED_FACE('',(#769),#322,.F.);
#7476=ADVANCED_FACE('',(#770),#323,.F.);
#7477=ADVANCED_FACE('',(#771),#324,.F.);
#7478=ADVANCED_FACE('',(#772),#265,.F.);
#7479=ADVANCED_FACE('',(#773),#325,.F.);
#7480=ADVANCED_FACE('',(#774),#266,.F.);
#7481=ADVANCED_FACE('',(#775),#326,.F.);
#7482=ADVANCED_FACE('',(#776),#327,.T.);
#7483=ADVANCED_FACE('',(#777),#267,.T.);
#7484=ADVANCED_FACE('',(#778),#328,.F.);
#7485=ADVANCED_FACE('',(#779),#268,.T.);
#7486=ADVANCED_FACE('',(#780),#329,.F.);
#7487=ADVANCED_FACE('',(#781),#269,.F.);
#7488=ADVANCED_FACE('',(#782),#330,.F.);
#7489=ADVANCED_FACE('',(#783),#270,.F.);
#7490=ADVANCED_FACE('',(#784),#331,.F.);
#7491=ADVANCED_FACE('',(#785),#271,.F.);
#7492=ADVANCED_FACE('',(#786),#332,.F.);
#7493=ADVANCED_FACE('',(#787),#333,.F.);
#7494=ADVANCED_FACE('',(#788),#334,.F.);
#7495=ADVANCED_FACE('',(#789),#272,.F.);
#7496=ADVANCED_FACE('',(#790,#156,#157,#158),#335,.T.);
#7497=ADVANCED_FACE('',(#791),#336,.F.);
#7498=ADVANCED_FACE('',(#792),#337,.F.);
#7499=ADVANCED_FACE('',(#793),#338,.F.);
#7500=ADVANCED_FACE('',(#794),#339,.F.);
#7501=ADVANCED_FACE('',(#795),#340,.F.);
#7502=ADVANCED_FACE('',(#796),#341,.F.);
#7503=ADVANCED_FACE('',(#797,#159),#342,.F.);
#7504=ADVANCED_FACE('',(#798),#273,.T.);
#7505=ADVANCED_FACE('',(#799),#190,.T.);
#7506=ADVANCED_FACE('',(#800),#274,.T.);
#7507=ADVANCED_FACE('',(#801),#191,.T.);
#7508=ADVANCED_FACE('',(#802),#275,.T.);
#7509=ADVANCED_FACE('',(#803),#192,.T.);
#7510=ADVANCED_FACE('',(#804),#276,.T.);
#7511=ADVANCED_FACE('',(#805),#193,.T.);
#7512=ADVANCED_FACE('',(#806),#277,.T.);
#7513=ADVANCED_FACE('',(#807),#194,.T.);
#7514=ADVANCED_FACE('',(#808),#278,.T.);
#7515=ADVANCED_FACE('',(#809),#195,.T.);
#7516=ADVANCED_FACE('',(#810),#279,.T.);
#7517=ADVANCED_FACE('',(#811),#196,.T.);
#7518=ADVANCED_FACE('',(#812),#197,.T.);
#7519=ADVANCED_FACE('',(#813),#7329,.F.);
#7520=ADVANCED_FACE('',(#814),#343,.T.);
#7521=ADVANCED_FACE('',(#815),#7330,.F.);
#7522=ADVANCED_FACE('',(#816),#344,.T.);
#7523=ADVANCED_FACE('',(#817),#7331,.T.);
#7524=ADVANCED_FACE('',(#818),#7332,.T.);
#7525=ADVANCED_FACE('',(#819),#7333,.T.);
#7526=ADVANCED_FACE('',(#820),#7334,.T.);
#7527=ADVANCED_FACE('',(#821),#345,.T.);
#7528=ADVANCED_FACE('',(#822),#346,.T.);
#7529=ADVANCED_FACE('',(#823),#7335,.F.);
#7530=ADVANCED_FACE('',(#824),#347,.T.);
#7531=ADVANCED_FACE('',(#825),#7336,.F.);
#7532=ADVANCED_FACE('',(#826),#348,.T.);
#7533=ADVANCED_FACE('',(#827),#7337,.T.);
#7534=ADVANCED_FACE('',(#828),#349,.T.);
#7535=ADVANCED_FACE('',(#829),#7338,.T.);
#7536=ADVANCED_FACE('',(#830),#7339,.T.);
#7537=ADVANCED_FACE('',(#831),#7340,.T.);
#7538=ADVANCED_FACE('',(#832),#350,.T.);
#7539=ADVANCED_FACE('',(#833),#351,.F.);
#7540=ADVANCED_FACE('',(#834),#352,.F.);
#7541=ADVANCED_FACE('',(#835),#353,.F.);
#7542=ADVANCED_FACE('',(#836),#354,.F.);
#7543=ADVANCED_FACE('',(#837),#355,.F.);
#7544=ADVANCED_FACE('',(#838),#356,.F.);
#7545=ADVANCED_FACE('',(#839),#357,.T.);
#7546=ADVANCED_FACE('',(#840),#358,.T.);
#7547=ADVANCED_FACE('',(#841),#359,.T.);
#7548=ADVANCED_FACE('',(#842),#360,.T.);
#7549=ADVANCED_FACE('',(#843,#160),#361,.T.);
#7550=ADVANCED_FACE('',(#844),#362,.F.);
#7551=ADVANCED_FACE('',(#845),#280,.F.);
#7552=ADVANCED_FACE('',(#846),#363,.T.);
#7553=ADVANCED_FACE('',(#847),#364,.T.);
#7554=ADVANCED_FACE('',(#848),#365,.T.);
#7555=ADVANCED_FACE('',(#849),#366,.T.);
#7556=ADVANCED_FACE('',(#850,#161),#367,.T.);
#7557=ADVANCED_FACE('',(#851,#162),#368,.F.);
#7558=ADVANCED_FACE('',(#852),#281,.F.);
#7559=ADVANCED_FACE('',(#853),#369,.F.);
#7560=ADVANCED_FACE('',(#854),#370,.F.);
#7561=ADVANCED_FACE('',(#855),#371,.F.);
#7562=ADVANCED_FACE('',(#856),#372,.F.);
#7563=ADVANCED_FACE('',(#857,#163),#373,.F.);
#7564=ADVANCED_FACE('',(#858,#164),#374,.T.);
#7565=ADVANCED_FACE('',(#859),#375,.T.);
#7566=ADVANCED_FACE('',(#860),#376,.T.);
#7567=ADVANCED_FACE('',(#861),#377,.T.);
#7568=ADVANCED_FACE('',(#862),#378,.T.);
#7569=ADVANCED_FACE('',(#863),#379,.T.);
#7570=ADVANCED_FACE('',(#864),#380,.F.);
#7571=ADVANCED_FACE('',(#865),#381,.T.);
#7572=ADVANCED_FACE('',(#866),#382,.T.);
#7573=ADVANCED_FACE('',(#867),#383,.T.);
#7574=ADVANCED_FACE('',(#868),#384,.T.);
#7575=ADVANCED_FACE('',(#869),#385,.T.);
#7576=ADVANCED_FACE('',(#870),#386,.F.);
#7577=ADVANCED_FACE('',(#871),#387,.T.);
#7578=ADVANCED_FACE('',(#872),#388,.T.);
#7579=ADVANCED_FACE('',(#873),#389,.T.);
#7580=ADVANCED_FACE('',(#874),#390,.T.);
#7581=ADVANCED_FACE('',(#875),#391,.T.);
#7582=ADVANCED_FACE('',(#876),#392,.F.);
#7583=ADVANCED_FACE('',(#877),#393,.T.);
#7584=ADVANCED_FACE('',(#878),#394,.T.);
#7585=ADVANCED_FACE('',(#879),#395,.F.);
#7586=ADVANCED_FACE('',(#880),#396,.F.);
#7587=ADVANCED_FACE('',(#881),#397,.F.);
#7588=ADVANCED_FACE('',(#882),#398,.F.);
#7589=ADVANCED_FACE('',(#883),#399,.F.);
#7590=ADVANCED_FACE('',(#884),#400,.T.);
#7591=ADVANCED_FACE('',(#885),#401,.F.);
#7592=ADVANCED_FACE('',(#886),#402,.F.);
#7593=ADVANCED_FACE('',(#887),#403,.F.);
#7594=ADVANCED_FACE('',(#888),#404,.F.);
#7595=ADVANCED_FACE('',(#889),#405,.F.);
#7596=ADVANCED_FACE('',(#890),#406,.T.);
#7597=ADVANCED_FACE('',(#891),#407,.T.);
#7598=ADVANCED_FACE('',(#892),#408,.T.);
#7599=ADVANCED_FACE('',(#893),#409,.T.);
#7600=ADVANCED_FACE('',(#894),#410,.T.);
#7601=ADVANCED_FACE('',(#895),#411,.T.);
#7602=ADVANCED_FACE('',(#896),#412,.F.);
#7603=ADVANCED_FACE('',(#897),#413,.T.);
#7604=ADVANCED_FACE('',(#898),#414,.T.);
#7605=ADVANCED_FACE('',(#899),#415,.T.);
#7606=ADVANCED_FACE('',(#900),#416,.T.);
#7607=ADVANCED_FACE('',(#901),#417,.T.);
#7608=ADVANCED_FACE('',(#902),#418,.F.);
#7609=ADVANCED_FACE('',(#903),#419,.T.);
#7610=ADVANCED_FACE('',(#904),#420,.T.);
#7611=ADVANCED_FACE('',(#905),#421,.T.);
#7612=ADVANCED_FACE('',(#906),#422,.T.);
#7613=ADVANCED_FACE('',(#907),#423,.T.);
#7614=ADVANCED_FACE('',(#908),#424,.F.);
#7615=ADVANCED_FACE('',(#909),#425,.T.);
#7616=ADVANCED_FACE('',(#910),#426,.T.);
#7617=ADVANCED_FACE('',(#911),#427,.T.);
#7618=ADVANCED_FACE('',(#912),#428,.T.);
#7619=ADVANCED_FACE('',(#913),#429,.T.);
#7620=ADVANCED_FACE('',(#914),#430,.F.);
#7621=ADVANCED_FACE('',(#915),#431,.T.);
#7622=ADVANCED_FACE('',(#916),#432,.T.);
#7623=ADVANCED_FACE('',(#917),#433,.T.);
#7624=ADVANCED_FACE('',(#918),#434,.T.);
#7625=ADVANCED_FACE('',(#919),#435,.T.);
#7626=ADVANCED_FACE('',(#920),#436,.F.);
#7627=ADVANCED_FACE('',(#921),#437,.T.);
#7628=ADVANCED_FACE('',(#922),#438,.T.);
#7629=ADVANCED_FACE('',(#923),#439,.T.);
#7630=ADVANCED_FACE('',(#924),#440,.T.);
#7631=ADVANCED_FACE('',(#925),#441,.T.);
#7632=ADVANCED_FACE('',(#926),#442,.F.);
#7633=ADVANCED_FACE('',(#927),#443,.T.);
#7634=ADVANCED_FACE('',(#928),#444,.T.);
#7635=ADVANCED_FACE('',(#929),#445,.T.);
#7636=ADVANCED_FACE('',(#930),#446,.T.);
#7637=ADVANCED_FACE('',(#931),#447,.T.);
#7638=ADVANCED_FACE('',(#932),#448,.F.);
#7639=ADVANCED_FACE('',(#933),#449,.T.);
#7640=ADVANCED_FACE('',(#934),#450,.T.);
#7641=ADVANCED_FACE('',(#935),#451,.T.);
#7642=ADVANCED_FACE('',(#936),#452,.T.);
#7643=ADVANCED_FACE('',(#937),#453,.T.);
#7644=ADVANCED_FACE('',(#938),#454,.F.);
#7645=ADVANCED_FACE('',(#939),#455,.T.);
#7646=ADVANCED_FACE('',(#940),#456,.T.);
#7647=ADVANCED_FACE('',(#941),#457,.T.);
#7648=ADVANCED_FACE('',(#942),#458,.T.);
#7649=ADVANCED_FACE('',(#943),#459,.T.);
#7650=ADVANCED_FACE('',(#944),#460,.F.);
#7651=ADVANCED_FACE('',(#945),#461,.T.);
#7652=ADVANCED_FACE('',(#946),#462,.T.);
#7653=ADVANCED_FACE('',(#947),#463,.T.);
#7654=ADVANCED_FACE('',(#948),#464,.T.);
#7655=ADVANCED_FACE('',(#949),#465,.T.);
#7656=ADVANCED_FACE('',(#950),#466,.F.);
#7657=ADVANCED_FACE('',(#951),#467,.F.);
#7658=ADVANCED_FACE('',(#952),#468,.F.);
#7659=ADVANCED_FACE('',(#953),#469,.F.);
#7660=ADVANCED_FACE('',(#954),#470,.F.);
#7661=ADVANCED_FACE('',(#955),#471,.F.);
#7662=ADVANCED_FACE('',(#956),#472,.T.);
#7663=ADVANCED_FACE('',(#957),#473,.F.);
#7664=ADVANCED_FACE('',(#958),#474,.F.);
#7665=ADVANCED_FACE('',(#959),#475,.F.);
#7666=ADVANCED_FACE('',(#960),#476,.F.);
#7667=ADVANCED_FACE('',(#961),#477,.F.);
#7668=ADVANCED_FACE('',(#962),#478,.T.);
#7669=ADVANCED_FACE('',(#963),#479,.F.);
#7670=ADVANCED_FACE('',(#964),#480,.F.);
#7671=ADVANCED_FACE('',(#965),#481,.F.);
#7672=ADVANCED_FACE('',(#966),#482,.F.);
#7673=ADVANCED_FACE('',(#967),#483,.F.);
#7674=ADVANCED_FACE('',(#968),#484,.T.);
#7675=ADVANCED_FACE('',(#969),#485,.F.);
#7676=ADVANCED_FACE('',(#970),#486,.F.);
#7677=ADVANCED_FACE('',(#971),#487,.F.);
#7678=ADVANCED_FACE('',(#972),#488,.F.);
#7679=ADVANCED_FACE('',(#973),#489,.F.);
#7680=ADVANCED_FACE('',(#974),#490,.T.);
#7681=ADVANCED_FACE('',(#975),#491,.F.);
#7682=ADVANCED_FACE('',(#976),#492,.F.);
#7683=ADVANCED_FACE('',(#977),#493,.F.);
#7684=ADVANCED_FACE('',(#978),#494,.F.);
#7685=ADVANCED_FACE('',(#979),#495,.F.);
#7686=ADVANCED_FACE('',(#980),#496,.T.);
#7687=ADVANCED_FACE('',(#981),#497,.F.);
#7688=ADVANCED_FACE('',(#982),#498,.F.);
#7689=ADVANCED_FACE('',(#983),#499,.F.);
#7690=ADVANCED_FACE('',(#984),#500,.F.);
#7691=ADVANCED_FACE('',(#985),#501,.F.);
#7692=ADVANCED_FACE('',(#986),#502,.T.);
#7693=ADVANCED_FACE('',(#987),#503,.F.);
#7694=ADVANCED_FACE('',(#988),#504,.F.);
#7695=ADVANCED_FACE('',(#989),#505,.F.);
#7696=ADVANCED_FACE('',(#990),#506,.F.);
#7697=ADVANCED_FACE('',(#991),#507,.F.);
#7698=ADVANCED_FACE('',(#992),#508,.T.);
#7699=ADVANCED_FACE('',(#993),#509,.F.);
#7700=ADVANCED_FACE('',(#994),#510,.F.);
#7701=ADVANCED_FACE('',(#995),#511,.F.);
#7702=ADVANCED_FACE('',(#996),#512,.F.);
#7703=ADVANCED_FACE('',(#997),#513,.F.);
#7704=ADVANCED_FACE('',(#998),#514,.T.);
#7705=ADVANCED_FACE('',(#999),#515,.F.);
#7706=ADVANCED_FACE('',(#1000),#516,.F.);
#7707=ADVANCED_FACE('',(#1001),#517,.F.);
#7708=ADVANCED_FACE('',(#1002),#518,.F.);
#7709=ADVANCED_FACE('',(#1003),#519,.F.);
#7710=ADVANCED_FACE('',(#1004),#520,.T.);
#7711=ADVANCED_FACE('',(#1005),#521,.F.);
#7712=ADVANCED_FACE('',(#1006),#522,.F.);
#7713=ADVANCED_FACE('',(#1007),#523,.F.);
#7714=ADVANCED_FACE('',(#1008),#524,.F.);
#7715=ADVANCED_FACE('',(#1009),#525,.F.);
#7716=ADVANCED_FACE('',(#1010),#526,.T.);
#7717=ADVANCED_FACE('',(#1011),#527,.T.);
#7718=ADVANCED_FACE('',(#1012),#528,.T.);
#7719=ADVANCED_FACE('',(#1013),#529,.T.);
#7720=ADVANCED_FACE('',(#1014),#530,.T.);
#7721=ADVANCED_FACE('',(#1015),#531,.T.);
#7722=ADVANCED_FACE('',(#1016),#532,.F.);
#7723=ADVANCED_FACE('',(#1017),#533,.T.);
#7724=ADVANCED_FACE('',(#1018),#534,.T.);
#7725=ADVANCED_FACE('',(#1019),#535,.T.);
#7726=ADVANCED_FACE('',(#1020),#536,.T.);
#7727=ADVANCED_FACE('',(#1021),#537,.T.);
#7728=ADVANCED_FACE('',(#1022),#538,.F.);
#7729=ADVANCED_FACE('',(#1023),#539,.F.);
#7730=ADVANCED_FACE('',(#1024),#540,.F.);
#7731=ADVANCED_FACE('',(#1025),#541,.F.);
#7732=ADVANCED_FACE('',(#1026),#542,.F.);
#7733=ADVANCED_FACE('',(#1027),#543,.F.);
#7734=ADVANCED_FACE('',(#1028),#544,.T.);
#7735=ADVANCED_FACE('',(#1029),#545,.F.);
#7736=ADVANCED_FACE('',(#1030),#546,.F.);
#7737=ADVANCED_FACE('',(#1031),#547,.F.);
#7738=ADVANCED_FACE('',(#1032),#548,.F.);
#7739=ADVANCED_FACE('',(#1033),#549,.F.);
#7740=ADVANCED_FACE('',(#1034),#550,.T.);
#7741=ADVANCED_FACE('',(#1035),#551,.F.);
#7742=ADVANCED_FACE('',(#1036),#552,.F.);
#7743=ADVANCED_FACE('',(#1037),#553,.F.);
#7744=ADVANCED_FACE('',(#1038),#554,.F.);
#7745=ADVANCED_FACE('',(#1039),#555,.F.);
#7746=ADVANCED_FACE('',(#1040),#556,.T.);
#7747=ADVANCED_FACE('',(#1041),#557,.T.);
#7748=ADVANCED_FACE('',(#1042),#558,.T.);
#7749=ADVANCED_FACE('',(#1043),#559,.T.);
#7750=ADVANCED_FACE('',(#1044),#560,.T.);
#7751=ADVANCED_FACE('',(#1045),#561,.T.);
#7752=ADVANCED_FACE('',(#1046),#562,.F.);
#7753=ADVANCED_FACE('',(#1047),#563,.T.);
#7754=ADVANCED_FACE('',(#1048),#564,.T.);
#7755=ADVANCED_FACE('',(#1049),#565,.T.);
#7756=ADVANCED_FACE('',(#1050),#566,.T.);
#7757=ADVANCED_FACE('',(#1051),#567,.T.);
#7758=ADVANCED_FACE('',(#1052),#568,.T.);
#7759=ADVANCED_FACE('',(#1053),#569,.T.);
#7760=ADVANCED_FACE('',(#1054),#570,.T.);
#7761=ADVANCED_FACE('',(#1055),#571,.T.);
#7762=ADVANCED_FACE('',(#1056),#572,.T.);
#7763=ADVANCED_FACE('',(#1057),#573,.T.);
#7764=ADVANCED_FACE('',(#1058),#574,.T.);
#7765=ADVANCED_FACE('',(#1059),#575,.T.);
#7766=ADVANCED_FACE('',(#1060),#576,.T.);
#7767=ADVANCED_FACE('',(#1061),#577,.T.);
#7768=ADVANCED_FACE('',(#1062),#578,.T.);
#7769=ADVANCED_FACE('',(#1063),#579,.T.);
#7770=ADVANCED_FACE('',(#1064),#580,.T.);
#7771=ADVANCED_FACE('',(#1065),#581,.T.);
#7772=ADVANCED_FACE('',(#1066),#582,.F.);
#7773=ADVANCED_FACE('',(#1067),#583,.F.);
#7774=ADVANCED_FACE('',(#1068),#584,.F.);
#7775=ADVANCED_FACE('',(#1069),#585,.F.);
#7776=ADVANCED_FACE('',(#1070),#586,.F.);
#7777=ADVANCED_FACE('',(#1071),#587,.T.);
#7778=ADVANCED_FACE('',(#1072),#588,.F.);
#7779=ADVANCED_FACE('',(#1073),#589,.F.);
#7780=ADVANCED_FACE('',(#1074),#590,.F.);
#7781=ADVANCED_FACE('',(#1075),#591,.F.);
#7782=ADVANCED_FACE('',(#1076),#592,.F.);
#7783=ADVANCED_FACE('',(#1077),#593,.T.);
#7784=ADVANCED_FACE('',(#1078),#594,.F.);
#7785=ADVANCED_FACE('',(#1079),#595,.F.);
#7786=ADVANCED_FACE('',(#1080),#596,.F.);
#7787=ADVANCED_FACE('',(#1081),#597,.F.);
#7788=ADVANCED_FACE('',(#1082),#598,.F.);
#7789=ADVANCED_FACE('',(#1083),#599,.T.);
#7790=ADVANCED_FACE('',(#1084),#600,.F.);
#7791=ADVANCED_FACE('',(#1085),#601,.F.);
#7792=ADVANCED_FACE('',(#1086),#602,.F.);
#7793=ADVANCED_FACE('',(#1087),#603,.F.);
#7794=ADVANCED_FACE('',(#1088),#604,.F.);
#7795=ADVANCED_FACE('',(#1089),#605,.T.);
#7796=ADVANCED_FACE('',(#1090),#606,.F.);
#7797=ADVANCED_FACE('',(#1091),#607,.F.);
#7798=ADVANCED_FACE('',(#1092),#608,.F.);
#7799=ADVANCED_FACE('',(#1093),#609,.F.);
#7800=ADVANCED_FACE('',(#1094),#610,.F.);
#7801=ADVANCED_FACE('',(#1095),#611,.T.);
#7802=ADVANCED_FACE('',(#1096),#612,.F.);
#7803=ADVANCED_FACE('',(#1097),#613,.F.);
#7804=ADVANCED_FACE('',(#1098),#614,.F.);
#7805=ADVANCED_FACE('',(#1099),#615,.F.);
#7806=ADVANCED_FACE('',(#1100),#616,.F.);
#7807=ADVANCED_FACE('',(#1101),#617,.T.);
#7808=ADVANCED_FACE('',(#1102),#618,.T.);
#7809=ADVANCED_FACE('',(#1103),#619,.T.);
#7810=ADVANCED_FACE('',(#1104),#620,.T.);
#7811=ADVANCED_FACE('',(#1105),#621,.T.);
#7812=ADVANCED_FACE('',(#1106),#622,.T.);
#7813=ADVANCED_FACE('',(#1107),#623,.T.);
#7814=ADVANCED_FACE('',(#1108),#624,.T.);
#7815=ADVANCED_FACE('',(#1109),#625,.T.);
#7816=ADVANCED_FACE('',(#1110),#626,.T.);
#7817=ADVANCED_FACE('',(#1111),#627,.T.);
#7818=ADVANCED_FACE('',(#1112),#628,.T.);
#7819=ADVANCED_FACE('',(#1113),#629,.T.);
#7820=ADVANCED_FACE('',(#1114),#630,.T.);
#7821=ADVANCED_FACE('',(#1115),#631,.T.);
#7822=ADVANCED_FACE('',(#1116),#632,.T.);
#7823=ADVANCED_FACE('',(#1117),#633,.T.);
#7824=ADVANCED_FACE('',(#1118),#634,.T.);
#7825=CLOSED_SHELL('',(#7341,#7342,#7343,#7344,#7345,#7346,#7347,#7348,
#7349,#7350,#7351,#7352,#7353,#7354,#7355,#7356,#7357,#7358,#7359,#7360,
#7361,#7362,#7363,#7364,#7365,#7366,#7367,#7368,#7369,#7370,#7371,#7372,
#7373,#7374,#7375,#7376,#7377,#7378,#7379,#7380,#7381,#7382,#7383,#7384,
#7385,#7386,#7387,#7388,#7389,#7390,#7391,#7392,#7393,#7394,#7395,#7396,
#7397,#7398,#7399,#7400,#7401,#7402,#7403,#7404,#7405,#7406,#7407,#7408,
#7409,#7410,#7411,#7412,#7413,#7414,#7415,#7416,#7417,#7418,#7419,#7420,
#7421,#7422,#7423,#7424,#7425,#7426,#7427,#7428,#7429,#7430,#7431,#7432,
#7433,#7434,#7435,#7436,#7437,#7438,#7439,#7440,#7441,#7442,#7443,#7444,
#7445,#7446,#7447,#7448,#7449,#7450,#7451,#7452,#7453,#7454,#7455,#7456,
#7457,#7458,#7459,#7460,#7461,#7462,#7463,#7464,#7465,#7466,#7467,#7468,
#7469,#7470,#7471,#7472,#7473,#7474,#7475,#7476,#7477,#7478,#7479,#7480,
#7481,#7482,#7483,#7484,#7485,#7486,#7487,#7488,#7489,#7490,#7491,#7492,
#7493,#7494,#7495,#7496,#7497,#7498,#7499,#7500,#7501,#7502,#7503,#7504,
#7505,#7506,#7507,#7508,#7509,#7510,#7511,#7512,#7513,#7514,#7515,#7516,
#7517,#7518,#7519,#7520,#7521,#7522,#7523,#7524,#7525,#7526,#7527,#7528,
#7529,#7530,#7531,#7532,#7533,#7534,#7535,#7536,#7537,#7538,#7539));
#7826=CLOSED_SHELL('',(#7540,#7541,#7542,#7543,#7544,#7545,#7546,#7547,
#7548,#7549,#7550));
#7827=CLOSED_SHELL('',(#7551,#7552,#7553,#7554,#7555,#7556,#7557));
#7828=CLOSED_SHELL('',(#7558,#7559,#7560,#7561,#7562,#7563,#7564));
#7829=CLOSED_SHELL('',(#7565,#7566,#7567,#7568,#7569,#7570));
#7830=CLOSED_SHELL('',(#7571,#7572,#7573,#7574,#7575,#7576));
#7831=CLOSED_SHELL('',(#7577,#7578,#7579,#7580,#7581,#7582));
#7832=CLOSED_SHELL('',(#7583,#7584,#7585,#7586,#7587,#7588,#7589,#7590));
#7833=CLOSED_SHELL('',(#7591,#7592,#7593,#7594,#7595,#7596));
#7834=CLOSED_SHELL('',(#7597,#7598,#7599,#7600,#7601,#7602));
#7835=CLOSED_SHELL('',(#7603,#7604,#7605,#7606,#7607,#7608));
#7836=CLOSED_SHELL('',(#7609,#7610,#7611,#7612,#7613,#7614));
#7837=CLOSED_SHELL('',(#7615,#7616,#7617,#7618,#7619,#7620));
#7838=CLOSED_SHELL('',(#7621,#7622,#7623,#7624,#7625,#7626));
#7839=CLOSED_SHELL('',(#7627,#7628,#7629,#7630,#7631,#7632));
#7840=CLOSED_SHELL('',(#7633,#7634,#7635,#7636,#7637,#7638));
#7841=CLOSED_SHELL('',(#7639,#7640,#7641,#7642,#7643,#7644));
#7842=CLOSED_SHELL('',(#7645,#7646,#7647,#7648,#7649,#7650));
#7843=CLOSED_SHELL('',(#7651,#7652,#7653,#7654,#7655,#7656));
#7844=CLOSED_SHELL('',(#7657,#7658,#7659,#7660,#7661,#7662));
#7845=CLOSED_SHELL('',(#7663,#7664,#7665,#7666,#7667,#7668));
#7846=CLOSED_SHELL('',(#7669,#7670,#7671,#7672,#7673,#7674));
#7847=CLOSED_SHELL('',(#7675,#7676,#7677,#7678,#7679,#7680));
#7848=CLOSED_SHELL('',(#7681,#7682,#7683,#7684,#7685,#7686));
#7849=CLOSED_SHELL('',(#7687,#7688,#7689,#7690,#7691,#7692));
#7850=CLOSED_SHELL('',(#7693,#7694,#7695,#7696,#7697,#7698));
#7851=CLOSED_SHELL('',(#7699,#7700,#7701,#7702,#7703,#7704));
#7852=CLOSED_SHELL('',(#7705,#7706,#7707,#7708,#7709,#7710));
#7853=CLOSED_SHELL('',(#7711,#7712,#7713,#7714,#7715,#7716));
#7854=CLOSED_SHELL('',(#7717,#7718,#7719,#7720,#7721,#7722));
#7855=CLOSED_SHELL('',(#7723,#7724,#7725,#7726,#7727,#7728));
#7856=CLOSED_SHELL('',(#7729,#7730,#7731,#7732,#7733,#7734));
#7857=CLOSED_SHELL('',(#7735,#7736,#7737,#7738,#7739,#7740));
#7858=CLOSED_SHELL('',(#7741,#7742,#7743,#7744,#7745,#7746));
#7859=CLOSED_SHELL('',(#7747,#7748,#7749,#7750,#7751,#7752));
#7860=CLOSED_SHELL('',(#7753,#7754,#7755,#7756,#7757,#7758));
#7861=CLOSED_SHELL('',(#7759,#7760,#7761,#7762,#7763,#7764));
#7862=CLOSED_SHELL('',(#7765,#7766,#7767,#7768,#7769,#7770));
#7863=CLOSED_SHELL('',(#7771,#7772,#7773,#7774,#7775,#7776));
#7864=CLOSED_SHELL('',(#7777,#7778,#7779,#7780,#7781,#7782));
#7865=CLOSED_SHELL('',(#7783,#7784,#7785,#7786,#7787,#7788));
#7866=CLOSED_SHELL('',(#7789,#7790,#7791,#7792,#7793,#7794));
#7867=CLOSED_SHELL('',(#7795,#7796,#7797,#7798,#7799,#7800));
#7868=CLOSED_SHELL('',(#7801,#7802,#7803,#7804,#7805,#7806));
#7869=CLOSED_SHELL('',(#7807,#7808,#7809,#7810,#7811,#7812));
#7870=CLOSED_SHELL('',(#7813,#7814,#7815,#7816,#7817,#7818));
#7871=CLOSED_SHELL('',(#7819,#7820,#7821,#7822,#7823,#7824));
#7872=DERIVED_UNIT_ELEMENT(#7874,1.);
#7873=DERIVED_UNIT_ELEMENT(#13071,-3.);
#7874=(
MASS_UNIT()
NAMED_UNIT(*)
SI_UNIT(.KILO.,.GRAM.)
);
#7875=DERIVED_UNIT((#7872,#7873));
#7876=MEASURE_REPRESENTATION_ITEM('density measure',
POSITIVE_RATIO_MEASURE(7850.),#7875);
#7877=PROPERTY_DEFINITION_REPRESENTATION(#7882,#7879);
#7878=PROPERTY_DEFINITION_REPRESENTATION(#7883,#7880);
#7879=REPRESENTATION('material name',(#7881),#13068);
#7880=REPRESENTATION('density',(#7876),#13068);
#7881=DESCRIPTIVE_REPRESENTATION_ITEM('Steel','Steel');
#7882=PROPERTY_DEFINITION('material property','material name',#13078);
#7883=PROPERTY_DEFINITION('material property','density of part',#13078);
#7884=AXIS2_PLACEMENT_3D('',#10843,#8593,#8594);
#7885=AXIS2_PLACEMENT_3D('',#10844,#8595,#8596);
#7886=AXIS2_PLACEMENT_3D('',#10846,#8597,#8598);
#7887=AXIS2_PLACEMENT_3D('',#10849,#8600,#8601);
#7888=AXIS2_PLACEMENT_3D('',#10850,#8602,#8603);
#7889=AXIS2_PLACEMENT_3D('',#10851,#8604,#8605);
#7890=AXIS2_PLACEMENT_3D('',#10853,#8606,#8607);
#7891=AXIS2_PLACEMENT_3D('',#10856,#8609,#8610);
#7892=AXIS2_PLACEMENT_3D('',#10857,#8611,#8612);
#7893=AXIS2_PLACEMENT_3D('',#10858,#8613,#8614);
#7894=AXIS2_PLACEMENT_3D('',#10860,#8615,#8616);
#7895=AXIS2_PLACEMENT_3D('',#10863,#8618,#8619);
#7896=AXIS2_PLACEMENT_3D('',#10864,#8620,#8621);
#7897=AXIS2_PLACEMENT_3D('',#10865,#8622,#8623);
#7898=AXIS2_PLACEMENT_3D('',#10867,#8624,#8625);
#7899=AXIS2_PLACEMENT_3D('',#10870,#8627,#8628);
#7900=AXIS2_PLACEMENT_3D('',#10871,#8629,#8630);
#7901=AXIS2_PLACEMENT_3D('',#10872,#8631,#8632);
#7902=AXIS2_PLACEMENT_3D('',#10874,#8633,#8634);
#7903=AXIS2_PLACEMENT_3D('',#10877,#8636,#8637);
#7904=AXIS2_PLACEMENT_3D('',#10878,#8638,#8639);
#7905=AXIS2_PLACEMENT_3D('',#10879,#8640,#8641);
#7906=AXIS2_PLACEMENT_3D('',#10881,#8642,#8643);
#7907=AXIS2_PLACEMENT_3D('',#10884,#8645,#8646);
#7908=AXIS2_PLACEMENT_3D('',#10885,#8647,#8648);
#7909=AXIS2_PLACEMENT_3D('',#10886,#8649,#8650);
#7910=AXIS2_PLACEMENT_3D('',#10888,#8651,#8652);
#7911=AXIS2_PLACEMENT_3D('',#10891,#8654,#8655);
#7912=AXIS2_PLACEMENT_3D('',#10892,#8656,#8657);
#7913=AXIS2_PLACEMENT_3D('',#10893,#8658,#8659);
#7914=AXIS2_PLACEMENT_3D('',#10896,#8660,#8661);
#7915=AXIS2_PLACEMENT_3D('',#10900,#8663,#8664);
#7916=AXIS2_PLACEMENT_3D('',#10902,#8666,#8667);
#7917=AXIS2_PLACEMENT_3D('',#10905,#8668,#8669);
#7918=AXIS2_PLACEMENT_3D('',#10906,#8670,#8671);
#7919=AXIS2_PLACEMENT_3D('',#10907,#8672,#8673);
#7920=AXIS2_PLACEMENT_3D('',#10908,#8674,#8675);
#7921=AXIS2_PLACEMENT_3D('',#10911,#8676,#8677);
#7922=AXIS2_PLACEMENT_3D('',#10914,#8680,#8681);
#7923=AXIS2_PLACEMENT_3D('',#10917,#8682,#8683);
#7924=AXIS2_PLACEMENT_3D('',#10918,#8684,#8685);
#7925=AXIS2_PLACEMENT_3D('',#10919,#8686,#8687);
#7926=AXIS2_PLACEMENT_3D('',#10920,#8688,#8689);
#7927=AXIS2_PLACEMENT_3D('',#10923,#8690,#8691);
#7928=AXIS2_PLACEMENT_3D('',#10926,#8694,#8695);
#7929=AXIS2_PLACEMENT_3D('',#10929,#8696,#8697);
#7930=AXIS2_PLACEMENT_3D('',#10930,#8698,#8699);
#7931=AXIS2_PLACEMENT_3D('',#10931,#8700,#8701);
#7932=AXIS2_PLACEMENT_3D('',#10932,#8702,#8703);
#7933=AXIS2_PLACEMENT_3D('',#10935,#8704,#8705);
#7934=AXIS2_PLACEMENT_3D('',#10938,#8708,#8709);
#7935=AXIS2_PLACEMENT_3D('',#10939,#8710,#8711);
#7936=AXIS2_PLACEMENT_3D('',#10940,#8712,#8713);
#7937=AXIS2_PLACEMENT_3D('',#10941,#8714,#8715);
#7938=AXIS2_PLACEMENT_3D('',#10945,#8717,#8718);
#7939=AXIS2_PLACEMENT_3D('',#10947,#8720,#8721);
#7940=AXIS2_PLACEMENT_3D('',#10951,#8724,#8725);
#7941=AXIS2_PLACEMENT_3D('',#10954,#8727,#8728);
#7942=AXIS2_PLACEMENT_3D('',#10955,#8729,#8730);
#7943=AXIS2_PLACEMENT_3D('',#10959,#8733,#8734);
#7944=AXIS2_PLACEMENT_3D('',#10964,#8736,#8737);
#7945=AXIS2_PLACEMENT_3D('',#10968,#8739,#8740);
#7946=AXIS2_PLACEMENT_3D('',#10972,#8742,#8743);
#7947=AXIS2_PLACEMENT_3D('',#10976,#8745,#8746);
#7948=AXIS2_PLACEMENT_3D('',#10984,#8751,#8752);
#7949=AXIS2_PLACEMENT_3D('',#10986,#8753,#8754);
#7950=AXIS2_PLACEMENT_3D('',#10990,#8756,#8757);
#7951=AXIS2_PLACEMENT_3D('',#10991,#8758,#8759);
#7952=AXIS2_PLACEMENT_3D('',#10992,#8760,#8761);
#7953=AXIS2_PLACEMENT_3D('',#10996,#8763,#8764);
#7954=AXIS2_PLACEMENT_3D('',#10997,#8765,#8766);
#7955=AXIS2_PLACEMENT_3D('',#10998,#8767,#8768);
#7956=AXIS2_PLACEMENT_3D('',#11000,#8769,#8770);
#7957=AXIS2_PLACEMENT_3D('',#11002,#8771,#8772);
#7958=AXIS2_PLACEMENT_3D('',#11004,#8774,#8775);
#7959=AXIS2_PLACEMENT_3D('',#11006,#8777,#8778);
#7960=AXIS2_PLACEMENT_3D('',#11008,#8779,#8780);
#7961=AXIS2_PLACEMENT_3D('',#11009,#8781,#8782);
#7962=AXIS2_PLACEMENT_3D('',#11010,#8783,#8784);
#7963=AXIS2_PLACEMENT_3D('',#11012,#8785,#8786);
#7964=AXIS2_PLACEMENT_3D('',#11014,#8788,#8789);
#7965=AXIS2_PLACEMENT_3D('',#11016,#8790,#8791);
#7966=AXIS2_PLACEMENT_3D('',#11017,#8792,#8793);
#7967=AXIS2_PLACEMENT_3D('',#11018,#8794,#8795);
#7968=AXIS2_PLACEMENT_3D('',#11020,#8796,#8797);
#7969=AXIS2_PLACEMENT_3D('',#11022,#8799,#8800);
#7970=AXIS2_PLACEMENT_3D('',#11024,#8801,#8802);
#7971=AXIS2_PLACEMENT_3D('',#11025,#8803,#8804);
#7972=AXIS2_PLACEMENT_3D('',#11026,#8805,#8806);
#7973=AXIS2_PLACEMENT_3D('',#11028,#8807,#8808);
#7974=AXIS2_PLACEMENT_3D('',#11030,#8810,#8811);
#7975=AXIS2_PLACEMENT_3D('',#11032,#8812,#8813);
#7976=AXIS2_PLACEMENT_3D('',#11033,#8814,#8815);
#7977=AXIS2_PLACEMENT_3D('',#11034,#8816,#8817);
#7978=AXIS2_PLACEMENT_3D('',#11036,#8819,#8820);
#7979=AXIS2_PLACEMENT_3D('',#11042,#8824,#8825);
#7980=AXIS2_PLACEMENT_3D('',#11045,#8827,#8828);
#7981=AXIS2_PLACEMENT_3D('',#11046,#8829,#8830);
#7982=AXIS2_PLACEMENT_3D('',#11050,#8833,#8834);
#7983=AXIS2_PLACEMENT_3D('',#11053,#8836,#8837);
#7984=AXIS2_PLACEMENT_3D('',#11054,#8838,#8839);
#7985=AXIS2_PLACEMENT_3D('',#11060,#8843,#8844);
#7986=AXIS2_PLACEMENT_3D('',#11063,#8845,#8846);
#7987=AXIS2_PLACEMENT_3D('',#11065,#8847,#8848);
#7988=AXIS2_PLACEMENT_3D('',#11067,#8849,#8850);
#7989=AXIS2_PLACEMENT_3D('',#11068,#8851,#8852);
#7990=AXIS2_PLACEMENT_3D('',#11069,#8853,#8854);
#7991=AXIS2_PLACEMENT_3D('',#11072,#8855,#8856);
#7992=AXIS2_PLACEMENT_3D('',#11075,#8859,#8860);
#7993=AXIS2_PLACEMENT_3D('',#11078,#8861,#8862);
#7994=AXIS2_PLACEMENT_3D('',#11079,#8863,#8864);
#7995=AXIS2_PLACEMENT_3D('',#11080,#8865,#8866);
#7996=AXIS2_PLACEMENT_3D('',#11081,#8867,#8868);
#7997=AXIS2_PLACEMENT_3D('',#11084,#8869,#8870);
#7998=AXIS2_PLACEMENT_3D('',#11087,#8873,#8874);
#7999=AXIS2_PLACEMENT_3D('',#11090,#8875,#8876);
#8000=AXIS2_PLACEMENT_3D('',#11091,#8877,#8878);
#8001=AXIS2_PLACEMENT_3D('',#11092,#8879,#8880);
#8002=AXIS2_PLACEMENT_3D('',#11093,#8881,#8882);
#8003=AXIS2_PLACEMENT_3D('',#11096,#8883,#8884);
#8004=AXIS2_PLACEMENT_3D('',#11099,#8887,#8888);
#8005=AXIS2_PLACEMENT_3D('',#11102,#8889,#8890);
#8006=AXIS2_PLACEMENT_3D('',#11103,#8891,#8892);
#8007=AXIS2_PLACEMENT_3D('',#11104,#8893,#8894);
#8008=AXIS2_PLACEMENT_3D('',#11105,#8895,#8896);
#8009=AXIS2_PLACEMENT_3D('',#11108,#8899,#8900);
#8010=AXIS2_PLACEMENT_3D('',#11114,#8904,#8905);
#8011=AXIS2_PLACEMENT_3D('',#11117,#8907,#8908);
#8012=AXIS2_PLACEMENT_3D('',#11118,#8909,#8910);
#8013=AXIS2_PLACEMENT_3D('',#11122,#8913,#8914);
#8014=AXIS2_PLACEMENT_3D('',#11125,#8916,#8917);
#8015=AXIS2_PLACEMENT_3D('',#11126,#8918,#8919);
#8016=AXIS2_PLACEMENT_3D('',#11131,#8921,#8922);
#8017=AXIS2_PLACEMENT_3D('',#11139,#8926,#8927);
#8018=AXIS2_PLACEMENT_3D('',#11145,#8930,#8931);
#8019=AXIS2_PLACEMENT_3D('',#11149,#8933,#8934);
#8020=AXIS2_PLACEMENT_3D('',#11153,#8936,#8937);
#8021=AXIS2_PLACEMENT_3D('',#11157,#8939,#8940);
#8022=AXIS2_PLACEMENT_3D('',#11163,#8943,#8944);
#8023=AXIS2_PLACEMENT_3D('',#11171,#8948,#8949);
#8024=AXIS2_PLACEMENT_3D('',#11177,#8952,#8953);
#8025=AXIS2_PLACEMENT_3D('',#11181,#8955,#8956);
#8026=AXIS2_PLACEMENT_3D('',#11185,#8958,#8959);
#8027=AXIS2_PLACEMENT_3D('',#11189,#8961,#8962);
#8028=AXIS2_PLACEMENT_3D('',#11195,#8965,#8966);
#8029=AXIS2_PLACEMENT_3D('',#11211,#8974,#8975);
#8030=AXIS2_PLACEMENT_3D('',#11215,#8977,#8978);
#8031=AXIS2_PLACEMENT_3D('',#11219,#8980,#8981);
#8032=AXIS2_PLACEMENT_3D('',#11223,#8983,#8984);
#8033=AXIS2_PLACEMENT_3D('',#11229,#8987,#8988);
#8034=AXIS2_PLACEMENT_3D('',#11233,#8990,#8991);
#8035=AXIS2_PLACEMENT_3D('',#11241,#8995,#8996);
#8036=AXIS2_PLACEMENT_3D('',#11245,#8998,#8999);
#8037=AXIS2_PLACEMENT_3D('',#11247,#9001,#9002);
#8038=AXIS2_PLACEMENT_3D('',#11249,#9003,#9004);
#8039=AXIS2_PLACEMENT_3D('',#11252,#9006,#9007);
#8040=AXIS2_PLACEMENT_3D('',#11253,#9008,#9009);
#8041=AXIS2_PLACEMENT_3D('',#11255,#9010,#9011);
#8042=AXIS2_PLACEMENT_3D('',#11258,#9013,#9014);
#8043=AXIS2_PLACEMENT_3D('',#11259,#9015,#9016);
#8044=AXIS2_PLACEMENT_3D('',#11261,#9018,#9019);
#8045=AXIS2_PLACEMENT_3D('',#11263,#9021,#9022);
#8046=AXIS2_PLACEMENT_3D('',#11269,#9026,#9027);
#8047=AXIS2_PLACEMENT_3D('',#11273,#9030,#9031);
#8048=AXIS2_PLACEMENT_3D('',#11276,#9032,#9033);
#8049=AXIS2_PLACEMENT_3D('',#11279,#9035,#9036);
#8050=AXIS2_PLACEMENT_3D('',#11280,#9037,#9038);
#8051=AXIS2_PLACEMENT_3D('',#11281,#9039,#9040);
#8052=AXIS2_PLACEMENT_3D('',#11283,#9041,#9042);
#8053=AXIS2_PLACEMENT_3D('',#11284,#9043,#9044);
#8054=AXIS2_PLACEMENT_3D('',#11285,#9045,#9046);
#8055=AXIS2_PLACEMENT_3D('',#11287,#9047,#9048);
#8056=AXIS2_PLACEMENT_3D('',#11290,#9050,#9051);
#8057=AXIS2_PLACEMENT_3D('',#11291,#9052,#9053);
#8058=AXIS2_PLACEMENT_3D('',#11294,#9055,#9056);
#8059=AXIS2_PLACEMENT_3D('',#11295,#9057,#9058);
#8060=AXIS2_PLACEMENT_3D('',#11298,#9059,#9060);
#8061=AXIS2_PLACEMENT_3D('',#11301,#9062,#9063);
#8062=AXIS2_PLACEMENT_3D('',#11302,#9064,#9065);
#8063=AXIS2_PLACEMENT_3D('',#11303,#9066,#9067);
#8064=AXIS2_PLACEMENT_3D('',#11305,#9068,#9069);
#8065=AXIS2_PLACEMENT_3D('',#11306,#9070,#9071);
#8066=AXIS2_PLACEMENT_3D('',#11307,#9072,#9073);
#8067=AXIS2_PLACEMENT_3D('',#11309,#9074,#9075);
#8068=AXIS2_PLACEMENT_3D('',#11312,#9077,#9078);
#8069=AXIS2_PLACEMENT_3D('',#11313,#9079,#9080);
#8070=AXIS2_PLACEMENT_3D('',#11315,#9082,#9083);
#8071=AXIS2_PLACEMENT_3D('',#11326,#9089,#9090);
#8072=AXIS2_PLACEMENT_3D('',#11328,#9092,#9093);
#8073=AXIS2_PLACEMENT_3D('',#11331,#9094,#9095);
#8074=AXIS2_PLACEMENT_3D('',#11334,#9097,#9098);
#8075=AXIS2_PLACEMENT_3D('',#11335,#9099,#9100);
#8076=AXIS2_PLACEMENT_3D('',#11336,#9101,#9102);
#8077=AXIS2_PLACEMENT_3D('',#11338,#9103,#9104);
#8078=AXIS2_PLACEMENT_3D('',#11339,#9105,#9106);
#8079=AXIS2_PLACEMENT_3D('',#11340,#9107,#9108);
#8080=AXIS2_PLACEMENT_3D('',#11342,#9109,#9110);
#8081=AXIS2_PLACEMENT_3D('',#11345,#9112,#9113);
#8082=AXIS2_PLACEMENT_3D('',#11346,#9114,#9115);
#8083=AXIS2_PLACEMENT_3D('',#11350,#9117,#9118);
#8084=AXIS2_PLACEMENT_3D('',#11360,#9124,#9125);
#8085=AXIS2_PLACEMENT_3D('',#11361,#9126,#9127);
#8086=AXIS2_PLACEMENT_3D('',#11362,#9128,#9129);
#8087=AXIS2_PLACEMENT_3D('',#11365,#9130,#9131);
#8088=AXIS2_PLACEMENT_3D('',#11368,#9133,#9134);
#8089=AXIS2_PLACEMENT_3D('',#11369,#9135,#9136);
#8090=AXIS2_PLACEMENT_3D('',#11370,#9137,#9138);
#8091=AXIS2_PLACEMENT_3D('',#11372,#9139,#9140);
#8092=AXIS2_PLACEMENT_3D('',#11373,#9141,#9142);
#8093=AXIS2_PLACEMENT_3D('',#11374,#9143,#9144);
#8094=AXIS2_PLACEMENT_3D('',#11376,#9146,#9147);
#8095=AXIS2_PLACEMENT_3D('',#11379,#9149,#9150);
#8096=AXIS2_PLACEMENT_3D('',#11380,#9151,#9152);
#8097=AXIS2_PLACEMENT_3D('',#11382,#9153,#9154);
#8098=AXIS2_PLACEMENT_3D('',#11383,#9155,#9156);
#8099=AXIS2_PLACEMENT_3D('',#11384,#9157,#9158);
#8100=AXIS2_PLACEMENT_3D('',#11386,#9159,#9160);
#8101=AXIS2_PLACEMENT_3D('',#11389,#9162,#9163);
#8102=AXIS2_PLACEMENT_3D('',#11390,#9164,#9165);
#8103=AXIS2_PLACEMENT_3D('',#11393,#9167,#9168);
#8104=AXIS2_PLACEMENT_3D('',#11394,#9169,#9170);
#8105=AXIS2_PLACEMENT_3D('',#11402,#9175,#9176);
#8106=AXIS2_PLACEMENT_3D('',#11406,#9178,#9179);
#8107=AXIS2_PLACEMENT_3D('',#11407,#9180,#9181);
#8108=AXIS2_PLACEMENT_3D('',#11408,#9182,#9183);
#8109=AXIS2_PLACEMENT_3D('',#11410,#9184,#9185);
#8110=AXIS2_PLACEMENT_3D('',#11412,#9187,#9188);
#8111=AXIS2_PLACEMENT_3D('',#11416,#9190,#9191);
#8112=AXIS2_PLACEMENT_3D('',#11417,#9192,#9193);
#8113=AXIS2_PLACEMENT_3D('',#11418,#9194,#9195);
#8114=AXIS2_PLACEMENT_3D('',#11420,#9196,#9197);
#8115=AXIS2_PLACEMENT_3D('',#11421,#9198,#9199);
#8116=AXIS2_PLACEMENT_3D('',#11422,#9200,#9201);
#8117=AXIS2_PLACEMENT_3D('',#11424,#9202,#9203);
#8118=AXIS2_PLACEMENT_3D('',#11426,#9205,#9206);
#8119=AXIS2_PLACEMENT_3D('',#11428,#9207,#9208);
#8120=AXIS2_PLACEMENT_3D('',#11429,#9209,#9210);
#8121=AXIS2_PLACEMENT_3D('',#11430,#9211,#9212);
#8122=AXIS2_PLACEMENT_3D('',#11432,#9214,#9215);
#8123=AXIS2_PLACEMENT_3D('',#11436,#9217,#9218);
#8124=AXIS2_PLACEMENT_3D('',#11437,#9219,#9220);
#8125=AXIS2_PLACEMENT_3D('',#11438,#9221,#9222);
#8126=AXIS2_PLACEMENT_3D('',#11440,#9223,#9224);
#8127=AXIS2_PLACEMENT_3D('',#11441,#9225,#9226);
#8128=AXIS2_PLACEMENT_3D('',#11442,#9227,#9228);
#8129=AXIS2_PLACEMENT_3D('',#11444,#9229,#9230);
#8130=AXIS2_PLACEMENT_3D('',#11446,#9232,#9233);
#8131=AXIS2_PLACEMENT_3D('',#11448,#9234,#9235);
#8132=AXIS2_PLACEMENT_3D('',#11449,#9236,#9237);
#8133=AXIS2_PLACEMENT_3D('',#11450,#9238,#9239);
#8134=AXIS2_PLACEMENT_3D('',#11452,#9240,#9241);
#8135=AXIS2_PLACEMENT_3D('',#11454,#9243,#9244);
#8136=AXIS2_PLACEMENT_3D('',#11456,#9245,#9246);
#8137=AXIS2_PLACEMENT_3D('',#11457,#9247,#9248);
#8138=AXIS2_PLACEMENT_3D('',#11458,#9249,#9250);
#8139=AXIS2_PLACEMENT_3D('',#11460,#9251,#9252);
#8140=AXIS2_PLACEMENT_3D('',#11462,#9254,#9255);
#8141=AXIS2_PLACEMENT_3D('',#11464,#9256,#9257);
#8142=AXIS2_PLACEMENT_3D('',#11465,#9258,#9259);
#8143=AXIS2_PLACEMENT_3D('',#11466,#9260,#9261);
#8144=AXIS2_PLACEMENT_3D('',#11468,#9263,#9264);
#8145=AXIS2_PLACEMENT_3D('',#11470,#9265,#9266);
#8146=AXIS2_PLACEMENT_3D('',#11471,#9267,#9268);
#8147=AXIS2_PLACEMENT_3D('',#11472,#9269,#9270);
#8148=AXIS2_PLACEMENT_3D('',#11474,#9271,#9272);
#8149=AXIS2_PLACEMENT_3D('',#11476,#9274,#9275);
#8150=AXIS2_PLACEMENT_3D('',#11478,#9276,#9277);
#8151=AXIS2_PLACEMENT_3D('',#11479,#9278,#9279);
#8152=AXIS2_PLACEMENT_3D('',#11480,#9280,#9281);
#8153=AXIS2_PLACEMENT_3D('',#11482,#9283,#9284);
#8154=AXIS2_PLACEMENT_3D('',#11488,#9288,#9289);
#8155=AXIS2_PLACEMENT_3D('',#11492,#9292,#9293);
#8156=AXIS2_PLACEMENT_3D('',#11495,#9295,#9296);
#8157=AXIS2_PLACEMENT_3D('',#11496,#9297,#9298);
#8158=AXIS2_PLACEMENT_3D('',#11500,#9301,#9302);
#8159=AXIS2_PLACEMENT_3D('',#11503,#9304,#9305);
#8160=AXIS2_PLACEMENT_3D('',#11504,#9306,#9307);
#8161=AXIS2_PLACEMENT_3D('',#11508,#9310,#9311);
#8162=AXIS2_PLACEMENT_3D('',#11511,#9313,#9314);
#8163=AXIS2_PLACEMENT_3D('',#11512,#9315,#9316);
#8164=AXIS2_PLACEMENT_3D('',#11516,#9319,#9320);
#8165=AXIS2_PLACEMENT_3D('',#11519,#9322,#9323);
#8166=AXIS2_PLACEMENT_3D('',#11520,#9324,#9325);
#8167=AXIS2_PLACEMENT_3D('',#11524,#9328,#9329);
#8168=AXIS2_PLACEMENT_3D('',#11525,#9330,#9331);
#8169=AXIS2_PLACEMENT_3D('',#11526,#9332,#9333);
#8170=AXIS2_PLACEMENT_3D('',#11529,#9335,#9336);
#8171=AXIS2_PLACEMENT_3D('',#11530,#9337,#9338);
#8172=AXIS2_PLACEMENT_3D('',#11533,#9340,#9341);
#8173=AXIS2_PLACEMENT_3D('',#11534,#9342,#9343);
#8174=AXIS2_PLACEMENT_3D('',#11536,#9344,#9345);
#8175=AXIS2_PLACEMENT_3D('',#11538,#9347,#9348);
#8176=AXIS2_PLACEMENT_3D('',#11539,#9349,#9350);
#8177=AXIS2_PLACEMENT_3D('',#11547,#9355,#9356);
#8178=AXIS2_PLACEMENT_3D('',#11548,#9357,#9358);
#8179=AXIS2_PLACEMENT_3D('',#11549,#9359,#9360);
#8180=AXIS2_PLACEMENT_3D('',#11557,#9365,#9366);
#8181=AXIS2_PLACEMENT_3D('',#11558,#9367,#9368);
#8182=AXIS2_PLACEMENT_3D('',#11559,#9369,#9370);
#8183=AXIS2_PLACEMENT_3D('',#11561,#9371,#9372);
#8184=AXIS2_PLACEMENT_3D('',#11562,#9373,#9374);
#8185=AXIS2_PLACEMENT_3D('',#11564,#9375,#9376);
#8186=AXIS2_PLACEMENT_3D('',#11565,#9377,#9378);
#8187=AXIS2_PLACEMENT_3D('',#11569,#9381,#9382);
#8188=AXIS2_PLACEMENT_3D('',#11572,#9384,#9385);
#8189=AXIS2_PLACEMENT_3D('',#11573,#9386,#9387);
#8190=AXIS2_PLACEMENT_3D('',#11577,#9390,#9391);
#8191=AXIS2_PLACEMENT_3D('',#11580,#9393,#9394);
#8192=AXIS2_PLACEMENT_3D('',#11581,#9395,#9396);
#8193=AXIS2_PLACEMENT_3D('',#11584,#9398,#9399);
#8194=AXIS2_PLACEMENT_3D('',#11585,#9400,#9401);
#8195=AXIS2_PLACEMENT_3D('',#11586,#9402,#9403);
#8196=AXIS2_PLACEMENT_3D('',#11587,#9404,#9405);
#8197=AXIS2_PLACEMENT_3D('',#11588,#9406,#9407);
#8198=AXIS2_PLACEMENT_3D('',#11592,#9410,#9411);
#8199=AXIS2_PLACEMENT_3D('',#11596,#9414,#9415);
#8200=AXIS2_PLACEMENT_3D('',#11598,#9417,#9418);
#8201=AXIS2_PLACEMENT_3D('',#11602,#9421,#9422);
#8202=AXIS2_PLACEMENT_3D('',#11605,#9424,#9425);
#8203=AXIS2_PLACEMENT_3D('',#11606,#9426,#9427);
#8204=AXIS2_PLACEMENT_3D('',#11610,#9430,#9431);
#8205=AXIS2_PLACEMENT_3D('',#11613,#9433,#9434);
#8206=AXIS2_PLACEMENT_3D('',#11614,#9435,#9436);
#8207=AXIS2_PLACEMENT_3D('',#11616,#9438,#9439);
#8208=AXIS2_PLACEMENT_3D('',#11617,#9440,#9441);
#8209=AXIS2_PLACEMENT_3D('',#11620,#9443,#9444);
#8210=AXIS2_PLACEMENT_3D('',#11621,#9445,#9446);
#8211=AXIS2_PLACEMENT_3D('',#11625,#9449,#9450);
#8212=AXIS2_PLACEMENT_3D('',#11626,#9451,#9452);
#8213=AXIS2_PLACEMENT_3D('',#11627,#9453,#9454);
#8214=AXIS2_PLACEMENT_3D('',#11633,#9458,#9459);
#8215=AXIS2_PLACEMENT_3D('',#11634,#9460,#9461);
#8216=AXIS2_PLACEMENT_3D('',#11635,#9462,#9463);
#8217=AXIS2_PLACEMENT_3D('',#11639,#9466,#9467);
#8218=AXIS2_PLACEMENT_3D('',#11642,#9469,#9470);
#8219=AXIS2_PLACEMENT_3D('',#11643,#9471,#9472);
#8220=AXIS2_PLACEMENT_3D('',#11647,#9475,#9476);
#8221=AXIS2_PLACEMENT_3D('',#11650,#9478,#9479);
#8222=AXIS2_PLACEMENT_3D('',#11651,#9480,#9481);
#8223=AXIS2_PLACEMENT_3D('',#11655,#9484,#9485);
#8224=AXIS2_PLACEMENT_3D('',#11659,#9488,#9489);
#8225=AXIS2_PLACEMENT_3D('',#11663,#9492,#9493);
#8226=AXIS2_PLACEMENT_3D('',#11664,#9494,#9495);
#8227=AXIS2_PLACEMENT_3D('',#11665,#9496,#9497);
#8228=AXIS2_PLACEMENT_3D('',#11666,#9498,#9499);
#8229=AXIS2_PLACEMENT_3D('',#11675,#9504,#9505);
#8230=AXIS2_PLACEMENT_3D('',#11681,#9509,#9510);
#8231=AXIS2_PLACEMENT_3D('',#11687,#9514,#9515);
#8232=AXIS2_PLACEMENT_3D('',#11690,#9518,#9519);
#8233=AXIS2_PLACEMENT_3D('',#11694,#9522,#9523);
#8234=AXIS2_PLACEMENT_3D('',#11696,#9525,#9526);
#8235=AXIS2_PLACEMENT_3D('',#11697,#9527,#9528);
#8236=AXIS2_PLACEMENT_3D('',#11699,#9529,#9530);
#8237=AXIS2_PLACEMENT_3D('',#11701,#9531,#9532);
#8238=AXIS2_PLACEMENT_3D('',#11703,#9534,#9535);
#8239=AXIS2_PLACEMENT_3D('',#11705,#9536,#9537);
#8240=AXIS2_PLACEMENT_3D('',#11706,#9538,#9539);
#8241=AXIS2_PLACEMENT_3D('',#11707,#9540,#9541);
#8242=AXIS2_PLACEMENT_3D('',#11709,#9542,#9543);
#8243=AXIS2_PLACEMENT_3D('',#11711,#9545,#9546);
#8244=AXIS2_PLACEMENT_3D('',#11713,#9547,#9548);
#8245=AXIS2_PLACEMENT_3D('',#11714,#9549,#9550);
#8246=AXIS2_PLACEMENT_3D('',#11715,#9551,#9552);
#8247=AXIS2_PLACEMENT_3D('',#11717,#9553,#9554);
#8248=AXIS2_PLACEMENT_3D('',#11719,#9556,#9557);
#8249=AXIS2_PLACEMENT_3D('',#11721,#9558,#9559);
#8250=AXIS2_PLACEMENT_3D('',#11722,#9560,#9561);
#8251=AXIS2_PLACEMENT_3D('',#11723,#9562,#9563);
#8252=AXIS2_PLACEMENT_3D('',#11725,#9565,#9566);
#8253=AXIS2_PLACEMENT_3D('',#11727,#9567,#9568);
#8254=AXIS2_PLACEMENT_3D('',#11728,#9569,#9570);
#8255=AXIS2_PLACEMENT_3D('',#11729,#9571,#9572);
#8256=AXIS2_PLACEMENT_3D('',#11731,#9573,#9574);
#8257=AXIS2_PLACEMENT_3D('',#11733,#9576,#9577);
#8258=AXIS2_PLACEMENT_3D('',#11735,#9578,#9579);
#8259=AXIS2_PLACEMENT_3D('',#11736,#9580,#9581);
#8260=AXIS2_PLACEMENT_3D('',#11737,#9582,#9583);
#8261=AXIS2_PLACEMENT_3D('',#11739,#9584,#9585);
#8262=AXIS2_PLACEMENT_3D('',#11741,#9587,#9588);
#8263=AXIS2_PLACEMENT_3D('',#11743,#9589,#9590);
#8264=AXIS2_PLACEMENT_3D('',#11744,#9591,#9592);
#8265=AXIS2_PLACEMENT_3D('',#11745,#9593,#9594);
#8266=AXIS2_PLACEMENT_3D('',#11747,#9595,#9596);
#8267=AXIS2_PLACEMENT_3D('',#11749,#9598,#9599);
#8268=AXIS2_PLACEMENT_3D('',#11750,#9600,#9601);
#8269=AXIS2_PLACEMENT_3D('',#11751,#9602,#9603);
#8270=AXIS2_PLACEMENT_3D('',#11752,#9604,#9605);
#8271=AXIS2_PLACEMENT_3D('',#11753,#9606,#9607);
#8272=AXIS2_PLACEMENT_3D('',#11757,#9609,#9610);
#8273=AXIS2_PLACEMENT_3D('',#11759,#9612,#9613);
#8274=AXIS2_PLACEMENT_3D('',#11763,#9616,#9617);
#8275=AXIS2_PLACEMENT_3D('',#11766,#9619,#9620);
#8276=AXIS2_PLACEMENT_3D('',#11767,#9621,#9622);
#8277=AXIS2_PLACEMENT_3D('',#11771,#9625,#9626);
#8278=AXIS2_PLACEMENT_3D('',#11772,#9627,#9628);
#8279=AXIS2_PLACEMENT_3D('',#11773,#9629,#9630);
#8280=AXIS2_PLACEMENT_3D('',#11774,#9631,#9632);
#8281=AXIS2_PLACEMENT_3D('',#11775,#9633,#9634);
#8282=AXIS2_PLACEMENT_3D('',#11776,#9635,#9636);
#8283=AXIS2_PLACEMENT_3D('',#11777,#9637,#9638);
#8284=AXIS2_PLACEMENT_3D('',#11780,#9640,#9641);
#8285=AXIS2_PLACEMENT_3D('',#11781,#9642,#9643);
#8286=AXIS2_PLACEMENT_3D('',#11785,#9646,#9647);
#8287=AXIS2_PLACEMENT_3D('',#11786,#9648,#9649);
#8288=AXIS2_PLACEMENT_3D('',#11789,#9651,#9652);
#8289=AXIS2_PLACEMENT_3D('',#11790,#9653,#9654);
#8290=AXIS2_PLACEMENT_3D('',#11794,#9657,#9658);
#8291=AXIS2_PLACEMENT_3D('',#11797,#9660,#9661);
#8292=AXIS2_PLACEMENT_3D('',#11798,#9662,#9663);
#8293=AXIS2_PLACEMENT_3D('',#11802,#9666,#9667);
#8294=AXIS2_PLACEMENT_3D('',#11805,#9669,#9670);
#8295=AXIS2_PLACEMENT_3D('',#11806,#9671,#9672);
#8296=AXIS2_PLACEMENT_3D('',#11810,#9675,#9676);
#8297=AXIS2_PLACEMENT_3D('',#11811,#9677,#9678);
#8298=AXIS2_PLACEMENT_3D('',#11812,#9679,#9680);
#8299=AXIS2_PLACEMENT_3D('',#11813,#9681,#9682);
#8300=AXIS2_PLACEMENT_3D('',#11814,#9683,#9684);
#8301=AXIS2_PLACEMENT_3D('',#11817,#9686,#9687);
#8302=AXIS2_PLACEMENT_3D('',#11818,#9688,#9689);
#8303=AXIS2_PLACEMENT_3D('',#11820,#9691,#9692);
#8304=AXIS2_PLACEMENT_3D('',#11821,#9693,#9694);
#8305=AXIS2_PLACEMENT_3D('',#11830,#9699,#9700);
#8306=AXIS2_PLACEMENT_3D('',#11836,#9704,#9705);
#8307=AXIS2_PLACEMENT_3D('',#11842,#9709,#9710);
#8308=AXIS2_PLACEMENT_3D('',#11845,#9713,#9714);
#8309=AXIS2_PLACEMENT_3D('',#11846,#9715,#9716);
#8310=AXIS2_PLACEMENT_3D('',#11855,#9721,#9722);
#8311=AXIS2_PLACEMENT_3D('',#11861,#9726,#9727);
#8312=AXIS2_PLACEMENT_3D('',#11867,#9731,#9732);
#8313=AXIS2_PLACEMENT_3D('',#11870,#9735,#9736);
#8314=AXIS2_PLACEMENT_3D('',#11871,#9737,#9738);
#8315=AXIS2_PLACEMENT_3D('',#11872,#9739,#9740);
#8316=AXIS2_PLACEMENT_3D('',#11874,#9741,#9742);
#8317=AXIS2_PLACEMENT_3D('',#11877,#9744,#9745);
#8318=AXIS2_PLACEMENT_3D('',#11878,#9746,#9747);
#8319=AXIS2_PLACEMENT_3D('',#11887,#9752,#9753);
#8320=AXIS2_PLACEMENT_3D('',#11893,#9757,#9758);
#8321=AXIS2_PLACEMENT_3D('',#11899,#9762,#9763);
#8322=AXIS2_PLACEMENT_3D('',#11902,#9766,#9767);
#8323=AXIS2_PLACEMENT_3D('',#11903,#9768,#9769);
#8324=AXIS2_PLACEMENT_3D('',#11904,#9770,#9771);
#8325=AXIS2_PLACEMENT_3D('',#11906,#9772,#9773);
#8326=AXIS2_PLACEMENT_3D('',#11909,#9775,#9776);
#8327=AXIS2_PLACEMENT_3D('',#11910,#9777,#9778);
#8328=AXIS2_PLACEMENT_3D('',#11919,#9783,#9784);
#8329=AXIS2_PLACEMENT_3D('',#11925,#9788,#9789);
#8330=AXIS2_PLACEMENT_3D('',#11931,#9793,#9794);
#8331=AXIS2_PLACEMENT_3D('',#11934,#9797,#9798);
#8332=AXIS2_PLACEMENT_3D('',#11935,#9799,#9800);
#8333=AXIS2_PLACEMENT_3D('',#11936,#9801,#9802);
#8334=AXIS2_PLACEMENT_3D('',#11945,#9807,#9808);
#8335=AXIS2_PLACEMENT_3D('',#11951,#9812,#9813);
#8336=AXIS2_PLACEMENT_3D('',#11957,#9817,#9818);
#8337=AXIS2_PLACEMENT_3D('',#11960,#9821,#9822);
#8338=AXIS2_PLACEMENT_3D('',#11961,#9823,#9824);
#8339=AXIS2_PLACEMENT_3D('',#11962,#9825,#9826);
#8340=AXIS2_PLACEMENT_3D('',#11971,#9831,#9832);
#8341=AXIS2_PLACEMENT_3D('',#11977,#9836,#9837);
#8342=AXIS2_PLACEMENT_3D('',#11983,#9841,#9842);
#8343=AXIS2_PLACEMENT_3D('',#11986,#9845,#9846);
#8344=AXIS2_PLACEMENT_3D('',#11987,#9847,#9848);
#8345=AXIS2_PLACEMENT_3D('',#11988,#9849,#9850);
#8346=AXIS2_PLACEMENT_3D('',#11997,#9855,#9856);
#8347=AXIS2_PLACEMENT_3D('',#12003,#9860,#9861);
#8348=AXIS2_PLACEMENT_3D('',#12009,#9865,#9866);
#8349=AXIS2_PLACEMENT_3D('',#12012,#9869,#9870);
#8350=AXIS2_PLACEMENT_3D('',#12013,#9871,#9872);
#8351=AXIS2_PLACEMENT_3D('',#12014,#9873,#9874);
#8352=AXIS2_PLACEMENT_3D('',#12023,#9879,#9880);
#8353=AXIS2_PLACEMENT_3D('',#12029,#9884,#9885);
#8354=AXIS2_PLACEMENT_3D('',#12035,#9889,#9890);
#8355=AXIS2_PLACEMENT_3D('',#12041,#9894,#9895);
#8356=AXIS2_PLACEMENT_3D('',#12047,#9899,#9900);
#8357=AXIS2_PLACEMENT_3D('',#12050,#9903,#9904);
#8358=AXIS2_PLACEMENT_3D('',#12051,#9905,#9906);
#8359=AXIS2_PLACEMENT_3D('',#12052,#9907,#9908);
#8360=AXIS2_PLACEMENT_3D('',#12061,#9913,#9914);
#8361=AXIS2_PLACEMENT_3D('',#12067,#9918,#9919);
#8362=AXIS2_PLACEMENT_3D('',#12073,#9923,#9924);
#8363=AXIS2_PLACEMENT_3D('',#12076,#9927,#9928);
#8364=AXIS2_PLACEMENT_3D('',#12077,#9929,#9930);
#8365=AXIS2_PLACEMENT_3D('',#12078,#9931,#9932);
#8366=AXIS2_PLACEMENT_3D('',#12087,#9937,#9938);
#8367=AXIS2_PLACEMENT_3D('',#12093,#9942,#9943);
#8368=AXIS2_PLACEMENT_3D('',#12099,#9947,#9948);
#8369=AXIS2_PLACEMENT_3D('',#12102,#9951,#9952);
#8370=AXIS2_PLACEMENT_3D('',#12103,#9953,#9954);
#8371=AXIS2_PLACEMENT_3D('',#12104,#9955,#9956);
#8372=AXIS2_PLACEMENT_3D('',#12113,#9961,#9962);
#8373=AXIS2_PLACEMENT_3D('',#12119,#9966,#9967);
#8374=AXIS2_PLACEMENT_3D('',#12125,#9971,#9972);
#8375=AXIS2_PLACEMENT_3D('',#12128,#9975,#9976);
#8376=AXIS2_PLACEMENT_3D('',#12129,#9977,#9978);
#8377=AXIS2_PLACEMENT_3D('',#12130,#9979,#9980);
#8378=AXIS2_PLACEMENT_3D('',#12139,#9985,#9986);
#8379=AXIS2_PLACEMENT_3D('',#12145,#9990,#9991);
#8380=AXIS2_PLACEMENT_3D('',#12151,#9995,#9996);
#8381=AXIS2_PLACEMENT_3D('',#12154,#9999,#10000);
#8382=AXIS2_PLACEMENT_3D('',#12155,#10001,#10002);
#8383=AXIS2_PLACEMENT_3D('',#12156,#10003,#10004);
#8384=AXIS2_PLACEMENT_3D('',#12165,#10009,#10010);
#8385=AXIS2_PLACEMENT_3D('',#12171,#10014,#10015);
#8386=AXIS2_PLACEMENT_3D('',#12177,#10019,#10020);
#8387=AXIS2_PLACEMENT_3D('',#12180,#10023,#10024);
#8388=AXIS2_PLACEMENT_3D('',#12181,#10025,#10026);
#8389=AXIS2_PLACEMENT_3D('',#12182,#10027,#10028);
#8390=AXIS2_PLACEMENT_3D('',#12191,#10033,#10034);
#8391=AXIS2_PLACEMENT_3D('',#12197,#10038,#10039);
#8392=AXIS2_PLACEMENT_3D('',#12203,#10043,#10044);
#8393=AXIS2_PLACEMENT_3D('',#12206,#10047,#10048);
#8394=AXIS2_PLACEMENT_3D('',#12207,#10049,#10050);
#8395=AXIS2_PLACEMENT_3D('',#12208,#10051,#10052);
#8396=AXIS2_PLACEMENT_3D('',#12217,#10057,#10058);
#8397=AXIS2_PLACEMENT_3D('',#12223,#10062,#10063);
#8398=AXIS2_PLACEMENT_3D('',#12229,#10067,#10068);
#8399=AXIS2_PLACEMENT_3D('',#12232,#10071,#10072);
#8400=AXIS2_PLACEMENT_3D('',#12233,#10073,#10074);
#8401=AXIS2_PLACEMENT_3D('',#12234,#10075,#10076);
#8402=AXIS2_PLACEMENT_3D('',#12243,#10081,#10082);
#8403=AXIS2_PLACEMENT_3D('',#12249,#10086,#10087);
#8404=AXIS2_PLACEMENT_3D('',#12255,#10091,#10092);
#8405=AXIS2_PLACEMENT_3D('',#12258,#10095,#10096);
#8406=AXIS2_PLACEMENT_3D('',#12259,#10097,#10098);
#8407=AXIS2_PLACEMENT_3D('',#12260,#10099,#10100);
#8408=AXIS2_PLACEMENT_3D('',#12269,#10105,#10106);
#8409=AXIS2_PLACEMENT_3D('',#12275,#10110,#10111);
#8410=AXIS2_PLACEMENT_3D('',#12281,#10115,#10116);
#8411=AXIS2_PLACEMENT_3D('',#12284,#10119,#10120);
#8412=AXIS2_PLACEMENT_3D('',#12285,#10121,#10122);
#8413=AXIS2_PLACEMENT_3D('',#12286,#10123,#10124);
#8414=AXIS2_PLACEMENT_3D('',#12295,#10129,#10130);
#8415=AXIS2_PLACEMENT_3D('',#12301,#10134,#10135);
#8416=AXIS2_PLACEMENT_3D('',#12307,#10139,#10140);
#8417=AXIS2_PLACEMENT_3D('',#12310,#10143,#10144);
#8418=AXIS2_PLACEMENT_3D('',#12311,#10145,#10146);
#8419=AXIS2_PLACEMENT_3D('',#12312,#10147,#10148);
#8420=AXIS2_PLACEMENT_3D('',#12321,#10153,#10154);
#8421=AXIS2_PLACEMENT_3D('',#12327,#10158,#10159);
#8422=AXIS2_PLACEMENT_3D('',#12333,#10163,#10164);
#8423=AXIS2_PLACEMENT_3D('',#12336,#10167,#10168);
#8424=AXIS2_PLACEMENT_3D('',#12337,#10169,#10170);
#8425=AXIS2_PLACEMENT_3D('',#12338,#10171,#10172);
#8426=AXIS2_PLACEMENT_3D('',#12347,#10177,#10178);
#8427=AXIS2_PLACEMENT_3D('',#12353,#10182,#10183);
#8428=AXIS2_PLACEMENT_3D('',#12359,#10187,#10188);
#8429=AXIS2_PLACEMENT_3D('',#12362,#10191,#10192);
#8430=AXIS2_PLACEMENT_3D('',#12363,#10193,#10194);
#8431=AXIS2_PLACEMENT_3D('',#12364,#10195,#10196);
#8432=AXIS2_PLACEMENT_3D('',#12373,#10201,#10202);
#8433=AXIS2_PLACEMENT_3D('',#12379,#10206,#10207);
#8434=AXIS2_PLACEMENT_3D('',#12385,#10211,#10212);
#8435=AXIS2_PLACEMENT_3D('',#12388,#10215,#10216);
#8436=AXIS2_PLACEMENT_3D('',#12389,#10217,#10218);
#8437=AXIS2_PLACEMENT_3D('',#12390,#10219,#10220);
#8438=AXIS2_PLACEMENT_3D('',#12399,#10225,#10226);
#8439=AXIS2_PLACEMENT_3D('',#12405,#10230,#10231);
#8440=AXIS2_PLACEMENT_3D('',#12411,#10235,#10236);
#8441=AXIS2_PLACEMENT_3D('',#12414,#10239,#10240);
#8442=AXIS2_PLACEMENT_3D('',#12415,#10241,#10242);
#8443=AXIS2_PLACEMENT_3D('',#12416,#10243,#10244);
#8444=AXIS2_PLACEMENT_3D('',#12425,#10249,#10250);
#8445=AXIS2_PLACEMENT_3D('',#12431,#10254,#10255);
#8446=AXIS2_PLACEMENT_3D('',#12437,#10259,#10260);
#8447=AXIS2_PLACEMENT_3D('',#12440,#10263,#10264);
#8448=AXIS2_PLACEMENT_3D('',#12441,#10265,#10266);
#8449=AXIS2_PLACEMENT_3D('',#12442,#10267,#10268);
#8450=AXIS2_PLACEMENT_3D('',#12451,#10273,#10274);
#8451=AXIS2_PLACEMENT_3D('',#12457,#10278,#10279);
#8452=AXIS2_PLACEMENT_3D('',#12463,#10283,#10284);
#8453=AXIS2_PLACEMENT_3D('',#12466,#10287,#10288);
#8454=AXIS2_PLACEMENT_3D('',#12467,#10289,#10290);
#8455=AXIS2_PLACEMENT_3D('',#12468,#10291,#10292);
#8456=AXIS2_PLACEMENT_3D('',#12477,#10297,#10298);
#8457=AXIS2_PLACEMENT_3D('',#12483,#10302,#10303);
#8458=AXIS2_PLACEMENT_3D('',#12489,#10307,#10308);
#8459=AXIS2_PLACEMENT_3D('',#12492,#10311,#10312);
#8460=AXIS2_PLACEMENT_3D('',#12493,#10313,#10314);
#8461=AXIS2_PLACEMENT_3D('',#12494,#10315,#10316);
#8462=AXIS2_PLACEMENT_3D('',#12503,#10321,#10322);
#8463=AXIS2_PLACEMENT_3D('',#12509,#10326,#10327);
#8464=AXIS2_PLACEMENT_3D('',#12515,#10331,#10332);
#8465=AXIS2_PLACEMENT_3D('',#12518,#10335,#10336);
#8466=AXIS2_PLACEMENT_3D('',#12519,#10337,#10338);
#8467=AXIS2_PLACEMENT_3D('',#12520,#10339,#10340);
#8468=AXIS2_PLACEMENT_3D('',#12529,#10345,#10346);
#8469=AXIS2_PLACEMENT_3D('',#12535,#10350,#10351);
#8470=AXIS2_PLACEMENT_3D('',#12541,#10355,#10356);
#8471=AXIS2_PLACEMENT_3D('',#12544,#10359,#10360);
#8472=AXIS2_PLACEMENT_3D('',#12545,#10361,#10362);
#8473=AXIS2_PLACEMENT_3D('',#12546,#10363,#10364);
#8474=AXIS2_PLACEMENT_3D('',#12555,#10369,#10370);
#8475=AXIS2_PLACEMENT_3D('',#12561,#10374,#10375);
#8476=AXIS2_PLACEMENT_3D('',#12567,#10379,#10380);
#8477=AXIS2_PLACEMENT_3D('',#12570,#10383,#10384);
#8478=AXIS2_PLACEMENT_3D('',#12571,#10385,#10386);
#8479=AXIS2_PLACEMENT_3D('',#12572,#10387,#10388);
#8480=AXIS2_PLACEMENT_3D('',#12581,#10393,#10394);
#8481=AXIS2_PLACEMENT_3D('',#12587,#10398,#10399);
#8482=AXIS2_PLACEMENT_3D('',#12593,#10403,#10404);
#8483=AXIS2_PLACEMENT_3D('',#12596,#10407,#10408);
#8484=AXIS2_PLACEMENT_3D('',#12597,#10409,#10410);
#8485=AXIS2_PLACEMENT_3D('',#12598,#10411,#10412);
#8486=AXIS2_PLACEMENT_3D('',#12607,#10417,#10418);
#8487=AXIS2_PLACEMENT_3D('',#12613,#10422,#10423);
#8488=AXIS2_PLACEMENT_3D('',#12619,#10427,#10428);
#8489=AXIS2_PLACEMENT_3D('',#12622,#10431,#10432);
#8490=AXIS2_PLACEMENT_3D('',#12623,#10433,#10434);
#8491=AXIS2_PLACEMENT_3D('',#12624,#10435,#10436);
#8492=AXIS2_PLACEMENT_3D('',#12633,#10441,#10442);
#8493=AXIS2_PLACEMENT_3D('',#12639,#10446,#10447);
#8494=AXIS2_PLACEMENT_3D('',#12645,#10451,#10452);
#8495=AXIS2_PLACEMENT_3D('',#12648,#10455,#10456);
#8496=AXIS2_PLACEMENT_3D('',#12649,#10457,#10458);
#8497=AXIS2_PLACEMENT_3D('',#12650,#10459,#10460);
#8498=AXIS2_PLACEMENT_3D('',#12659,#10465,#10466);
#8499=AXIS2_PLACEMENT_3D('',#12665,#10470,#10471);
#8500=AXIS2_PLACEMENT_3D('',#12671,#10475,#10476);
#8501=AXIS2_PLACEMENT_3D('',#12674,#10479,#10480);
#8502=AXIS2_PLACEMENT_3D('',#12675,#10481,#10482);
#8503=AXIS2_PLACEMENT_3D('',#12676,#10483,#10484);
#8504=AXIS2_PLACEMENT_3D('',#12685,#10489,#10490);
#8505=AXIS2_PLACEMENT_3D('',#12691,#10494,#10495);
#8506=AXIS2_PLACEMENT_3D('',#12697,#10499,#10500);
#8507=AXIS2_PLACEMENT_3D('',#12700,#10503,#10504);
#8508=AXIS2_PLACEMENT_3D('',#12701,#10505,#10506);
#8509=AXIS2_PLACEMENT_3D('',#12702,#10507,#10508);
#8510=AXIS2_PLACEMENT_3D('',#12711,#10513,#10514);
#8511=AXIS2_PLACEMENT_3D('',#12717,#10518,#10519);
#8512=AXIS2_PLACEMENT_3D('',#12723,#10523,#10524);
#8513=AXIS2_PLACEMENT_3D('',#12726,#10527,#10528);
#8514=AXIS2_PLACEMENT_3D('',#12727,#10529,#10530);
#8515=AXIS2_PLACEMENT_3D('',#12728,#10531,#10532);
#8516=AXIS2_PLACEMENT_3D('',#12737,#10537,#10538);
#8517=AXIS2_PLACEMENT_3D('',#12743,#10542,#10543);
#8518=AXIS2_PLACEMENT_3D('',#12749,#10547,#10548);
#8519=AXIS2_PLACEMENT_3D('',#12752,#10551,#10552);
#8520=AXIS2_PLACEMENT_3D('',#12753,#10553,#10554);
#8521=AXIS2_PLACEMENT_3D('',#12754,#10555,#10556);
#8522=AXIS2_PLACEMENT_3D('',#12763,#10561,#10562);
#8523=AXIS2_PLACEMENT_3D('',#12769,#10566,#10567);
#8524=AXIS2_PLACEMENT_3D('',#12773,#10570,#10571);
#8525=AXIS2_PLACEMENT_3D('',#12777,#10574,#10575);
#8526=AXIS2_PLACEMENT_3D('',#12779,#10577,#10578);
#8527=AXIS2_PLACEMENT_3D('',#12780,#10579,#10580);
#8528=AXIS2_PLACEMENT_3D('',#12789,#10585,#10586);
#8529=AXIS2_PLACEMENT_3D('',#12795,#10590,#10591);
#8530=AXIS2_PLACEMENT_3D('',#12799,#10594,#10595);
#8531=AXIS2_PLACEMENT_3D('',#12803,#10598,#10599);
#8532=AXIS2_PLACEMENT_3D('',#12805,#10601,#10602);
#8533=AXIS2_PLACEMENT_3D('',#12806,#10603,#10604);
#8534=AXIS2_PLACEMENT_3D('',#12815,#10609,#10610);
#8535=AXIS2_PLACEMENT_3D('',#12821,#10614,#10615);
#8536=AXIS2_PLACEMENT_3D('',#12825,#10618,#10619);
#8537=AXIS2_PLACEMENT_3D('',#12829,#10622,#10623);
#8538=AXIS2_PLACEMENT_3D('',#12831,#10625,#10626);
#8539=AXIS2_PLACEMENT_3D('',#12832,#10627,#10628);
#8540=AXIS2_PLACEMENT_3D('',#12841,#10633,#10634);
#8541=AXIS2_PLACEMENT_3D('',#12847,#10638,#10639);
#8542=AXIS2_PLACEMENT_3D('',#12851,#10642,#10643);
#8543=AXIS2_PLACEMENT_3D('',#12855,#10646,#10647);
#8544=AXIS2_PLACEMENT_3D('',#12857,#10649,#10650);
#8545=AXIS2_PLACEMENT_3D('',#12858,#10651,#10652);
#8546=AXIS2_PLACEMENT_3D('',#12867,#10657,#10658);
#8547=AXIS2_PLACEMENT_3D('',#12873,#10662,#10663);
#8548=AXIS2_PLACEMENT_3D('',#12877,#10666,#10667);
#8549=AXIS2_PLACEMENT_3D('',#12881,#10670,#10671);
#8550=AXIS2_PLACEMENT_3D('',#12883,#10673,#10674);
#8551=AXIS2_PLACEMENT_3D('',#12884,#10675,#10676);
#8552=AXIS2_PLACEMENT_3D('',#12893,#10681,#10682);
#8553=AXIS2_PLACEMENT_3D('',#12899,#10686,#10687);
#8554=AXIS2_PLACEMENT_3D('',#12903,#10690,#10691);
#8555=AXIS2_PLACEMENT_3D('',#12907,#10694,#10695);
#8556=AXIS2_PLACEMENT_3D('',#12909,#10697,#10698);
#8557=AXIS2_PLACEMENT_3D('',#12910,#10699,#10700);
#8558=AXIS2_PLACEMENT_3D('',#12919,#10705,#10706);
#8559=AXIS2_PLACEMENT_3D('',#12925,#10710,#10711);
#8560=AXIS2_PLACEMENT_3D('',#12929,#10714,#10715);
#8561=AXIS2_PLACEMENT_3D('',#12933,#10718,#10719);
#8562=AXIS2_PLACEMENT_3D('',#12935,#10721,#10722);
#8563=AXIS2_PLACEMENT_3D('',#12936,#10723,#10724);
#8564=AXIS2_PLACEMENT_3D('',#12945,#10729,#10730);
#8565=AXIS2_PLACEMENT_3D('',#12951,#10734,#10735);
#8566=AXIS2_PLACEMENT_3D('',#12955,#10738,#10739);
#8567=AXIS2_PLACEMENT_3D('',#12959,#10742,#10743);
#8568=AXIS2_PLACEMENT_3D('',#12961,#10745,#10746);
#8569=AXIS2_PLACEMENT_3D('',#12962,#10747,#10748);
#8570=AXIS2_PLACEMENT_3D('',#12971,#10753,#10754);
#8571=AXIS2_PLACEMENT_3D('',#12977,#10758,#10759);
#8572=AXIS2_PLACEMENT_3D('',#12981,#10762,#10763);
#8573=AXIS2_PLACEMENT_3D('',#12985,#10766,#10767);
#8574=AXIS2_PLACEMENT_3D('',#12987,#10769,#10770);
#8575=AXIS2_PLACEMENT_3D('',#12988,#10771,#10772);
#8576=AXIS2_PLACEMENT_3D('',#12997,#10777,#10778);
#8577=AXIS2_PLACEMENT_3D('',#13003,#10782,#10783);
#8578=AXIS2_PLACEMENT_3D('',#13007,#10786,#10787);
#8579=AXIS2_PLACEMENT_3D('',#13011,#10790,#10791);
#8580=AXIS2_PLACEMENT_3D('',#13013,#10793,#10794);
#8581=AXIS2_PLACEMENT_3D('',#13014,#10795,#10796);
#8582=AXIS2_PLACEMENT_3D('',#13023,#10801,#10802);
#8583=AXIS2_PLACEMENT_3D('',#13029,#10806,#10807);
#8584=AXIS2_PLACEMENT_3D('',#13033,#10810,#10811);
#8585=AXIS2_PLACEMENT_3D('',#13037,#10814,#10815);
#8586=AXIS2_PLACEMENT_3D('',#13039,#10817,#10818);
#8587=AXIS2_PLACEMENT_3D('',#13040,#10819,#10820);
#8588=AXIS2_PLACEMENT_3D('',#13049,#10825,#10826);
#8589=AXIS2_PLACEMENT_3D('',#13055,#10830,#10831);
#8590=AXIS2_PLACEMENT_3D('',#13059,#10834,#10835);
#8591=AXIS2_PLACEMENT_3D('',#13063,#10838,#10839);
#8592=AXIS2_PLACEMENT_3D('',#13065,#10841,#10842);
#8593=DIRECTION('axis',(0.,0.,1.));
#8594=DIRECTION('refdir',(1.,0.,0.));
#8595=DIRECTION('center_axis',(0.,0.,-1.));
#8596=DIRECTION('ref_axis',(-1.,0.,0.));
#8597=DIRECTION('center_axis',(0.,0.,1.));
#8598=DIRECTION('ref_axis',(-1.,0.,0.));
#8599=DIRECTION('',(0.0871557427476582,-1.0673500138323E-17,-0.996194698091746));
#8600=DIRECTION('center_axis',(0.,0.,-1.));
#8601=DIRECTION('ref_axis',(-1.,0.,0.));
#8602=DIRECTION('center_axis',(0.,0.,-1.));
#8603=DIRECTION('ref_axis',(-1.,0.,0.));
#8604=DIRECTION('center_axis',(0.,0.,-1.));
#8605=DIRECTION('ref_axis',(-1.,0.,0.));
#8606=DIRECTION('center_axis',(0.,0.,-1.));
#8607=DIRECTION('ref_axis',(-1.,0.,0.));
#8608=DIRECTION('',(0.0871557427476582,1.0673500138323E-17,-0.996194698091746));
#8609=DIRECTION('center_axis',(0.,0.,-1.));
#8610=DIRECTION('ref_axis',(-1.,0.,0.));
#8611=DIRECTION('center_axis',(0.,0.,1.));
#8612=DIRECTION('ref_axis',(-1.,0.,0.));
#8613=DIRECTION('center_axis',(0.,0.,1.));
#8614=DIRECTION('ref_axis',(-1.,0.,0.));
#8615=DIRECTION('center_axis',(0.,0.,1.));
#8616=DIRECTION('ref_axis',(-1.,0.,0.));
#8617=DIRECTION('',(0.,0.,-1.));
#8618=DIRECTION('center_axis',(0.,0.,-1.));
#8619=DIRECTION('ref_axis',(-1.,0.,0.));
#8620=DIRECTION('center_axis',(0.,0.,1.));
#8621=DIRECTION('ref_axis',(-1.,0.,0.));
#8622=DIRECTION('center_axis',(0.,0.,1.));
#8623=DIRECTION('ref_axis',(-1.,0.,0.));
#8624=DIRECTION('center_axis',(0.,0.,1.));
#8625=DIRECTION('ref_axis',(-1.,0.,0.));
#8626=DIRECTION('',(0.,0.,-1.));
#8627=DIRECTION('center_axis',(0.,0.,-1.));
#8628=DIRECTION('ref_axis',(-1.,0.,0.));
#8629=DIRECTION('center_axis',(0.,0.,1.));
#8630=DIRECTION('ref_axis',(-1.,0.,0.));
#8631=DIRECTION('center_axis',(0.,0.,1.));
#8632=DIRECTION('ref_axis',(-1.,0.,0.));
#8633=DIRECTION('center_axis',(0.,0.,1.));
#8634=DIRECTION('ref_axis',(-1.,0.,0.));
#8635=DIRECTION('',(0.,0.,-1.));
#8636=DIRECTION('center_axis',(0.,0.,-1.));
#8637=DIRECTION('ref_axis',(-1.,0.,0.));
#8638=DIRECTION('center_axis',(0.,0.,1.));
#8639=DIRECTION('ref_axis',(-1.,0.,0.));
#8640=DIRECTION('center_axis',(0.,0.,1.));
#8641=DIRECTION('ref_axis',(-1.,0.,0.));
#8642=DIRECTION('center_axis',(0.,0.,1.));
#8643=DIRECTION('ref_axis',(-1.,0.,0.));
#8644=DIRECTION('',(0.,0.,-1.));
#8645=DIRECTION('center_axis',(0.,0.,-1.));
#8646=DIRECTION('ref_axis',(-1.,0.,0.));
#8647=DIRECTION('center_axis',(0.,0.,1.));
#8648=DIRECTION('ref_axis',(-1.,0.,0.));
#8649=DIRECTION('center_axis',(0.,0.,1.));
#8650=DIRECTION('ref_axis',(-1.,0.,0.));
#8651=DIRECTION('center_axis',(0.,0.,1.));
#8652=DIRECTION('ref_axis',(-1.,0.,0.));
#8653=DIRECTION('',(0.,0.,-1.));
#8654=DIRECTION('center_axis',(0.,0.,-1.));
#8655=DIRECTION('ref_axis',(-1.,0.,0.));
#8656=DIRECTION('center_axis',(0.,0.,1.));
#8657=DIRECTION('ref_axis',(-1.,0.,0.));
#8658=DIRECTION('center_axis',(0.,1.,0.));
#8659=DIRECTION('ref_axis',(0.707106781186548,0.,0.707106781186548));
#8660=DIRECTION('center_axis',(0.,1.,0.));
#8661=DIRECTION('ref_axis',(0.,0.,1.));
#8662=DIRECTION('',(0.,1.,0.));
#8663=DIRECTION('center_axis',(-5.55111512312578E-15,-1.,0.));
#8664=DIRECTION('ref_axis',(1.,-5.55111512312578E-15,0.));
#8665=DIRECTION('',(0.,-1.,0.));
#8666=DIRECTION('center_axis',(0.,0.,-1.));
#8667=DIRECTION('ref_axis',(-1.,0.,0.));
#8668=DIRECTION('center_axis',(-1.,0.,0.));
#8669=DIRECTION('ref_axis',(0.,-1.,0.));
#8670=DIRECTION('center_axis',(0.,0.,1.));
#8671=DIRECTION('ref_axis',(-0.707106781186548,0.707106781186547,0.));
#8672=DIRECTION('center_axis',(0.,0.,-1.));
#8673=DIRECTION('ref_axis',(-0.707106781186548,0.707106781186547,0.));
#8674=DIRECTION('center_axis',(1.,0.,0.));
#8675=DIRECTION('ref_axis',(0.,-0.707106781186548,0.707106781186548));
#8676=DIRECTION('center_axis',(-1.,0.,0.));
#8677=DIRECTION('ref_axis',(0.,-1.,0.));
#8678=DIRECTION('',(-1.,0.,0.));
#8679=DIRECTION('',(1.,0.,0.));
#8680=DIRECTION('center_axis',(0.,0.,-1.));
#8681=DIRECTION('ref_axis',(-1.,0.,0.));
#8682=DIRECTION('center_axis',(0.,1.,0.));
#8683=DIRECTION('ref_axis',(-1.,0.,0.));
#8684=DIRECTION('center_axis',(0.,0.,1.));
#8685=DIRECTION('ref_axis',(0.707106781186546,0.707106781186549,0.));
#8686=DIRECTION('center_axis',(0.,0.,-1.));
#8687=DIRECTION('ref_axis',(0.707106781186546,0.707106781186549,0.));
#8688=DIRECTION('center_axis',(0.,-1.,0.));
#8689=DIRECTION('ref_axis',(-0.707106781186548,0.,0.707106781186548));
#8690=DIRECTION('center_axis',(-5.55111512312578E-15,1.,0.));
#8691=DIRECTION('ref_axis',(-1.,-5.55111512312578E-15,0.));
#8692=DIRECTION('',(0.,1.,0.));
#8693=DIRECTION('',(0.,-1.,0.));
#8694=DIRECTION('center_axis',(0.,0.,-1.));
#8695=DIRECTION('ref_axis',(-1.,0.,0.));
#8696=DIRECTION('center_axis',(1.,0.,0.));
#8697=DIRECTION('ref_axis',(0.,1.,0.));
#8698=DIRECTION('center_axis',(0.,0.,1.));
#8699=DIRECTION('ref_axis',(0.707106781186547,-0.707106781186547,0.));
#8700=DIRECTION('center_axis',(0.,0.,-1.));
#8701=DIRECTION('ref_axis',(0.707106781186548,-0.707106781186548,0.));
#8702=DIRECTION('center_axis',(-1.,-1.75323121752064E-16,0.));
#8703=DIRECTION('ref_axis',(0.,0.707106781186548,0.707106781186548));
#8704=DIRECTION('center_axis',(1.,0.,0.));
#8705=DIRECTION('ref_axis',(0.,1.,0.));
#8706=DIRECTION('',(1.,1.75323121752064E-16,0.));
#8707=DIRECTION('',(-1.,-1.75323121752064E-16,0.));
#8708=DIRECTION('center_axis',(0.,0.,-1.));
#8709=DIRECTION('ref_axis',(-1.,0.,0.));
#8710=DIRECTION('center_axis',(0.,0.,1.));
#8711=DIRECTION('ref_axis',(-0.707106781186548,-0.707106781186547,0.));
#8712=DIRECTION('center_axis',(0.,0.,-1.));
#8713=DIRECTION('ref_axis',(-0.707106781186548,-0.707106781186547,0.));
#8714=DIRECTION('center_axis',(0.,0.,-1.));
#8715=DIRECTION('ref_axis',(1.,0.,0.));
#8716=DIRECTION('',(0.,0.,-1.));
#8717=DIRECTION('center_axis',(0.,0.,-1.));
#8718=DIRECTION('ref_axis',(1.,0.,0.));
#8719=DIRECTION('',(0.,0.,-1.));
#8720=DIRECTION('center_axis',(0.,1.,0.));
#8721=DIRECTION('ref_axis',(1.,0.,0.));
#8722=DIRECTION('',(0.,0.,-1.));
#8723=DIRECTION('',(1.,0.,0.));
#8724=DIRECTION('center_axis',(0.,0.,-1.));
#8725=DIRECTION('ref_axis',(0.,1.,0.));
#8726=DIRECTION('',(0.,0.,-1.));
#8727=DIRECTION('center_axis',(0.,0.,-1.));
#8728=DIRECTION('ref_axis',(0.,1.,0.));
#8729=DIRECTION('center_axis',(-1.,0.,0.));
#8730=DIRECTION('ref_axis',(0.,1.,0.));
#8731=DIRECTION('',(0.,0.,-1.));
#8732=DIRECTION('',(0.,1.,0.));
#8733=DIRECTION('center_axis',(0.,0.,1.));
#8734=DIRECTION('ref_axis',(1.,0.,0.));
#8735=DIRECTION('',(0.,-1.,0.));
#8736=DIRECTION('center_axis',(0.,0.,-1.));
#8737=DIRECTION('ref_axis',(0.707106781186547,0.707106781186547,0.));
#8738=DIRECTION('',(1.,0.,0.));
#8739=DIRECTION('center_axis',(0.,0.,-1.));
#8740=DIRECTION('ref_axis',(-0.707106781186549,0.707106781186546,0.));
#8741=DIRECTION('',(7.27300213946803E-17,1.,0.));
#8742=DIRECTION('center_axis',(0.,0.,-1.));
#8743=DIRECTION('ref_axis',(-0.707106781186548,-0.707106781186547,0.));
#8744=DIRECTION('',(-1.,0.,0.));
#8745=DIRECTION('center_axis',(0.,0.,-1.));
#8746=DIRECTION('ref_axis',(0.707106781186549,-0.707106781186546,0.));
#8747=DIRECTION('',(0.,-1.,0.));
#8748=DIRECTION('',(1.,0.,0.));
#8749=DIRECTION('',(0.,-1.,0.));
#8750=DIRECTION('',(-1.,0.,0.));
#8751=DIRECTION('center_axis',(-1.,0.,0.));
#8752=DIRECTION('ref_axis',(0.,0.707106781186548,0.707106781186548));
#8753=DIRECTION('center_axis',(-0.707106781186548,0.707106781186548,0.));
#8754=DIRECTION('ref_axis',(0.707106781186547,0.707106781186547,0.));
#8755=DIRECTION('',(-1.,0.,0.));
#8756=DIRECTION('center_axis',(0.707106781186548,0.,0.707106781186548));
#8757=DIRECTION('ref_axis',(-0.707106781186547,0.,0.707106781186547));
#8758=DIRECTION('center_axis',(-0.707106781186539,0.707106781186556,0.));
#8759=DIRECTION('ref_axis',(-0.707106781186556,-0.707106781186539,0.));
#8760=DIRECTION('center_axis',(0.,1.,0.));
#8761=DIRECTION('ref_axis',(0.707106781186548,0.,0.707106781186548));
#8762=DIRECTION('',(0.,1.,0.));
#8763=DIRECTION('center_axis',(5.55111512312578E-15,-1.,0.));
#8764=DIRECTION('ref_axis',(1.,5.55111512312578E-15,0.));
#8765=DIRECTION('center_axis',(0.707106781186546,0.70710678118655,-3.92523114670945E-15));
#8766=DIRECTION('ref_axis',(0.70710678118655,-0.707106781186546,-3.92523114670947E-15));
#8767=DIRECTION('center_axis',(1.,0.,0.));
#8768=DIRECTION('ref_axis',(0.,-0.707106781186548,0.707106781186548));
#8769=DIRECTION('center_axis',(0.707106781186539,0.707106781186556,0.));
#8770=DIRECTION('ref_axis',(-0.707106781186556,0.707106781186539,0.));
#8771=DIRECTION('center_axis',(0.707106781186548,0.,0.707106781186548));
#8772=DIRECTION('ref_axis',(-0.707106781186547,0.,0.707106781186547));
#8773=DIRECTION('',(1.,0.,0.));
#8774=DIRECTION('center_axis',(0.,1.,0.));
#8775=DIRECTION('ref_axis',(0.382683432365086,0.,0.923879532511288));
#8776=DIRECTION('',(0.,1.,0.));
#8777=DIRECTION('center_axis',(0.,0.,1.));
#8778=DIRECTION('ref_axis',(1.,0.,0.));
#8779=DIRECTION('center_axis',(1.,0.,0.));
#8780=DIRECTION('ref_axis',(0.,1.,0.));
#8781=DIRECTION('center_axis',(0.,0.,1.));
#8782=DIRECTION('ref_axis',(0.707106781186548,0.707106781186548,0.));
#8783=DIRECTION('center_axis',(-1.,0.,0.));
#8784=DIRECTION('ref_axis',(0.,0.707106781186548,0.707106781186548));
#8785=DIRECTION('center_axis',(1.,0.,0.));
#8786=DIRECTION('ref_axis',(0.,1.,0.));
#8787=DIRECTION('',(-1.,0.,0.));
#8788=DIRECTION('center_axis',(0.,0.,1.));
#8789=DIRECTION('ref_axis',(1.,0.,0.));
#8790=DIRECTION('center_axis',(-5.55111512312578E-15,1.,0.));
#8791=DIRECTION('ref_axis',(-1.,-5.55111512312578E-15,0.));
#8792=DIRECTION('center_axis',(0.,0.,1.));
#8793=DIRECTION('ref_axis',(-0.707106781186549,0.707106781186546,0.));
#8794=DIRECTION('center_axis',(-7.27300213946803E-17,-1.,0.));
#8795=DIRECTION('ref_axis',(-0.707106781186548,0.,0.707106781186548));
#8796=DIRECTION('center_axis',(5.55111512312578E-15,1.,0.));
#8797=DIRECTION('ref_axis',(-1.,5.55111512312578E-15,0.));
#8798=DIRECTION('',(-7.27300213946803E-17,-1.,0.));
#8799=DIRECTION('center_axis',(0.,0.,1.));
#8800=DIRECTION('ref_axis',(1.,0.,0.));
#8801=DIRECTION('center_axis',(-1.,5.55111512312578E-15,0.));
#8802=DIRECTION('ref_axis',(-5.55111512312578E-15,-1.,0.));
#8803=DIRECTION('center_axis',(0.,0.,1.));
#8804=DIRECTION('ref_axis',(-0.707106781186548,-0.707106781186547,0.));
#8805=DIRECTION('center_axis',(1.,0.,0.));
#8806=DIRECTION('ref_axis',(0.,-0.707106781186548,0.707106781186548));
#8807=DIRECTION('center_axis',(-1.,0.,0.));
#8808=DIRECTION('ref_axis',(0.,-1.,0.));
#8809=DIRECTION('',(1.,0.,0.));
#8810=DIRECTION('center_axis',(0.,0.,1.));
#8811=DIRECTION('ref_axis',(1.,0.,0.));
#8812=DIRECTION('center_axis',(5.55111512312578E-15,-1.,0.));
#8813=DIRECTION('ref_axis',(1.,5.55111512312578E-15,0.));
#8814=DIRECTION('center_axis',(0.,0.,1.));
#8815=DIRECTION('ref_axis',(0.707106781186549,-0.707106781186546,0.));
#8816=DIRECTION('center_axis',(0.,1.,0.));
#8817=DIRECTION('ref_axis',(0.707106781186548,0.,0.707106781186548));
#8818=DIRECTION('',(0.,1.,0.));
#8819=DIRECTION('center_axis',(1.,-7.27300213946803E-17,0.));
#8820=DIRECTION('ref_axis',(-7.27300213946803E-17,-1.,0.));
#8821=DIRECTION('',(0.,0.,-1.));
#8822=DIRECTION('',(-7.27300213946803E-17,-1.,0.));
#8823=DIRECTION('',(0.,0.,-1.));
#8824=DIRECTION('center_axis',(0.,0.,-1.));
#8825=DIRECTION('ref_axis',(-1.11022302462516E-15,1.,0.));
#8826=DIRECTION('',(0.,0.,-1.));
#8827=DIRECTION('center_axis',(0.,0.,1.));
#8828=DIRECTION('ref_axis',(-1.11022302462516E-15,1.,0.));
#8829=DIRECTION('center_axis',(0.,-1.,0.));
#8830=DIRECTION('ref_axis',(-1.,0.,0.));
#8831=DIRECTION('',(0.,0.,-1.));
#8832=DIRECTION('',(-1.,0.,0.));
#8833=DIRECTION('center_axis',(0.,0.,-1.));
#8834=DIRECTION('ref_axis',(1.,-1.11022302462516E-15,0.));
#8835=DIRECTION('',(0.,0.,-1.));
#8836=DIRECTION('center_axis',(0.,0.,1.));
#8837=DIRECTION('ref_axis',(1.,-1.11022302462516E-15,0.));
#8838=DIRECTION('center_axis',(0.,1.,0.));
#8839=DIRECTION('ref_axis',(1.,0.,0.));
#8840=DIRECTION('',(0.707106781186548,0.,-0.707106781186548));
#8841=DIRECTION('',(1.,0.,0.));
#8842=DIRECTION('',(0.,0.,-1.));
#8843=DIRECTION('center_axis',(0.,0.,-1.));
#8844=DIRECTION('ref_axis',(-1.,0.,0.));
#8845=DIRECTION('center_axis',(1.,1.73472347597682E-16,0.));
#8846=DIRECTION('ref_axis',(0.,0.,1.));
#8847=DIRECTION('center_axis',(0.,0.,-1.));
#8848=DIRECTION('ref_axis',(0.707106781186548,0.707106781186547,0.));
#8849=DIRECTION('center_axis',(5.55111512312578E-15,1.,0.));
#8850=DIRECTION('ref_axis',(-1.,5.55111512312578E-15,0.));
#8851=DIRECTION('center_axis',(0.,0.,1.));
#8852=DIRECTION('ref_axis',(0.707106781186548,0.707106781186547,0.));
#8853=DIRECTION('center_axis',(2.81306509617861E-17,-1.,0.));
#8854=DIRECTION('ref_axis',(-0.707106781186547,0.,0.707106781186548));
#8855=DIRECTION('center_axis',(0.,1.,0.));
#8856=DIRECTION('ref_axis',(-1.,0.,0.));
#8857=DIRECTION('',(-2.81306509617861E-17,1.,0.));
#8858=DIRECTION('',(2.81306509617861E-17,-1.,0.));
#8859=DIRECTION('center_axis',(0.,0.,-1.));
#8860=DIRECTION('ref_axis',(-1.,0.,0.));
#8861=DIRECTION('center_axis',(1.,0.,0.));
#8862=DIRECTION('ref_axis',(0.,1.,0.));
#8863=DIRECTION('center_axis',(0.,0.,1.));
#8864=DIRECTION('ref_axis',(0.707106781186547,-0.707106781186548,0.));
#8865=DIRECTION('center_axis',(0.,0.,-1.));
#8866=DIRECTION('ref_axis',(0.707106781186547,-0.707106781186548,0.));
#8867=DIRECTION('center_axis',(-1.,0.,0.));
#8868=DIRECTION('ref_axis',(0.,0.707106781186548,0.707106781186548));
#8869=DIRECTION('center_axis',(1.,0.,0.));
#8870=DIRECTION('ref_axis',(0.,1.,0.));
#8871=DIRECTION('',(1.,0.,0.));
#8872=DIRECTION('',(-1.,0.,0.));
#8873=DIRECTION('center_axis',(0.,0.,-1.));
#8874=DIRECTION('ref_axis',(-1.,0.,0.));
#8875=DIRECTION('center_axis',(-5.55111512312578E-15,-1.,0.));
#8876=DIRECTION('ref_axis',(1.,-5.55111512312578E-15,0.));
#8877=DIRECTION('center_axis',(0.,0.,1.));
#8878=DIRECTION('ref_axis',(-0.707106781186545,-0.70710678118655,0.));
#8879=DIRECTION('center_axis',(0.,0.,-1.));
#8880=DIRECTION('ref_axis',(-0.707106781186545,-0.70710678118655,0.));
#8881=DIRECTION('center_axis',(-7.50150692314295E-17,1.,0.));
#8882=DIRECTION('ref_axis',(0.707106781186548,0.,0.707106781186548));
#8883=DIRECTION('center_axis',(0.,-1.,0.));
#8884=DIRECTION('ref_axis',(1.,0.,0.));
#8885=DIRECTION('',(7.50150692314295E-17,-1.,0.));
#8886=DIRECTION('',(-7.50150692314295E-17,1.,0.));
#8887=DIRECTION('center_axis',(0.,0.,-1.));
#8888=DIRECTION('ref_axis',(-1.,0.,0.));
#8889=DIRECTION('center_axis',(-1.,5.55111512312578E-15,0.));
#8890=DIRECTION('ref_axis',(-5.55111512312578E-15,-1.,0.));
#8891=DIRECTION('center_axis',(0.,0.,1.));
#8892=DIRECTION('ref_axis',(-0.707106781186544,0.707106781186551,0.));
#8893=DIRECTION('center_axis',(0.,0.,-1.));
#8894=DIRECTION('ref_axis',(-0.707106781186544,0.707106781186551,0.));
#8895=DIRECTION('center_axis',(1.,0.,0.));
#8896=DIRECTION('ref_axis',(0.,-0.707106781186548,0.707106781186548));
#8897=DIRECTION('',(-1.,0.,0.));
#8898=DIRECTION('',(1.,0.,0.));
#8899=DIRECTION('center_axis',(0.,-1.,0.));
#8900=DIRECTION('ref_axis',(-1.,0.,0.));
#8901=DIRECTION('',(0.,0.,-1.));
#8902=DIRECTION('',(-1.,0.,0.));
#8903=DIRECTION('',(0.,0.,-1.));
#8904=DIRECTION('center_axis',(0.,0.,-1.));
#8905=DIRECTION('ref_axis',(3.46944695195361E-16,-1.,0.));
#8906=DIRECTION('',(0.,0.,-1.));
#8907=DIRECTION('center_axis',(0.,0.,-1.));
#8908=DIRECTION('ref_axis',(3.46944695195361E-16,-1.,0.));
#8909=DIRECTION('center_axis',(1.,2.81306509617861E-17,0.));
#8910=DIRECTION('ref_axis',(2.81306509617861E-17,-1.,0.));
#8911=DIRECTION('',(0.,0.,-1.));
#8912=DIRECTION('',(2.81306509617861E-17,-1.,0.));
#8913=DIRECTION('center_axis',(0.,0.,-1.));
#8914=DIRECTION('ref_axis',(1.,-2.77555756156289E-15,0.));
#8915=DIRECTION('',(0.,0.,-1.));
#8916=DIRECTION('center_axis',(0.,0.,-1.));
#8917=DIRECTION('ref_axis',(1.,-2.77555756156289E-15,0.));
#8918=DIRECTION('center_axis',(0.,0.,1.));
#8919=DIRECTION('ref_axis',(1.,0.,0.));
#8920=DIRECTION('',(1.,8.58384314387444E-17,0.));
#8921=DIRECTION('center_axis',(0.,0.,1.));
#8922=DIRECTION('ref_axis',(-1.,2.83678990152026E-15,0.));
#8923=DIRECTION('',(-1.,-2.86128104795815E-17,0.));
#8924=DIRECTION('',(0.,-1.,0.));
#8925=DIRECTION('',(1.,0.,0.));
#8926=DIRECTION('center_axis',(0.,0.,1.));
#8927=DIRECTION('ref_axis',(-0.707106781186547,-0.707106781186548,0.));
#8928=DIRECTION('',(0.,-1.,0.));
#8929=DIRECTION('',(1.,1.04740780314082E-16,0.));
#8930=DIRECTION('center_axis',(0.,0.,-1.));
#8931=DIRECTION('ref_axis',(-0.382683432365089,0.923879532511287,0.));
#8932=DIRECTION('',(0.707106781186549,0.707106781186545,0.));
#8933=DIRECTION('center_axis',(0.,0.,1.));
#8934=DIRECTION('ref_axis',(0.382683432365088,-0.923879532511287,0.));
#8935=DIRECTION('',(1.,0.,0.));
#8936=DIRECTION('center_axis',(0.,0.,1.));
#8937=DIRECTION('ref_axis',(-0.382683432365088,-0.923879532511287,0.));
#8938=DIRECTION('',(0.707106781186551,-0.707106781186544,0.));
#8939=DIRECTION('center_axis',(0.,0.,-1.));
#8940=DIRECTION('ref_axis',(0.382683432365088,0.923879532511288,0.));
#8941=DIRECTION('',(1.,0.,0.));
#8942=DIRECTION('',(0.,1.,0.));
#8943=DIRECTION('center_axis',(0.,0.,1.));
#8944=DIRECTION('ref_axis',(0.707106781186547,-0.707106781186548,0.));
#8945=DIRECTION('',(1.,0.,0.));
#8946=DIRECTION('',(-1.94775969232484E-16,1.,0.));
#8947=DIRECTION('',(-1.,0.,0.));
#8948=DIRECTION('center_axis',(0.,0.,1.));
#8949=DIRECTION('ref_axis',(0.707106781186549,0.707106781186546,0.));
#8950=DIRECTION('',(3.5236325953705E-16,1.,0.));
#8951=DIRECTION('',(-1.,0.,0.));
#8952=DIRECTION('center_axis',(0.,0.,-1.));
#8953=DIRECTION('ref_axis',(0.382683432365088,-0.923879532511288,0.));
#8954=DIRECTION('',(-0.707106781186548,-0.707106781186548,0.));
#8955=DIRECTION('center_axis',(0.,0.,1.));
#8956=DIRECTION('ref_axis',(-0.38268343236509,0.923879532511287,0.));
#8957=DIRECTION('',(-1.,0.,0.));
#8958=DIRECTION('center_axis',(0.,0.,1.));
#8959=DIRECTION('ref_axis',(0.382683432365091,0.923879532511286,0.));
#8960=DIRECTION('',(-0.707106781186547,0.707106781186548,0.));
#8961=DIRECTION('center_axis',(0.,0.,-1.));
#8962=DIRECTION('ref_axis',(-0.382683432365091,-0.923879532511286,0.));
#8963=DIRECTION('',(-1.,0.,0.));
#8964=DIRECTION('',(0.,-1.,0.));
#8965=DIRECTION('center_axis',(0.,0.,1.));
#8966=DIRECTION('ref_axis',(-0.707106781186547,0.707106781186548,0.));
#8967=DIRECTION('',(-1.,3.3641756830876E-16,0.));
#8968=DIRECTION('',(0.,-1.,0.));
#8969=DIRECTION('',(-1.,0.,0.));
#8970=DIRECTION('',(0.,1.,0.));
#8971=DIRECTION('',(1.,0.,0.));
#8972=DIRECTION('',(0.,-1.,0.));
#8973=DIRECTION('',(0.,-1.,0.));
#8974=DIRECTION('center_axis',(0.,0.,1.));
#8975=DIRECTION('ref_axis',(-0.707106781186548,0.707106781186547,0.));
#8976=DIRECTION('',(-1.,0.,0.));
#8977=DIRECTION('center_axis',(0.,0.,1.));
#8978=DIRECTION('ref_axis',(0.707106781186547,0.707106781186547,0.));
#8979=DIRECTION('',(0.,1.,0.));
#8980=DIRECTION('center_axis',(0.,0.,1.));
#8981=DIRECTION('ref_axis',(0.707106781186547,-0.707106781186547,0.));
#8982=DIRECTION('',(1.,0.,0.));
#8983=DIRECTION('center_axis',(0.,0.,1.));
#8984=DIRECTION('ref_axis',(-0.707106781186548,-0.707106781186547,0.));
#8985=DIRECTION('',(0.,-1.,0.));
#8986=DIRECTION('',(1.,-7.77467104079242E-16,0.));
#8987=DIRECTION('center_axis',(0.,0.,1.));
#8988=DIRECTION('ref_axis',(-0.707106781186546,-0.707106781186549,0.));
#8989=DIRECTION('',(-1.45699335727014E-16,-1.,0.));
#8990=DIRECTION('center_axis',(0.,0.,1.));
#8991=DIRECTION('ref_axis',(-0.707106781186548,0.707106781186548,0.));
#8992=DIRECTION('',(-1.,0.,0.));
#8993=DIRECTION('',(0.,-1.,0.));
#8994=DIRECTION('',(1.,0.,0.));
#8995=DIRECTION('center_axis',(0.,0.,1.));
#8996=DIRECTION('ref_axis',(-0.707106781186548,-0.707106781186547,0.));
#8997=DIRECTION('',(0.,-1.,0.));
#8998=DIRECTION('center_axis',(0.,0.,1.));
#8999=DIRECTION('ref_axis',(-0.707106781186547,0.707106781186547,0.));
#9000=DIRECTION('',(-1.,0.,0.));
#9001=DIRECTION('center_axis',(-1.,0.,0.));
#9002=DIRECTION('ref_axis',(0.,0.707106781186548,0.707106781186548));
#9003=DIRECTION('center_axis',(-0.707106781186548,-0.707106781186548,0.));
#9004=DIRECTION('ref_axis',(0.707106781186547,-0.707106781186547,0.));
#9005=DIRECTION('',(-1.,0.,0.));
#9006=DIRECTION('center_axis',(-0.707106781186548,0.707106781186548,0.));
#9007=DIRECTION('ref_axis',(-0.707106781186547,-0.707106781186547,0.));
#9008=DIRECTION('center_axis',(1.,0.,0.));
#9009=DIRECTION('ref_axis',(0.,-0.707106781186548,0.707106781186548));
#9010=DIRECTION('center_axis',(0.707106781186548,0.707106781186548,0.));
#9011=DIRECTION('ref_axis',(-0.707106781186547,0.707106781186547,0.));
#9012=DIRECTION('',(1.,0.,0.));
#9013=DIRECTION('center_axis',(-0.707106781186548,0.707106781186548,0.));
#9014=DIRECTION('ref_axis',(-0.707106781186547,-0.707106781186547,0.));
#9015=DIRECTION('center_axis',(0.,1.,0.));
#9016=DIRECTION('ref_axis',(0.707106781186555,0.,0.70710678118654));
#9017=DIRECTION('',(0.,1.,0.));
#9018=DIRECTION('center_axis',(0.,-1.,0.));
#9019=DIRECTION('ref_axis',(-0.707106781186548,0.,0.707106781186548));
#9020=DIRECTION('',(0.,-1.,0.));
#9021=DIRECTION('center_axis',(1.,0.,0.));
#9022=DIRECTION('ref_axis',(0.,-1.,0.));
#9023=DIRECTION('',(0.,0.,-1.));
#9024=DIRECTION('',(0.,-1.,0.));
#9025=DIRECTION('',(0.,0.,-1.));
#9026=DIRECTION('center_axis',(0.,1.,0.));
#9027=DIRECTION('ref_axis',(1.,0.,0.));
#9028=DIRECTION('',(0.,0.,-1.));
#9029=DIRECTION('',(1.,0.,0.));
#9030=DIRECTION('center_axis',(-1.,-8.58384314387444E-17,0.));
#9031=DIRECTION('ref_axis',(0.,0.707106781186548,0.707106781186548));
#9032=DIRECTION('center_axis',(-0.999657324975557,0.,-0.026176948307873));
#9033=DIRECTION('ref_axis',(-0.026176948307873,0.,0.999657324975557));
#9034=DIRECTION('',(-1.,-8.58384314387444E-17,0.));
#9035=DIRECTION('center_axis',(1.,0.,0.));
#9036=DIRECTION('ref_axis',(0.,1.,0.));
#9037=DIRECTION('center_axis',(-0.707106781186546,0.707106781186549,0.));
#9038=DIRECTION('ref_axis',(0.707106781186549,0.707106781186547,0.));
#9039=DIRECTION('center_axis',(0.,0.,-1.));
#9040=DIRECTION('ref_axis',(-1.,0.,0.));
#9041=DIRECTION('center_axis',(0.,0.,-1.));
#9042=DIRECTION('ref_axis',(2.77555756156289E-15,1.,0.));
#9043=DIRECTION('center_axis',(-1.,0.,0.));
#9044=DIRECTION('ref_axis',(0.,-1.,0.));
#9045=DIRECTION('center_axis',(1.,2.86128104795815E-17,0.));
#9046=DIRECTION('ref_axis',(0.,-0.707106781186547,0.707106781186548));
#9047=DIRECTION('center_axis',(-0.707106781186549,-0.707106781186547,0.));
#9048=DIRECTION('ref_axis',(0.707106781186547,-0.707106781186548,1.2266347333467E-16));
#9049=DIRECTION('',(1.,2.86128104795815E-17,0.));
#9050=DIRECTION('center_axis',(-0.999657324975557,0.,-0.026176948307873));
#9051=DIRECTION('ref_axis',(-0.026176948307873,1.30059677217546E-15,0.999657324975557));
#9052=DIRECTION('center_axis',(0.,-1.,0.));
#9053=DIRECTION('ref_axis',(0.697790459841674,0.,0.71630194342466));
#9054=DIRECTION('',(0.,1.,0.));
#9055=DIRECTION('center_axis',(-0.707106781186548,0.707106781186548,0.));
#9056=DIRECTION('ref_axis',(0.707106781186547,0.707106781186547,0.));
#9057=DIRECTION('center_axis',(0.,1.,0.));
#9058=DIRECTION('ref_axis',(0.70710678118654,0.,0.707106781186555));
#9059=DIRECTION('center_axis',(0.,0.999657324975557,-0.0261769483078732));
#9060=DIRECTION('ref_axis',(-1.10984257892306E-14,0.0261769483078732,0.999657324975557));
#9061=DIRECTION('',(0.,1.,0.));
#9062=DIRECTION('center_axis',(0.,-1.,0.));
#9063=DIRECTION('ref_axis',(1.,0.,0.));
#9064=DIRECTION('center_axis',(0.707106781186548,0.707106781186548,0.));
#9065=DIRECTION('ref_axis',(0.707106781186548,-0.707106781186547,0.));
#9066=DIRECTION('center_axis',(0.,0.,-1.));
#9067=DIRECTION('ref_axis',(-1.,0.,0.));
#9068=DIRECTION('center_axis',(0.,0.,-1.));
#9069=DIRECTION('ref_axis',(0.,1.,0.));
#9070=DIRECTION('center_axis',(-1.,0.,0.));
#9071=DIRECTION('ref_axis',(0.,-1.,0.));
#9072=DIRECTION('center_axis',(1.,-3.3641756830876E-16,0.));
#9073=DIRECTION('ref_axis',(0.,-0.707106781186548,0.707106781186548));
#9074=DIRECTION('center_axis',(-0.707106781186548,-0.707106781186548,0.));
#9075=DIRECTION('ref_axis',(0.707106781186547,-0.707106781186547,0.));
#9076=DIRECTION('',(1.,-3.3641756830876E-16,0.));
#9077=DIRECTION('center_axis',(-0.999657324975557,0.,-0.026176948307873));
#9078=DIRECTION('ref_axis',(-0.026176948307873,0.,0.999657324975557));
#9079=DIRECTION('center_axis',(0.,-1.,0.));
#9080=DIRECTION('ref_axis',(0.697790459841674,0.,0.71630194342466));
#9081=DIRECTION('',(0.,1.,0.));
#9082=DIRECTION('center_axis',(0.999657324975557,0.,0.026176948307873));
#9083=DIRECTION('ref_axis',(0.,1.,0.));
#9084=DIRECTION('',(0.,-1.,0.));
#9085=DIRECTION('',(-0.026176948307873,0.,0.999657324975557));
#9086=DIRECTION('',(0.,1.,0.));
#9087=DIRECTION('',(-0.026176948307873,0.,0.999657324975557));
#9088=DIRECTION('',(0.,-1.,0.));
#9089=DIRECTION('center_axis',(-0.999657324975557,0.,-0.026176948307873));
#9090=DIRECTION('ref_axis',(-0.026176948307873,0.,0.999657324975557));
#9091=DIRECTION('',(0.,-1.,0.));
#9092=DIRECTION('center_axis',(1.,0.,0.));
#9093=DIRECTION('ref_axis',(0.,-0.707106781186548,0.707106781186548));
#9094=DIRECTION('center_axis',(0.999657324975557,1.94709224372466E-16,-0.026176948307873));
#9095=DIRECTION('ref_axis',(0.026176948307873,0.,0.999657324975557));
#9096=DIRECTION('',(1.,0.,0.));
#9097=DIRECTION('center_axis',(-1.,0.,0.));
#9098=DIRECTION('ref_axis',(0.,-1.,0.));
#9099=DIRECTION('center_axis',(0.707106781186548,-0.707106781186548,0.));
#9100=DIRECTION('ref_axis',(-0.707106781186547,-0.707106781186547,0.));
#9101=DIRECTION('center_axis',(0.,0.,-1.));
#9102=DIRECTION('ref_axis',(-1.,0.,0.));
#9103=DIRECTION('center_axis',(0.,0.,-1.));
#9104=DIRECTION('ref_axis',(1.,-3.1720657846433E-15,0.));
#9105=DIRECTION('center_axis',(0.,1.,0.));
#9106=DIRECTION('ref_axis',(-1.,0.,0.));
#9107=DIRECTION('center_axis',(-3.5236325953705E-16,-1.,0.));
#9108=DIRECTION('ref_axis',(-0.70710678118654,0.,0.707106781186555));
#9109=DIRECTION('center_axis',(-0.707106781186548,0.707106781186548,0.));
#9110=DIRECTION('ref_axis',(-0.707106781186548,-0.707106781186548,0.));
#9111=DIRECTION('',(-3.5236325953705E-16,-1.,0.));
#9112=DIRECTION('center_axis',(0.,0.999657324975557,-0.0261769483078732));
#9113=DIRECTION('ref_axis',(1.10984257892306E-14,0.0261769483078732,0.999657324975557));
#9114=DIRECTION('center_axis',(-0.999657324975557,-1.94709224372466E-16,
0.026176948307873));
#9115=DIRECTION('ref_axis',(1.94775969232484E-16,-1.,0.));
#9116=DIRECTION('',(1.94775969232484E-16,-1.,0.));
#9117=DIRECTION('center_axis',(0.999657324975557,1.94709224372466E-16,-0.026176948307873));
#9118=DIRECTION('ref_axis',(0.026176948307873,0.,0.999657324975557));
#9119=DIRECTION('',(-1.94775969232484E-16,1.,0.));
#9120=DIRECTION('',(0.026176948307873,0.,0.999657324975557));
#9121=DIRECTION('',(1.94775969232484E-16,-1.,0.));
#9122=DIRECTION('',(0.026176948307873,0.,0.999657324975557));
#9123=DIRECTION('',(-1.94775969232484E-16,1.,0.));
#9124=DIRECTION('center_axis',(-1.94775969232484E-16,1.,0.));
#9125=DIRECTION('ref_axis',(-0.697790459841674,0.,0.71630194342466));
#9126=DIRECTION('center_axis',(0.707106781186548,0.707106781186548,0.));
#9127=DIRECTION('ref_axis',(-0.707106781186547,0.707106781186547,0.));
#9128=DIRECTION('center_axis',(0.,-1.,0.));
#9129=DIRECTION('ref_axis',(-0.707106781186548,0.,0.707106781186548));
#9130=DIRECTION('center_axis',(0.,-0.999657324975557,-0.0261769483078732));
#9131=DIRECTION('ref_axis',(0.,-0.0261769483078732,0.999657324975557));
#9132=DIRECTION('',(0.,-1.,0.));
#9133=DIRECTION('center_axis',(0.,1.,0.));
#9134=DIRECTION('ref_axis',(-1.,0.,0.));
#9135=DIRECTION('center_axis',(-0.707106781186548,-0.707106781186548,0.));
#9136=DIRECTION('ref_axis',(-0.707106781186547,0.707106781186547,0.));
#9137=DIRECTION('center_axis',(0.,0.,-1.));
#9138=DIRECTION('ref_axis',(-1.,0.,0.));
#9139=DIRECTION('center_axis',(0.,0.,-1.));
#9140=DIRECTION('ref_axis',(0.,-1.,0.));
#9141=DIRECTION('center_axis',(1.,1.11022302462516E-14,0.));
#9142=DIRECTION('ref_axis',(-1.11022302462516E-14,1.,0.));
#9143=DIRECTION('center_axis',(-1.,0.,0.));
#9144=DIRECTION('ref_axis',(0.,0.707106781186548,0.707106781186548));
#9145=DIRECTION('',(-1.,0.,0.));
#9146=DIRECTION('center_axis',(-1.,0.,0.));
#9147=DIRECTION('ref_axis',(0.,0.707106781186548,0.707106781186548));
#9148=DIRECTION('',(-1.,0.,0.));
#9149=DIRECTION('center_axis',(1.,0.,0.));
#9150=DIRECTION('ref_axis',(0.,1.,0.));
#9151=DIRECTION('center_axis',(0.,0.,-1.));
#9152=DIRECTION('ref_axis',(-1.,0.,0.));
#9153=DIRECTION('center_axis',(0.,0.,-1.));
#9154=DIRECTION('ref_axis',(-1.,-7.93016446160825E-16,0.));
#9155=DIRECTION('center_axis',(0.,-1.,0.));
#9156=DIRECTION('ref_axis',(1.,0.,0.));
#9157=DIRECTION('center_axis',(0.,1.,0.));
#9158=DIRECTION('ref_axis',(0.70710678118654,0.,0.707106781186555));
#9159=DIRECTION('center_axis',(0.707106781186548,-0.707106781186548,0.));
#9160=DIRECTION('ref_axis',(0.707106781186548,0.707106781186547,0.));
#9161=DIRECTION('',(0.,1.,0.));
#9162=DIRECTION('center_axis',(1.04704888264628E-16,-0.999657324975557,
-0.0261769483078732));
#9163=DIRECTION('ref_axis',(-1.10984257892306E-14,-0.0261769483078732,0.999657324975557));
#9164=DIRECTION('center_axis',(1.,1.04740780314082E-16,0.));
#9165=DIRECTION('ref_axis',(0.,0.697790459841674,0.71630194342466));
#9166=DIRECTION('',(-1.,-1.04740780314082E-16,0.));
#9167=DIRECTION('center_axis',(-1.,0.,0.));
#9168=DIRECTION('ref_axis',(0.,0.,1.));
#9169=DIRECTION('center_axis',(-1.04704888264628E-16,0.999657324975557,
0.0261769483078732));
#9170=DIRECTION('ref_axis',(-1.,-1.04740780314082E-16,0.));
#9171=DIRECTION('',(1.,1.04740780314082E-16,0.));
#9172=DIRECTION('',(0.,-0.0261769483078732,0.999657324975557));
#9173=DIRECTION('',(-1.,-1.04740780314082E-16,0.));
#9174=DIRECTION('',(0.,-0.0261769483078732,0.999657324975557));
#9175=DIRECTION('center_axis',(-1.,0.,0.));
#9176=DIRECTION('ref_axis',(0.,0.707106781186548,0.707106781186548));
#9177=DIRECTION('',(-1.,0.,0.));
#9178=DIRECTION('center_axis',(1.,0.,0.));
#9179=DIRECTION('ref_axis',(0.,1.,0.));
#9180=DIRECTION('center_axis',(-0.707106781186548,0.707106781186548,-1.96261557335472E-15));
#9181=DIRECTION('ref_axis',(0.707106781186547,0.707106781186547,-1.96261557335472E-15));
#9182=DIRECTION('center_axis',(0.,1.,0.));
#9183=DIRECTION('ref_axis',(0.707106781186548,0.,0.707106781186548));
#9184=DIRECTION('center_axis',(0.707106781186548,0.707106781186548,0.));
#9185=DIRECTION('ref_axis',(0.707106781186547,-0.707106781186547,0.));
#9186=DIRECTION('',(0.,1.,0.));
#9187=DIRECTION('center_axis',(-1.,7.77467104079242E-16,0.));
#9188=DIRECTION('ref_axis',(0.,0.707106781186548,0.707106781186548));
#9189=DIRECTION('',(-1.,7.77467104079242E-16,0.));
#9190=DIRECTION('center_axis',(1.,0.,0.));
#9191=DIRECTION('ref_axis',(0.,1.,0.));
#9192=DIRECTION('center_axis',(-0.707106781186548,0.707106781186548,0.));
#9193=DIRECTION('ref_axis',(0.707106781186548,0.707106781186548,0.));
#9194=DIRECTION('center_axis',(0.,0.,-1.));
#9195=DIRECTION('ref_axis',(-1.,0.,0.));
#9196=DIRECTION('center_axis',(0.,-1.,0.));
#9197=DIRECTION('ref_axis',(1.,0.,0.));
#9198=DIRECTION('center_axis',(0.,0.,-1.));
#9199=DIRECTION('ref_axis',(-0.707106781186546,-0.707106781186549,0.));
#9200=DIRECTION('center_axis',(1.45699335727014E-16,1.,0.));
#9201=DIRECTION('ref_axis',(0.707106781186548,0.,0.707106781186548));
#9202=DIRECTION('center_axis',(0.,-1.,0.));
#9203=DIRECTION('ref_axis',(1.,0.,0.));
#9204=DIRECTION('',(1.45699335727014E-16,1.,0.));
#9205=DIRECTION('center_axis',(0.,0.,-1.));
#9206=DIRECTION('ref_axis',(-1.,0.,0.));
#9207=DIRECTION('center_axis',(-1.,0.,0.));
#9208=DIRECTION('ref_axis',(0.,-1.,0.));
#9209=DIRECTION('center_axis',(0.,0.,-1.));
#9210=DIRECTION('ref_axis',(-0.707106781186547,0.707106781186547,0.));
#9211=DIRECTION('center_axis',(1.,0.,0.));
#9212=DIRECTION('ref_axis',(0.,-0.707106781186548,0.707106781186548));
#9213=DIRECTION('',(1.,0.,0.));
#9214=DIRECTION('center_axis',(0.,1.,0.));
#9215=DIRECTION('ref_axis',(0.707106781186548,0.,0.707106781186548));
#9216=DIRECTION('',(0.,1.,0.));
#9217=DIRECTION('center_axis',(0.,-1.,0.));
#9218=DIRECTION('ref_axis',(1.,0.,0.));
#9219=DIRECTION('center_axis',(0.707106781186548,0.707106781186548,0.));
#9220=DIRECTION('ref_axis',(0.707106781186547,-0.707106781186547,0.));
#9221=DIRECTION('center_axis',(0.,0.,-1.));
#9222=DIRECTION('ref_axis',(-1.,0.,0.));
#9223=DIRECTION('center_axis',(-1.,0.,0.));
#9224=DIRECTION('ref_axis',(0.,-1.,0.));
#9225=DIRECTION('center_axis',(0.,0.,-1.));
#9226=DIRECTION('ref_axis',(-0.707106781186548,0.707106781186547,0.));
#9227=DIRECTION('center_axis',(1.,0.,0.));
#9228=DIRECTION('ref_axis',(0.,-0.707106781186548,0.707106781186548));
#9229=DIRECTION('center_axis',(-1.,0.,0.));
#9230=DIRECTION('ref_axis',(0.,-1.,0.));
#9231=DIRECTION('',(1.,0.,0.));
#9232=DIRECTION('center_axis',(0.,0.,-1.));
#9233=DIRECTION('ref_axis',(-1.,0.,0.));
#9234=DIRECTION('center_axis',(5.55111512312578E-15,1.,0.));
#9235=DIRECTION('ref_axis',(-1.,5.55111512312578E-15,0.));
#9236=DIRECTION('center_axis',(0.,0.,-1.));
#9237=DIRECTION('ref_axis',(0.707106781186548,0.707106781186548,0.));
#9238=DIRECTION('center_axis',(0.,-1.,0.));
#9239=DIRECTION('ref_axis',(-0.707106781186548,0.,0.707106781186548));
#9240=DIRECTION('center_axis',(0.,1.,0.));
#9241=DIRECTION('ref_axis',(-1.,0.,0.));
#9242=DIRECTION('',(0.,-1.,0.));
#9243=DIRECTION('center_axis',(0.,0.,-1.));
#9244=DIRECTION('ref_axis',(-1.,0.,0.));
#9245=DIRECTION('center_axis',(1.,0.,0.));
#9246=DIRECTION('ref_axis',(0.,1.,0.));
#9247=DIRECTION('center_axis',(0.,0.,-1.));
#9248=DIRECTION('ref_axis',(0.707106781186547,-0.707106781186547,0.));
#9249=DIRECTION('center_axis',(-1.,0.,0.));
#9250=DIRECTION('ref_axis',(0.,0.707106781186548,0.707106781186548));
#9251=DIRECTION('center_axis',(1.,0.,0.));
#9252=DIRECTION('ref_axis',(0.,1.,0.));
#9253=DIRECTION('',(-1.,0.,0.));
#9254=DIRECTION('center_axis',(0.,0.,-1.));
#9255=DIRECTION('ref_axis',(-1.,0.,0.));
#9256=DIRECTION('center_axis',(0.,-1.,0.));
#9257=DIRECTION('ref_axis',(1.,0.,0.));
#9258=DIRECTION('center_axis',(0.,0.,-1.));
#9259=DIRECTION('ref_axis',(-0.707106781186548,-0.707106781186547,0.));
#9260=DIRECTION('center_axis',(0.,1.,0.));
#9261=DIRECTION('ref_axis',(0.707106781186548,0.,0.707106781186548));
#9262=DIRECTION('',(0.,1.,0.));
#9263=DIRECTION('center_axis',(0.,0.,-1.));
#9264=DIRECTION('ref_axis',(-1.,0.,0.));
#9265=DIRECTION('center_axis',(0.,-1.,0.));
#9266=DIRECTION('ref_axis',(1.,0.,0.));
#9267=DIRECTION('center_axis',(0.,0.,-1.));
#9268=DIRECTION('ref_axis',(-0.707106781186548,-0.707106781186547,0.));
#9269=DIRECTION('center_axis',(0.,1.,0.));
#9270=DIRECTION('ref_axis',(0.707106781186548,0.,0.707106781186548));
#9271=DIRECTION('center_axis',(0.,-1.,0.));
#9272=DIRECTION('ref_axis',(1.,0.,0.));
#9273=DIRECTION('',(0.,1.,0.));
#9274=DIRECTION('center_axis',(0.,0.,-1.));
#9275=DIRECTION('ref_axis',(-1.,0.,0.));
#9276=DIRECTION('center_axis',(-1.,0.,0.));
#9277=DIRECTION('ref_axis',(0.,-1.,0.));
#9278=DIRECTION('center_axis',(0.,0.,-1.));
#9279=DIRECTION('ref_axis',(-0.707106781186548,0.707106781186548,0.));
#9280=DIRECTION('center_axis',(1.,0.,0.));
#9281=DIRECTION('ref_axis',(0.,-0.707106781186548,0.707106781186548));
#9282=DIRECTION('',(1.,0.,0.));
#9283=DIRECTION('center_axis',(-7.77467104079242E-16,-1.,0.));
#9284=DIRECTION('ref_axis',(-1.,7.77467104079242E-16,0.));
#9285=DIRECTION('',(0.,0.,-1.));
#9286=DIRECTION('',(-1.,7.77467104079242E-16,0.));
#9287=DIRECTION('',(0.,0.,-1.));
#9288=DIRECTION('center_axis',(-1.,0.,0.));
#9289=DIRECTION('ref_axis',(0.,1.,0.));
#9290=DIRECTION('',(0.,0.,-1.));
#9291=DIRECTION('',(0.,1.,0.));
#9292=DIRECTION('center_axis',(0.,0.,-1.));
#9293=DIRECTION('ref_axis',(-1.,2.22044604925032E-15,0.));
#9294=DIRECTION('',(0.,0.,-1.));
#9295=DIRECTION('center_axis',(0.,0.,-1.));
#9296=DIRECTION('ref_axis',(-1.,2.22044604925032E-15,0.));
#9297=DIRECTION('center_axis',(0.,-1.,0.));
#9298=DIRECTION('ref_axis',(-1.,0.,0.));
#9299=DIRECTION('',(0.,0.,-1.));
#9300=DIRECTION('',(-1.,0.,0.));
#9301=DIRECTION('center_axis',(0.,0.,-1.));
#9302=DIRECTION('ref_axis',(-2.22044604925032E-15,-1.,0.));
#9303=DIRECTION('',(0.,0.,-1.));
#9304=DIRECTION('center_axis',(0.,0.,-1.));
#9305=DIRECTION('ref_axis',(-2.22044604925032E-15,-1.,0.));
#9306=DIRECTION('center_axis',(1.,0.,0.));
#9307=DIRECTION('ref_axis',(0.,-1.,0.));
#9308=DIRECTION('',(0.,0.,-1.));
#9309=DIRECTION('',(0.,-1.,0.));
#9310=DIRECTION('center_axis',(0.,0.,-1.));
#9311=DIRECTION('ref_axis',(1.,-4.44089209850064E-15,0.));
#9312=DIRECTION('',(0.,0.,-1.));
#9313=DIRECTION('center_axis',(0.,0.,-1.));
#9314=DIRECTION('ref_axis',(1.,-4.44089209850064E-15,0.));
#9315=DIRECTION('center_axis',(0.,1.,0.));
#9316=DIRECTION('ref_axis',(1.,0.,0.));
#9317=DIRECTION('',(0.,0.,-1.));
#9318=DIRECTION('',(1.,0.,0.));
#9319=DIRECTION('center_axis',(0.,0.,-1.));
#9320=DIRECTION('ref_axis',(1.11022302462516E-15,1.,0.));
#9321=DIRECTION('',(0.,0.,-1.));
#9322=DIRECTION('center_axis',(0.,0.,-1.));
#9323=DIRECTION('ref_axis',(1.11022302462516E-15,1.,0.));
#9324=DIRECTION('center_axis',(-1.,0.,0.));
#9325=DIRECTION('ref_axis',(0.,1.,0.));
#9326=DIRECTION('',(0.,0.,-1.));
#9327=DIRECTION('',(0.,1.,0.));
#9328=DIRECTION('center_axis',(0.,0.,1.));
#9329=DIRECTION('ref_axis',(-1.,0.,0.));
#9330=DIRECTION('center_axis',(0.,0.,-1.));
#9331=DIRECTION('ref_axis',(1.,0.,0.));
#9332=DIRECTION('center_axis',(0.,0.,1.));
#9333=DIRECTION('ref_axis',(-1.,0.,0.));
#9334=DIRECTION('',(1.,0.,0.));
#9335=DIRECTION('center_axis',(0.,0.,-1.));
#9336=DIRECTION('ref_axis',(0.,1.,0.));
#9337=DIRECTION('center_axis',(0.,0.,1.));
#9338=DIRECTION('ref_axis',(-1.,0.,0.));
#9339=DIRECTION('',(-1.,0.,0.));
#9340=DIRECTION('center_axis',(0.,0.,-1.));
#9341=DIRECTION('ref_axis',(0.,-1.,0.));
#9342=DIRECTION('center_axis',(0.,0.,1.));
#9343=DIRECTION('ref_axis',(-1.,0.,0.));
#9344=DIRECTION('center_axis',(0.,0.,-1.));
#9345=DIRECTION('ref_axis',(-1.,-8.32667268468862E-15,0.));
#9346=DIRECTION('',(-1.,0.,0.));
#9347=DIRECTION('center_axis',(0.,0.,1.));
#9348=DIRECTION('ref_axis',(-1.,0.,0.));
#9349=DIRECTION('center_axis',(0.,0.999657324975557,0.0261769483078732));
#9350=DIRECTION('ref_axis',(-1.,0.,0.));
#9351=DIRECTION('',(-1.,0.,0.));
#9352=DIRECTION('',(9.83902995499163E-17,-0.026176948307873,0.999657324975557));
#9353=DIRECTION('',(-1.,0.,0.));
#9354=DIRECTION('',(0.,-0.0261769483078732,0.999657324975557));
#9355=DIRECTION('center_axis',(1.,0.,0.));
#9356=DIRECTION('ref_axis',(0.,0.697790459841682,0.716301943424652));
#9357=DIRECTION('center_axis',(-1.,2.776509001853E-15,0.));
#9358=DIRECTION('ref_axis',(0.,0.,1.));
#9359=DIRECTION('center_axis',(0.,-0.999657324975557,0.0261769483078732));
#9360=DIRECTION('ref_axis',(1.,0.,0.));
#9361=DIRECTION('',(1.,0.,0.));
#9362=DIRECTION('',(-6.55935330332776E-17,0.026176948307873,0.999657324975557));
#9363=DIRECTION('',(1.,0.,0.));
#9364=DIRECTION('',(-2.6237413213311E-16,0.0261769483078732,0.999657324975557));
#9365=DIRECTION('center_axis',(-1.,0.,0.));
#9366=DIRECTION('ref_axis',(0.,-0.697790459841682,0.716301943424652));
#9367=DIRECTION('center_axis',(1.,0.,0.));
#9368=DIRECTION('ref_axis',(0.,0.,1.));
#9369=DIRECTION('center_axis',(0.,0.,1.));
#9370=DIRECTION('ref_axis',(1.,0.,0.));
#9371=DIRECTION('center_axis',(0.,0.,-1.));
#9372=DIRECTION('ref_axis',(-1.,0.,0.));
#9373=DIRECTION('center_axis',(0.,0.,1.));
#9374=DIRECTION('ref_axis',(1.,0.,0.));
#9375=DIRECTION('center_axis',(0.,0.,-1.));
#9376=DIRECTION('ref_axis',(-1.,0.,0.));
#9377=DIRECTION('center_axis',(0.,1.,0.));
#9378=DIRECTION('ref_axis',(1.,0.,0.));
#9379=DIRECTION('',(0.,0.,-1.));
#9380=DIRECTION('',(1.,0.,0.));
#9381=DIRECTION('center_axis',(0.,0.,-1.));
#9382=DIRECTION('ref_axis',(6.93889390390722E-15,1.,0.));
#9383=DIRECTION('',(0.,0.,-1.));
#9384=DIRECTION('center_axis',(0.,0.,-1.));
#9385=DIRECTION('ref_axis',(6.93889390390722E-15,1.,0.));
#9386=DIRECTION('center_axis',(-1.,-7.50150692314295E-17,0.));
#9387=DIRECTION('ref_axis',(-7.50150692314295E-17,1.,0.));
#9388=DIRECTION('',(0.,0.,-1.));
#9389=DIRECTION('',(-7.50150692314295E-17,1.,0.));
#9390=DIRECTION('center_axis',(0.,0.,-1.));
#9391=DIRECTION('ref_axis',(-1.,0.,0.));
#9392=DIRECTION('',(0.,0.,-1.));
#9393=DIRECTION('center_axis',(0.,0.,1.));
#9394=DIRECTION('ref_axis',(-1.,0.,0.));
#9395=DIRECTION('center_axis',(0.,0.,-1.));
#9396=DIRECTION('ref_axis',(-1.,0.,0.));
#9397=DIRECTION('',(0.,0.,-1.));
#9398=DIRECTION('center_axis',(0.,0.,1.));
#9399=DIRECTION('ref_axis',(-1.,0.,0.));
#9400=DIRECTION('center_axis',(0.,0.,-1.));
#9401=DIRECTION('ref_axis',(-1.,2.7755575615629E-15,0.));
#9402=DIRECTION('center_axis',(0.,0.,-1.));
#9403=DIRECTION('ref_axis',(-1.,2.7755575615629E-15,0.));
#9404=DIRECTION('center_axis',(0.,0.,1.));
#9405=DIRECTION('ref_axis',(1.,0.,0.));
#9406=DIRECTION('center_axis',(0.707106781186548,0.,0.707106781186548));
#9407=DIRECTION('ref_axis',(0.707106781186548,0.,-0.707106781186548));
#9408=DIRECTION('',(-0.707106781186548,0.,0.707106781186548));
#9409=DIRECTION('',(0.,1.,0.));
#9410=DIRECTION('center_axis',(0.,-1.,0.));
#9411=DIRECTION('ref_axis',(-1.,0.,0.));
#9412=DIRECTION('',(0.,0.,1.));
#9413=DIRECTION('',(-1.,0.,0.));
#9414=DIRECTION('center_axis',(0.,0.,-1.));
#9415=DIRECTION('ref_axis',(-1.,0.,0.));
#9416=DIRECTION('',(0.,-1.,0.));
#9417=DIRECTION('center_axis',(-1.,0.,0.));
#9418=DIRECTION('ref_axis',(0.,1.,0.));
#9419=DIRECTION('',(0.,0.,-1.));
#9420=DIRECTION('',(0.,1.,0.));
#9421=DIRECTION('center_axis',(0.,0.,-1.));
#9422=DIRECTION('ref_axis',(-1.,1.38777878078145E-15,0.));
#9423=DIRECTION('',(0.,0.,-1.));
#9424=DIRECTION('center_axis',(0.,0.,-1.));
#9425=DIRECTION('ref_axis',(-1.,1.38777878078145E-15,0.));
#9426=DIRECTION('center_axis',(1.75323121752064E-16,-1.,0.));
#9427=DIRECTION('ref_axis',(-1.,-1.75323121752064E-16,0.));
#9428=DIRECTION('',(0.,0.,-1.));
#9429=DIRECTION('',(-1.,-1.75323121752064E-16,0.));
#9430=DIRECTION('center_axis',(0.,0.,-1.));
#9431=DIRECTION('ref_axis',(-2.7755575615629E-15,-1.,0.));
#9432=DIRECTION('',(0.,0.,-1.));
#9433=DIRECTION('center_axis',(0.,0.,-1.));
#9434=DIRECTION('ref_axis',(-2.7755575615629E-15,-1.,0.));
#9435=DIRECTION('center_axis',(1.,0.,0.));
#9436=DIRECTION('ref_axis',(0.,-1.,0.));
#9437=DIRECTION('',(0.,-1.,0.));
#9438=DIRECTION('center_axis',(0.,0.,1.));
#9439=DIRECTION('ref_axis',(-1.,0.,0.));
#9440=DIRECTION('center_axis',(0.,0.,-1.));
#9441=DIRECTION('ref_axis',(2.22044604925031E-15,-1.,0.));
#9442=DIRECTION('',(0.,0.,-1.));
#9443=DIRECTION('center_axis',(0.,0.,1.));
#9444=DIRECTION('ref_axis',(2.22044604925031E-15,-1.,0.));
#9445=DIRECTION('center_axis',(0.,1.,0.));
#9446=DIRECTION('ref_axis',(1.,0.,0.));
#9447=DIRECTION('',(0.,0.,-1.));
#9448=DIRECTION('',(1.,0.,0.));
#9449=DIRECTION('center_axis',(0.,0.,-1.));
#9450=DIRECTION('ref_axis',(-1.,0.,0.));
#9451=DIRECTION('center_axis',(0.,0.,1.));
#9452=DIRECTION('ref_axis',(-1.,0.,0.));
#9453=DIRECTION('center_axis',(-1.,1.45699335727014E-16,0.));
#9454=DIRECTION('ref_axis',(1.45699335727014E-16,1.,0.));
#9455=DIRECTION('',(0.,0.,-1.));
#9456=DIRECTION('',(1.45699335727014E-16,1.,0.));
#9457=DIRECTION('',(0.,0.,-1.));
#9458=DIRECTION('center_axis',(0.,0.,-1.));
#9459=DIRECTION('ref_axis',(-1.,0.,0.));
#9460=DIRECTION('center_axis',(0.,0.,-1.));
#9461=DIRECTION('ref_axis',(-1.,0.,0.));
#9462=DIRECTION('center_axis',(0.,1.,0.));
#9463=DIRECTION('ref_axis',(1.,0.,0.));
#9464=DIRECTION('',(0.,0.,-1.));
#9465=DIRECTION('',(1.,0.,0.));
#9466=DIRECTION('center_axis',(0.,0.,-1.));
#9467=DIRECTION('ref_axis',(-1.38777878078144E-15,1.,0.));
#9468=DIRECTION('',(0.,0.,-1.));
#9469=DIRECTION('center_axis',(0.,0.,-1.));
#9470=DIRECTION('ref_axis',(-1.38777878078144E-15,1.,0.));
#9471=DIRECTION('center_axis',(-1.,0.,0.));
#9472=DIRECTION('ref_axis',(0.,1.,0.));
#9473=DIRECTION('',(0.,0.,-1.));
#9474=DIRECTION('',(0.,1.,0.));
#9475=DIRECTION('center_axis',(0.,0.,-1.));
#9476=DIRECTION('ref_axis',(-1.,1.38777878078144E-15,0.));
#9477=DIRECTION('',(0.,0.,-1.));
#9478=DIRECTION('center_axis',(0.,0.,-1.));
#9479=DIRECTION('ref_axis',(-1.,1.38777878078144E-15,0.));
#9480=DIRECTION('center_axis',(0.,-1.,0.));
#9481=DIRECTION('ref_axis',(-1.,0.,0.));
#9482=DIRECTION('',(0.,0.,-1.));
#9483=DIRECTION('',(-1.,0.,0.));
#9484=DIRECTION('center_axis',(-1.,0.,0.));
#9485=DIRECTION('ref_axis',(0.,1.,0.));
#9486=DIRECTION('',(0.,0.,-1.));
#9487=DIRECTION('',(0.,1.,0.));
#9488=DIRECTION('center_axis',(0.,1.,0.));
#9489=DIRECTION('ref_axis',(1.,0.,0.));
#9490=DIRECTION('',(0.,0.,-1.));
#9491=DIRECTION('',(1.,0.,0.));
#9492=DIRECTION('center_axis',(0.,0.,-1.));
#9493=DIRECTION('ref_axis',(0.,1.,0.));
#9494=DIRECTION('center_axis',(0.,0.,-1.));
#9495=DIRECTION('ref_axis',(0.,1.,0.));
#9496=DIRECTION('center_axis',(0.,0.,1.));
#9497=DIRECTION('ref_axis',(-1.,0.,0.));
#9498=DIRECTION('center_axis',(-1.,0.,0.));
#9499=DIRECTION('ref_axis',(0.,1.,0.));
#9500=DIRECTION('',(0.,1.,0.));
#9501=DIRECTION('',(0.,0.,-1.));
#9502=DIRECTION('',(0.,1.,0.));
#9503=DIRECTION('',(0.,0.,-1.));
#9504=DIRECTION('center_axis',(0.,1.,0.));
#9505=DIRECTION('ref_axis',(1.,0.,0.));
#9506=DIRECTION('',(1.,0.,0.));
#9507=DIRECTION('',(0.,0.,-1.));
#9508=DIRECTION('',(1.,0.,0.));
#9509=DIRECTION('center_axis',(1.,0.,0.));
#9510=DIRECTION('ref_axis',(0.,-1.,0.));
#9511=DIRECTION('',(0.,-1.,0.));
#9512=DIRECTION('',(0.,0.,-1.));
#9513=DIRECTION('',(0.,-1.,0.));
#9514=DIRECTION('center_axis',(0.,-1.,0.));
#9515=DIRECTION('ref_axis',(-1.,0.,0.));
#9516=DIRECTION('',(-1.,0.,0.));
#9517=DIRECTION('',(-1.,0.,0.));
#9518=DIRECTION('center_axis',(-1.,0.,0.));
#9519=DIRECTION('ref_axis',(0.,1.,0.));
#9520=DIRECTION('',(0.,0.,-1.));
#9521=DIRECTION('',(0.,1.,0.));
#9522=DIRECTION('center_axis',(0.,-1.,0.));
#9523=DIRECTION('ref_axis',(-1.,0.,0.));
#9524=DIRECTION('',(-1.,0.,0.));
#9525=DIRECTION('center_axis',(0.,0.,-1.));
#9526=DIRECTION('ref_axis',(-1.,0.,0.));
#9527=DIRECTION('center_axis',(-0.707106781186547,0.707106781186548,0.));
#9528=DIRECTION('ref_axis',(-0.493412366001332,-0.493412366001333,0.716301943424653));
#9529=DIRECTION('center_axis',(-0.70710678118655,0.707106781186545,0.));
#9530=DIRECTION('ref_axis',(-0.706864473353018,-0.706864473353023,0.0261769483078879));
#9531=DIRECTION('center_axis',(0.707106781186548,-0.707106781186548,0.));
#9532=DIRECTION('ref_axis',(0.,0.,1.));
#9533=DIRECTION('',(0.707106781186547,-0.707106781186548,0.));
#9534=DIRECTION('center_axis',(0.,0.,1.));
#9535=DIRECTION('ref_axis',(1.,0.,0.));
#9536=DIRECTION('center_axis',(1.,1.38825450092649E-15,0.));
#9537=DIRECTION('ref_axis',(0.,0.,1.));
#9538=DIRECTION('center_axis',(0.,0.,-1.));
#9539=DIRECTION('ref_axis',(0.382683432365091,0.923879532511286,0.));
#9540=DIRECTION('center_axis',(-1.,0.,0.));
#9541=DIRECTION('ref_axis',(0.,-0.697790459841674,0.71630194342466));
#9542=DIRECTION('center_axis',(1.,0.,0.));
#9543=DIRECTION('ref_axis',(0.,0.,1.));
#9544=DIRECTION('',(1.,0.,0.));
#9545=DIRECTION('center_axis',(0.,0.,1.));
#9546=DIRECTION('ref_axis',(1.,0.,0.));
#9547=DIRECTION('center_axis',(0.707106781186543,0.707106781186552,0.));
#9548=DIRECTION('ref_axis',(0.,0.,1.));
#9549=DIRECTION('center_axis',(0.,0.,-1.));
#9550=DIRECTION('ref_axis',(-0.382683432365089,0.923879532511287,0.));
#9551=DIRECTION('center_axis',(-0.707106781186548,-0.707106781186548,0.));
#9552=DIRECTION('ref_axis',(0.493412366001332,-0.493412366001332,0.716301943424652));
#9553=DIRECTION('center_axis',(0.707106781186548,0.707106781186548,0.));
#9554=DIRECTION('ref_axis',(0.,0.,1.));
#9555=DIRECTION('',(0.707106781186548,0.707106781186548,0.));
#9556=DIRECTION('center_axis',(0.,0.,-1.));
#9557=DIRECTION('ref_axis',(-1.,0.,0.));
#9558=DIRECTION('center_axis',(1.,-2.77650900185297E-15,0.));
#9559=DIRECTION('ref_axis',(0.,0.,1.));
#9560=DIRECTION('center_axis',(0.,0.,1.));
#9561=DIRECTION('ref_axis',(0.382683432365088,-0.923879532511287,0.));
#9562=DIRECTION('center_axis',(-1.,0.,0.));
#9563=DIRECTION('ref_axis',(0.,-0.697790459841682,0.716301943424652));
#9564=DIRECTION('',(1.,0.,0.));
#9565=DIRECTION('center_axis',(0.,0.,-1.));
#9566=DIRECTION('ref_axis',(-1.,0.,0.));
#9567=DIRECTION('center_axis',(-0.707106781186553,0.707106781186542,0.));
#9568=DIRECTION('ref_axis',(0.,0.,1.));
#9569=DIRECTION('center_axis',(0.,0.,1.));
#9570=DIRECTION('ref_axis',(0.382683432365088,0.923879532511288,0.));
#9571=DIRECTION('center_axis',(0.707106781186551,-0.707106781186544,0.));
#9572=DIRECTION('ref_axis',(0.493412366001329,0.493412366001334,0.716301943424654));
#9573=DIRECTION('center_axis',(-0.70710678118655,0.707106781186545,0.));
#9574=DIRECTION('ref_axis',(0.,0.,1.));
#9575=DIRECTION('',(-0.707106781186551,0.707106781186544,0.));
#9576=DIRECTION('center_axis',(0.,0.,1.));
#9577=DIRECTION('ref_axis',(1.,0.,0.));
#9578=DIRECTION('center_axis',(-1.,0.,0.));
#9579=DIRECTION('ref_axis',(0.,0.,1.));
#9580=DIRECTION('center_axis',(0.,0.,-1.));
#9581=DIRECTION('ref_axis',(-0.382683432365088,-0.923879532511288,0.));
#9582=DIRECTION('center_axis',(1.,0.,0.));
#9583=DIRECTION('ref_axis',(0.,0.697790459841674,0.71630194342466));
#9584=DIRECTION('center_axis',(-1.,0.,0.));
#9585=DIRECTION('ref_axis',(0.,0.,1.));
#9586=DIRECTION('',(-1.,0.,0.));
#9587=DIRECTION('center_axis',(0.,0.,1.));
#9588=DIRECTION('ref_axis',(1.,0.,0.));
#9589=DIRECTION('center_axis',(-0.707106781186548,-0.707106781186547,0.));
#9590=DIRECTION('ref_axis',(0.,0.,1.));
#9591=DIRECTION('center_axis',(0.,0.,-1.));
#9592=DIRECTION('ref_axis',(0.382683432365088,-0.923879532511288,0.));
#9593=DIRECTION('center_axis',(0.70710678118655,0.707106781186546,0.));
#9594=DIRECTION('ref_axis',(-0.493412366001325,0.493412366001327,0.716301943424661));
#9595=DIRECTION('center_axis',(-0.707106781186543,-0.707106781186552,0.));
#9596=DIRECTION('ref_axis',(0.,0.,1.));
#9597=DIRECTION('',(-0.707106781186549,-0.707106781186545,0.));
#9598=DIRECTION('center_axis',(0.,0.,-1.));
#9599=DIRECTION('ref_axis',(-1.,0.,0.));
#9600=DIRECTION('center_axis',(0.,0.,1.));
#9601=DIRECTION('ref_axis',(-0.382683432365089,0.923879532511287,0.));
#9602=DIRECTION('center_axis',(0.,0.,-1.));
#9603=DIRECTION('ref_axis',(-1.,0.,0.));
#9604=DIRECTION('center_axis',(0.,0.,1.));
#9605=DIRECTION('ref_axis',(-0.382683432365091,-0.923879532511287,0.));
#9606=DIRECTION('center_axis',(0.,0.,1.));
#9607=DIRECTION('ref_axis',(-0.707106781186546,-0.707106781186549,0.));
#9608=DIRECTION('',(0.,-0.0261769483078732,0.999657324975557));
#9609=DIRECTION('center_axis',(0.,0.,1.));
#9610=DIRECTION('ref_axis',(-0.707106781186546,-0.707106781186549,0.));
#9611=DIRECTION('',(-0.0185098976592668,-0.0185098976592669,0.999657324975557));
#9612=DIRECTION('center_axis',(0.,0.999657324975557,0.0261769483078732));
#9613=DIRECTION('ref_axis',(-1.,0.,0.));
#9614=DIRECTION('',(-1.63983832583194E-17,-0.0261769483078732,0.999657324975557));
#9615=DIRECTION('',(-1.,0.,0.));
#9616=DIRECTION('center_axis',(0.,0.,1.));
#9617=DIRECTION('ref_axis',(-9.25185853854296E-16,-1.,0.));
#9618=DIRECTION('',(0.0185098976592668,-0.0185098976592669,0.999657324975557));
#9619=DIRECTION('center_axis',(0.,0.,1.));
#9620=DIRECTION('ref_axis',(-9.25185853854296E-16,-1.,0.));
#9621=DIRECTION('center_axis',(-0.706864473353019,0.706864473353023,0.0261769483078732));
#9622=DIRECTION('ref_axis',(-0.707106781186549,-0.707106781186545,0.));
#9623=DIRECTION('',(0.0185098976592669,-0.0185098976592668,0.999657324975557));
#9624=DIRECTION('',(0.70710678118655,0.707106781186545,0.));
#9625=DIRECTION('center_axis',(0.,0.,-1.));
#9626=DIRECTION('ref_axis',(2.42861286636755E-15,1.,0.));
#9627=DIRECTION('center_axis',(0.,0.,1.));
#9628=DIRECTION('ref_axis',(2.42861286636755E-15,1.,0.));
#9629=DIRECTION('center_axis',(0.,0.,-1.));
#9630=DIRECTION('ref_axis',(1.,0.,0.));
#9631=DIRECTION('center_axis',(0.,0.,1.));
#9632=DIRECTION('ref_axis',(1.,0.,0.));
#9633=DIRECTION('center_axis',(0.,0.,-1.));
#9634=DIRECTION('ref_axis',(0.,-1.,0.));
#9635=DIRECTION('center_axis',(0.,0.,1.));
#9636=DIRECTION('ref_axis',(0.,-1.,0.));
#9637=DIRECTION('center_axis',(0.,0.,-1.));
#9638=DIRECTION('ref_axis',(-0.707106781186549,-0.707106781186545,0.));
#9639=DIRECTION('',(0.0185098976592668,0.0185098976592668,0.999657324975557));
#9640=DIRECTION('center_axis',(0.,0.,1.));
#9641=DIRECTION('ref_axis',(-0.707106781186549,-0.707106781186545,0.));
#9642=DIRECTION('center_axis',(-0.706864473353021,-0.706864473353021,0.0261769483078731));
#9643=DIRECTION('ref_axis',(0.707106781186547,-0.707106781186548,0.));
#9644=DIRECTION('',(0.0185098976592669,0.0185098976592668,0.999657324975557));
#9645=DIRECTION('',(0.707106781186547,-0.707106781186548,0.));
#9646=DIRECTION('center_axis',(0.,0.,1.));
#9647=DIRECTION('ref_axis',(1.,0.,0.));
#9648=DIRECTION('center_axis',(0.,0.,1.));
#9649=DIRECTION('ref_axis',(0.707106781186552,0.707106781186543,0.));
#9650=DIRECTION('',(0.,0.0261769483078732,0.999657324975557));
#9651=DIRECTION('center_axis',(0.,0.,1.));
#9652=DIRECTION('ref_axis',(0.707106781186552,0.707106781186543,0.));
#9653=DIRECTION('center_axis',(0.,-0.999657324975557,0.0261769483078732));
#9654=DIRECTION('ref_axis',(1.,0.,0.));
#9655=DIRECTION('',(1.14788682808236E-16,0.0261769483078732,0.999657324975557));
#9656=DIRECTION('',(1.,0.,0.));
#9657=DIRECTION('center_axis',(0.,0.,1.));
#9658=DIRECTION('ref_axis',(4.16333634234438E-15,1.,0.));
#9659=DIRECTION('',(-0.0185098976592668,0.0185098976592668,0.999657324975557));
#9660=DIRECTION('center_axis',(0.,0.,1.));
#9661=DIRECTION('ref_axis',(4.16333634234438E-15,1.,0.));
#9662=DIRECTION('center_axis',(0.706864473353021,-0.706864473353021,0.0261769483078731));
#9663=DIRECTION('ref_axis',(0.707106781186548,0.707106781186548,0.));
#9664=DIRECTION('',(-0.0185098976592669,0.0185098976592668,0.999657324975557));
#9665=DIRECTION('',(-0.707106781186547,-0.707106781186547,0.));
#9666=DIRECTION('center_axis',(0.,0.,-1.));
#9667=DIRECTION('ref_axis',(-2.42861286636754E-15,-1.,0.));
#9668=DIRECTION('',(0.,0.0261769483078732,0.999657324975557));
#9669=DIRECTION('center_axis',(0.,0.,1.));
#9670=DIRECTION('ref_axis',(-2.42861286636754E-15,-1.,0.));
#9671=DIRECTION('center_axis',(0.,-0.999657324975557,0.0261769483078732));
#9672=DIRECTION('ref_axis',(1.,0.,0.));
#9673=DIRECTION('',(2.6237413213311E-16,0.0261769483078732,0.999657324975557));
#9674=DIRECTION('',(1.,0.,0.));
#9675=DIRECTION('center_axis',(0.,0.,-1.));
#9676=DIRECTION('ref_axis',(-1.,-8.32667268468862E-15,0.));
#9677=DIRECTION('center_axis',(0.,0.,1.));
#9678=DIRECTION('ref_axis',(-1.,-8.32667268468862E-15,0.));
#9679=DIRECTION('center_axis',(0.,0.,-1.));
#9680=DIRECTION('ref_axis',(0.,1.,0.));
#9681=DIRECTION('center_axis',(0.,0.,1.));
#9682=DIRECTION('ref_axis',(0.,1.,0.));
#9683=DIRECTION('center_axis',(0.,0.,-1.));
#9684=DIRECTION('ref_axis',(0.707106781186546,0.707106781186549,0.));
#9685=DIRECTION('',(-0.0185098976592667,-0.0185098976592669,0.999657324975557));
#9686=DIRECTION('center_axis',(0.,0.,1.));
#9687=DIRECTION('ref_axis',(0.707106781186546,0.707106781186549,0.));
#9688=DIRECTION('center_axis',(0.706864473353017,0.706864473353025,0.0261769483078731));
#9689=DIRECTION('ref_axis',(-0.707106781186551,0.707106781186544,0.));
#9690=DIRECTION('',(-0.707106781186551,0.707106781186544,0.));
#9691=DIRECTION('center_axis',(0.,0.,1.));
#9692=DIRECTION('ref_axis',(1.,0.,0.));
#9693=DIRECTION('center_axis',(0.,1.,0.));
#9694=DIRECTION('ref_axis',(-1.,0.,0.));
#9695=DIRECTION('',(-1.,0.,0.));
#9696=DIRECTION('',(0.,0.,1.));
#9697=DIRECTION('',(-1.,0.,0.));
#9698=DIRECTION('',(0.,0.,1.));
#9699=DIRECTION('center_axis',(1.,0.,0.));
#9700=DIRECTION('ref_axis',(0.,1.,0.));
#9701=DIRECTION('',(0.,1.,0.));
#9702=DIRECTION('',(0.,0.,1.));
#9703=DIRECTION('',(0.,1.,0.));
#9704=DIRECTION('center_axis',(0.,-1.,0.));
#9705=DIRECTION('ref_axis',(1.,0.,0.));
#9706=DIRECTION('',(1.,0.,0.));
#9707=DIRECTION('',(0.,0.,1.));
#9708=DIRECTION('',(1.,0.,0.));
#9709=DIRECTION('center_axis',(-1.,0.,0.));
#9710=DIRECTION('ref_axis',(0.,-1.,0.));
#9711=DIRECTION('',(0.,-1.,0.));
#9712=DIRECTION('',(0.,-1.,0.));
#9713=DIRECTION('center_axis',(0.,0.,1.));
#9714=DIRECTION('ref_axis',(1.,0.,0.));
#9715=DIRECTION('center_axis',(-1.,-3.76346788008528E-16,0.));
#9716=DIRECTION('ref_axis',(-3.76346788008528E-16,1.,0.));
#9717=DIRECTION('',(-3.76346788008528E-16,1.,0.));
#9718=DIRECTION('',(0.,0.,-1.));
#9719=DIRECTION('',(-3.76346788008528E-16,1.,0.));
#9720=DIRECTION('',(0.,0.,-1.));
#9721=DIRECTION('center_axis',(0.,-1.,0.));
#9722=DIRECTION('ref_axis',(-1.,0.,0.));
#9723=DIRECTION('',(-1.,0.,0.));
#9724=DIRECTION('',(-1.,0.,0.));
#9725=DIRECTION('',(0.,0.,-1.));
#9726=DIRECTION('center_axis',(1.,1.82003774528714E-16,0.));
#9727=DIRECTION('ref_axis',(1.82003774528714E-16,-1.,0.));
#9728=DIRECTION('',(1.82003774528714E-16,-1.,0.));
#9729=DIRECTION('',(1.82003774528714E-16,-1.,0.));
#9730=DIRECTION('',(0.,0.,-1.));
#9731=DIRECTION('center_axis',(0.,1.,0.));
#9732=DIRECTION('ref_axis',(1.,0.,0.));
#9733=DIRECTION('',(1.,0.,0.));
#9734=DIRECTION('',(1.,0.,0.));
#9735=DIRECTION('center_axis',(0.,0.,-1.));
#9736=DIRECTION('ref_axis',(-1.,0.,0.));
#9737=DIRECTION('center_axis',(0.,0.,-1.));
#9738=DIRECTION('ref_axis',(1.,0.,0.));
#9739=DIRECTION('center_axis',(0.,0.,1.));
#9740=DIRECTION('ref_axis',(-1.,0.,0.));
#9741=DIRECTION('center_axis',(0.,0.,-1.));
#9742=DIRECTION('ref_axis',(-1.,0.,0.));
#9743=DIRECTION('',(0.,0.,-1.));
#9744=DIRECTION('center_axis',(0.,0.,-1.));
#9745=DIRECTION('ref_axis',(-1.,0.,0.));
#9746=DIRECTION('center_axis',(1.,0.,0.));
#9747=DIRECTION('ref_axis',(0.,1.,0.));
#9748=DIRECTION('',(0.,-1.,0.));
#9749=DIRECTION('',(0.,0.,1.));
#9750=DIRECTION('',(0.,1.,0.));
#9751=DIRECTION('',(0.,0.,1.));
#9752=DIRECTION('center_axis',(0.,-1.,0.));
#9753=DIRECTION('ref_axis',(1.,0.,0.));
#9754=DIRECTION('',(-1.,0.,0.));
#9755=DIRECTION('',(1.,0.,0.));
#9756=DIRECTION('',(0.,0.,1.));
#9757=DIRECTION('center_axis',(-1.,0.,0.));
#9758=DIRECTION('ref_axis',(0.,-1.,0.));
#9759=DIRECTION('',(0.,-1.,0.));
#9760=DIRECTION('',(0.,-1.,0.));
#9761=DIRECTION('',(0.,0.,1.));
#9762=DIRECTION('center_axis',(0.,1.,0.));
#9763=DIRECTION('ref_axis',(-1.,0.,0.));
#9764=DIRECTION('',(-1.,0.,0.));
#9765=DIRECTION('',(-1.,0.,0.));
#9766=DIRECTION('center_axis',(0.,0.,1.));
#9767=DIRECTION('ref_axis',(-1.,0.,0.));
#9768=DIRECTION('center_axis',(0.,0.,1.));
#9769=DIRECTION('ref_axis',(-1.,0.,0.));
#9770=DIRECTION('center_axis',(0.,0.,-1.));
#9771=DIRECTION('ref_axis',(-1.,0.,0.));
#9772=DIRECTION('center_axis',(0.,0.,1.));
#9773=DIRECTION('ref_axis',(-1.,0.,0.));
#9774=DIRECTION('',(0.,0.,-1.));
#9775=DIRECTION('center_axis',(0.,0.,1.));
#9776=DIRECTION('ref_axis',(-1.,0.,0.));
#9777=DIRECTION('center_axis',(-1.,0.,0.));
#9778=DIRECTION('ref_axis',(0.,-1.,0.));
#9779=DIRECTION('',(0.,1.,0.));
#9780=DIRECTION('',(0.,0.,1.));
#9781=DIRECTION('',(0.,-1.,0.));
#9782=DIRECTION('',(0.,0.,1.));
#9783=DIRECTION('center_axis',(0.,-1.,0.));
#9784=DIRECTION('ref_axis',(1.,0.,0.));
#9785=DIRECTION('',(-1.,0.,0.));
#9786=DIRECTION('',(0.,0.,1.));
#9787=DIRECTION('',(1.,0.,0.));
#9788=DIRECTION('center_axis',(1.,0.,0.));
#9789=DIRECTION('ref_axis',(0.,1.,0.));
#9790=DIRECTION('',(0.,1.,0.));
#9791=DIRECTION('',(0.,0.,1.));
#9792=DIRECTION('',(0.,1.,0.));
#9793=DIRECTION('center_axis',(0.,1.,0.));
#9794=DIRECTION('ref_axis',(-1.,0.,0.));
#9795=DIRECTION('',(-1.,0.,0.));
#9796=DIRECTION('',(-1.,0.,0.));
#9797=DIRECTION('center_axis',(0.,0.,-1.));
#9798=DIRECTION('ref_axis',(-1.,0.,0.));
#9799=DIRECTION('center_axis',(0.,0.,-1.));
#9800=DIRECTION('ref_axis',(-1.,0.,0.));
#9801=DIRECTION('center_axis',(0.,1.,0.));
#9802=DIRECTION('ref_axis',(-1.,0.,0.));
#9803=DIRECTION('',(-1.,0.,0.));
#9804=DIRECTION('',(0.,0.,1.));
#9805=DIRECTION('',(-1.,0.,0.));
#9806=DIRECTION('',(0.,0.,1.));
#9807=DIRECTION('center_axis',(1.,0.,0.));
#9808=DIRECTION('ref_axis',(0.,1.,0.));
#9809=DIRECTION('',(0.,1.,0.));
#9810=DIRECTION('',(0.,1.,0.));
#9811=DIRECTION('',(0.,0.,1.));
#9812=DIRECTION('center_axis',(0.,-1.,0.));
#9813=DIRECTION('ref_axis',(1.,0.,0.));
#9814=DIRECTION('',(1.,0.,0.));
#9815=DIRECTION('',(1.,0.,0.));
#9816=DIRECTION('',(0.,0.,1.));
#9817=DIRECTION('center_axis',(-1.,0.,0.));
#9818=DIRECTION('ref_axis',(0.,-1.,0.));
#9819=DIRECTION('',(0.,-1.,0.));
#9820=DIRECTION('',(0.,-1.,0.));
#9821=DIRECTION('center_axis',(0.,0.,1.));
#9822=DIRECTION('ref_axis',(1.,0.,0.));
#9823=DIRECTION('center_axis',(0.,0.,1.));
#9824=DIRECTION('ref_axis',(-1.,0.,0.));
#9825=DIRECTION('center_axis',(0.,1.,0.));
#9826=DIRECTION('ref_axis',(1.,0.,0.));
#9827=DIRECTION('',(-1.,0.,0.));
#9828=DIRECTION('',(0.,0.,-1.));
#9829=DIRECTION('',(1.,0.,0.));
#9830=DIRECTION('',(0.,0.,-1.));
#9831=DIRECTION('center_axis',(-1.,0.,0.));
#9832=DIRECTION('ref_axis',(0.,1.,0.));
#9833=DIRECTION('',(0.,1.,0.));
#9834=DIRECTION('',(0.,1.,0.));
#9835=DIRECTION('',(0.,0.,-1.));
#9836=DIRECTION('center_axis',(0.,-1.,0.));
#9837=DIRECTION('ref_axis',(-1.,0.,0.));
#9838=DIRECTION('',(-1.,0.,0.));
#9839=DIRECTION('',(-1.,0.,0.));
#9840=DIRECTION('',(0.,0.,-1.));
#9841=DIRECTION('center_axis',(1.,0.,0.));
#9842=DIRECTION('ref_axis',(0.,-1.,0.));
#9843=DIRECTION('',(0.,-1.,0.));
#9844=DIRECTION('',(0.,-1.,0.));
#9845=DIRECTION('center_axis',(0.,0.,-1.));
#9846=DIRECTION('ref_axis',(-1.,0.,0.));
#9847=DIRECTION('center_axis',(0.,0.,-1.));
#9848=DIRECTION('ref_axis',(1.,0.,0.));
#9849=DIRECTION('center_axis',(0.,1.,0.));
#9850=DIRECTION('ref_axis',(1.,0.,0.));
#9851=DIRECTION('',(-1.,0.,0.));
#9852=DIRECTION('',(0.,0.,-1.));
#9853=DIRECTION('',(1.,0.,0.));
#9854=DIRECTION('',(0.,0.,-1.));
#9855=DIRECTION('center_axis',(-1.,-3.76346788008528E-16,0.));
#9856=DIRECTION('ref_axis',(-3.76346788008528E-16,1.,0.));
#9857=DIRECTION('',(-3.76346788008528E-16,1.,0.));
#9858=DIRECTION('',(-3.76346788008528E-16,1.,0.));
#9859=DIRECTION('',(0.,0.,-1.));
#9860=DIRECTION('center_axis',(0.,-1.,0.));
#9861=DIRECTION('ref_axis',(-1.,0.,0.));
#9862=DIRECTION('',(-1.,0.,0.));
#9863=DIRECTION('',(-1.,0.,0.));
#9864=DIRECTION('',(0.,0.,-1.));
#9865=DIRECTION('center_axis',(1.,3.76346788008528E-16,0.));
#9866=DIRECTION('ref_axis',(3.76346788008528E-16,-1.,0.));
#9867=DIRECTION('',(-3.76346788008528E-16,1.,0.));
#9868=DIRECTION('',(3.76346788008528E-16,-1.,0.));
#9869=DIRECTION('center_axis',(0.,0.,-1.));
#9870=DIRECTION('ref_axis',(-1.,0.,0.));
#9871=DIRECTION('center_axis',(0.,0.,-1.));
#9872=DIRECTION('ref_axis',(1.,0.,0.));
#9873=DIRECTION('center_axis',(-1.,0.,0.));
#9874=DIRECTION('ref_axis',(0.,-1.,0.));
#9875=DIRECTION('',(0.,-1.,0.));
#9876=DIRECTION('',(0.,0.,-1.));
#9877=DIRECTION('',(0.,-1.,0.));
#9878=DIRECTION('',(0.,0.,1.));
#9879=DIRECTION('center_axis',(0.,1.,0.));
#9880=DIRECTION('ref_axis',(-1.,0.,0.));
#9881=DIRECTION('',(-1.,0.,0.));
#9882=DIRECTION('',(-1.,0.,0.));
#9883=DIRECTION('',(0.,0.,1.));
#9884=DIRECTION('center_axis',(0.,-1.,0.));
#9885=DIRECTION('ref_axis',(-1.,0.,0.));
#9886=DIRECTION('',(-1.,0.,0.));
#9887=DIRECTION('',(0.,0.,-1.));
#9888=DIRECTION('',(1.,0.,0.));
#9889=DIRECTION('center_axis',(-1.,3.76346788008528E-16,0.));
#9890=DIRECTION('ref_axis',(3.76346788008528E-16,1.,0.));
#9891=DIRECTION('',(3.76346788008528E-16,1.,0.));
#9892=DIRECTION('',(0.,0.,-1.));
#9893=DIRECTION('',(0.,1.,0.));
#9894=DIRECTION('center_axis',(0.,1.,0.));
#9895=DIRECTION('ref_axis',(1.,0.,0.));
#9896=DIRECTION('',(1.,0.,0.));
#9897=DIRECTION('',(0.,0.,-1.));
#9898=DIRECTION('',(1.,0.,0.));
#9899=DIRECTION('center_axis',(1.,-3.76346788008528E-16,0.));
#9900=DIRECTION('ref_axis',(-3.76346788008528E-16,-1.,0.));
#9901=DIRECTION('',(3.76346788008528E-16,1.,0.));
#9902=DIRECTION('',(-3.76346788008528E-16,-1.,0.));
#9903=DIRECTION('center_axis',(0.,0.,1.));
#9904=DIRECTION('ref_axis',(1.,0.,0.));
#9905=DIRECTION('center_axis',(0.,0.,1.));
#9906=DIRECTION('ref_axis',(-1.,0.,0.));
#9907=DIRECTION('center_axis',(0.,1.,0.));
#9908=DIRECTION('ref_axis',(1.,0.,0.));
#9909=DIRECTION('',(-1.,0.,0.));
#9910=DIRECTION('',(0.,0.,-1.));
#9911=DIRECTION('',(1.,0.,0.));
#9912=DIRECTION('',(0.,0.,-1.));
#9913=DIRECTION('center_axis',(1.,-3.76346788008528E-16,0.));
#9914=DIRECTION('ref_axis',(-3.76346788008528E-16,-1.,0.));
#9915=DIRECTION('',(-3.76346788008528E-16,-1.,0.));
#9916=DIRECTION('',(0.,0.,-1.));
#9917=DIRECTION('',(-3.76346788008528E-16,-1.,0.));
#9918=DIRECTION('center_axis',(0.,-1.,0.));
#9919=DIRECTION('ref_axis',(-1.,0.,0.));
#9920=DIRECTION('',(-1.,0.,0.));
#9921=DIRECTION('',(0.,0.,-1.));
#9922=DIRECTION('',(-1.,0.,0.));
#9923=DIRECTION('center_axis',(-1.,3.76346788008528E-16,0.));
#9924=DIRECTION('ref_axis',(3.76346788008528E-16,1.,0.));
#9925=DIRECTION('',(-3.76346788008528E-16,-1.,0.));
#9926=DIRECTION('',(3.76346788008528E-16,1.,0.));
#9927=DIRECTION('center_axis',(0.,0.,1.));
#9928=DIRECTION('ref_axis',(-1.,0.,0.));
#9929=DIRECTION('center_axis',(0.,0.,1.));
#9930=DIRECTION('ref_axis',(1.,0.,0.));
#9931=DIRECTION('center_axis',(0.,-1.,0.));
#9932=DIRECTION('ref_axis',(-1.,0.,0.));
#9933=DIRECTION('',(1.,0.,0.));
#9934=DIRECTION('',(0.,0.,-1.));
#9935=DIRECTION('',(-1.,0.,0.));
#9936=DIRECTION('',(0.,0.,-1.));
#9937=DIRECTION('center_axis',(1.,3.76346788008528E-16,0.));
#9938=DIRECTION('ref_axis',(3.76346788008528E-16,-1.,0.));
#9939=DIRECTION('',(3.76346788008528E-16,-1.,0.));
#9940=DIRECTION('',(3.76346788008528E-16,-1.,0.));
#9941=DIRECTION('',(0.,0.,-1.));
#9942=DIRECTION('center_axis',(0.,1.,0.));
#9943=DIRECTION('ref_axis',(1.,0.,0.));
#9944=DIRECTION('',(1.,0.,0.));
#9945=DIRECTION('',(1.,0.,0.));
#9946=DIRECTION('',(0.,0.,-1.));
#9947=DIRECTION('center_axis',(-1.,-3.76346788008528E-16,0.));
#9948=DIRECTION('ref_axis',(-3.76346788008528E-16,1.,0.));
#9949=DIRECTION('',(3.76346788008528E-16,-1.,0.));
#9950=DIRECTION('',(-3.76346788008528E-16,1.,0.));
#9951=DIRECTION('center_axis',(0.,0.,-1.));
#9952=DIRECTION('ref_axis',(1.,0.,0.));
#9953=DIRECTION('center_axis',(0.,0.,-1.));
#9954=DIRECTION('ref_axis',(-1.,0.,0.));
#9955=DIRECTION('center_axis',(0.,1.,0.));
#9956=DIRECTION('ref_axis',(1.,0.,0.));
#9957=DIRECTION('',(-1.,0.,0.));
#9958=DIRECTION('',(0.,0.,-1.));
#9959=DIRECTION('',(1.,0.,0.));
#9960=DIRECTION('',(0.,0.,-1.));
#9961=DIRECTION('center_axis',(-1.,0.,0.));
#9962=DIRECTION('ref_axis',(0.,1.,0.));
#9963=DIRECTION('',(0.,1.,0.));
#9964=DIRECTION('',(0.,1.,0.));
#9965=DIRECTION('',(0.,0.,-1.));
#9966=DIRECTION('center_axis',(0.,-1.,0.));
#9967=DIRECTION('ref_axis',(-1.,0.,0.));
#9968=DIRECTION('',(-1.,0.,0.));
#9969=DIRECTION('',(-1.,0.,0.));
#9970=DIRECTION('',(0.,0.,-1.));
#9971=DIRECTION('center_axis',(1.,0.,0.));
#9972=DIRECTION('ref_axis',(0.,-1.,0.));
#9973=DIRECTION('',(0.,-1.,0.));
#9974=DIRECTION('',(0.,-1.,0.));
#9975=DIRECTION('center_axis',(0.,0.,-1.));
#9976=DIRECTION('ref_axis',(-1.,0.,0.));
#9977=DIRECTION('center_axis',(0.,0.,-1.));
#9978=DIRECTION('ref_axis',(1.,0.,0.));
#9979=DIRECTION('center_axis',(0.,1.,0.));
#9980=DIRECTION('ref_axis',(1.,0.,0.));
#9981=DIRECTION('',(-1.,0.,0.));
#9982=DIRECTION('',(0.,0.,-1.));
#9983=DIRECTION('',(1.,0.,0.));
#9984=DIRECTION('',(0.,0.,-1.));
#9985=DIRECTION('center_axis',(-1.,0.,0.));
#9986=DIRECTION('ref_axis',(0.,1.,0.));
#9987=DIRECTION('',(0.,1.,0.));
#9988=DIRECTION('',(0.,1.,0.));
#9989=DIRECTION('',(0.,0.,-1.));
#9990=DIRECTION('center_axis',(0.,-1.,0.));
#9991=DIRECTION('ref_axis',(-1.,0.,0.));
#9992=DIRECTION('',(-1.,0.,0.));
#9993=DIRECTION('',(-1.,0.,0.));
#9994=DIRECTION('',(0.,0.,-1.));
#9995=DIRECTION('center_axis',(1.,0.,0.));
#9996=DIRECTION('ref_axis',(0.,-1.,0.));
#9997=DIRECTION('',(0.,-1.,0.));
#9998=DIRECTION('',(0.,-1.,0.));
#9999=DIRECTION('center_axis',(0.,0.,-1.));
#10000=DIRECTION('ref_axis',(-1.,0.,0.));
#10001=DIRECTION('center_axis',(0.,0.,-1.));
#10002=DIRECTION('ref_axis',(1.,0.,0.));
#10003=DIRECTION('center_axis',(0.,1.,0.));
#10004=DIRECTION('ref_axis',(1.,0.,0.));
#10005=DIRECTION('',(-1.,0.,0.));
#10006=DIRECTION('',(0.,0.,-1.));
#10007=DIRECTION('',(1.,0.,0.));
#10008=DIRECTION('',(0.,0.,-1.));
#10009=DIRECTION('center_axis',(-1.,0.,0.));
#10010=DIRECTION('ref_axis',(0.,1.,0.));
#10011=DIRECTION('',(0.,1.,0.));
#10012=DIRECTION('',(0.,1.,0.));
#10013=DIRECTION('',(0.,0.,-1.));
#10014=DIRECTION('center_axis',(0.,-1.,0.));
#10015=DIRECTION('ref_axis',(-1.,0.,0.));
#10016=DIRECTION('',(-1.,0.,0.));
#10017=DIRECTION('',(-1.,0.,0.));
#10018=DIRECTION('',(0.,0.,-1.));
#10019=DIRECTION('center_axis',(1.,0.,0.));
#10020=DIRECTION('ref_axis',(0.,-1.,0.));
#10021=DIRECTION('',(0.,-1.,0.));
#10022=DIRECTION('',(0.,-1.,0.));
#10023=DIRECTION('center_axis',(0.,0.,-1.));
#10024=DIRECTION('ref_axis',(-1.,0.,0.));
#10025=DIRECTION('center_axis',(0.,0.,-1.));
#10026=DIRECTION('ref_axis',(1.,0.,0.));
#10027=DIRECTION('center_axis',(0.,1.,0.));
#10028=DIRECTION('ref_axis',(1.,0.,0.));
#10029=DIRECTION('',(-1.,0.,0.));
#10030=DIRECTION('',(0.,0.,-1.));
#10031=DIRECTION('',(1.,0.,0.));
#10032=DIRECTION('',(0.,0.,-1.));
#10033=DIRECTION('center_axis',(-1.,0.,0.));
#10034=DIRECTION('ref_axis',(0.,1.,0.));
#10035=DIRECTION('',(0.,1.,0.));
#10036=DIRECTION('',(0.,1.,0.));
#10037=DIRECTION('',(0.,0.,-1.));
#10038=DIRECTION('center_axis',(0.,-1.,0.));
#10039=DIRECTION('ref_axis',(-1.,0.,0.));
#10040=DIRECTION('',(-1.,0.,0.));
#10041=DIRECTION('',(-1.,0.,0.));
#10042=DIRECTION('',(0.,0.,-1.));
#10043=DIRECTION('center_axis',(1.,0.,0.));
#10044=DIRECTION('ref_axis',(0.,-1.,0.));
#10045=DIRECTION('',(0.,-1.,0.));
#10046=DIRECTION('',(0.,-1.,0.));
#10047=DIRECTION('center_axis',(0.,0.,-1.));
#10048=DIRECTION('ref_axis',(-1.,0.,0.));
#10049=DIRECTION('center_axis',(0.,0.,-1.));
#10050=DIRECTION('ref_axis',(1.,0.,0.));
#10051=DIRECTION('center_axis',(0.,1.,0.));
#10052=DIRECTION('ref_axis',(1.,0.,0.));
#10053=DIRECTION('',(-1.,0.,0.));
#10054=DIRECTION('',(0.,0.,-1.));
#10055=DIRECTION('',(1.,0.,0.));
#10056=DIRECTION('',(0.,0.,-1.));
#10057=DIRECTION('center_axis',(-1.,0.,0.));
#10058=DIRECTION('ref_axis',(0.,1.,0.));
#10059=DIRECTION('',(0.,1.,0.));
#10060=DIRECTION('',(0.,1.,0.));
#10061=DIRECTION('',(0.,0.,-1.));
#10062=DIRECTION('center_axis',(0.,-1.,0.));
#10063=DIRECTION('ref_axis',(-1.,0.,0.));
#10064=DIRECTION('',(-1.,0.,0.));
#10065=DIRECTION('',(-1.,0.,0.));
#10066=DIRECTION('',(0.,0.,-1.));
#10067=DIRECTION('center_axis',(1.,0.,0.));
#10068=DIRECTION('ref_axis',(0.,-1.,0.));
#10069=DIRECTION('',(0.,-1.,0.));
#10070=DIRECTION('',(0.,-1.,0.));
#10071=DIRECTION('center_axis',(0.,0.,-1.));
#10072=DIRECTION('ref_axis',(-1.,0.,0.));
#10073=DIRECTION('center_axis',(0.,0.,-1.));
#10074=DIRECTION('ref_axis',(1.,0.,0.));
#10075=DIRECTION('center_axis',(0.,1.,0.));
#10076=DIRECTION('ref_axis',(1.,0.,0.));
#10077=DIRECTION('',(-1.,0.,0.));
#10078=DIRECTION('',(0.,0.,-1.));
#10079=DIRECTION('',(1.,0.,0.));
#10080=DIRECTION('',(0.,0.,-1.));
#10081=DIRECTION('center_axis',(-1.,0.,0.));
#10082=DIRECTION('ref_axis',(0.,1.,0.));
#10083=DIRECTION('',(0.,1.,0.));
#10084=DIRECTION('',(0.,1.,0.));
#10085=DIRECTION('',(0.,0.,-1.));
#10086=DIRECTION('center_axis',(0.,-1.,0.));
#10087=DIRECTION('ref_axis',(-1.,0.,0.));
#10088=DIRECTION('',(-1.,0.,0.));
#10089=DIRECTION('',(-1.,0.,0.));
#10090=DIRECTION('',(0.,0.,-1.));
#10091=DIRECTION('center_axis',(1.,0.,0.));
#10092=DIRECTION('ref_axis',(0.,-1.,0.));
#10093=DIRECTION('',(0.,-1.,0.));
#10094=DIRECTION('',(0.,-1.,0.));
#10095=DIRECTION('center_axis',(0.,0.,-1.));
#10096=DIRECTION('ref_axis',(-1.,0.,0.));
#10097=DIRECTION('center_axis',(0.,0.,-1.));
#10098=DIRECTION('ref_axis',(1.,0.,0.));
#10099=DIRECTION('center_axis',(0.,1.,0.));
#10100=DIRECTION('ref_axis',(1.,0.,0.));
#10101=DIRECTION('',(-1.,0.,0.));
#10102=DIRECTION('',(0.,0.,-1.));
#10103=DIRECTION('',(1.,0.,0.));
#10104=DIRECTION('',(0.,0.,-1.));
#10105=DIRECTION('center_axis',(-1.,0.,0.));
#10106=DIRECTION('ref_axis',(0.,1.,0.));
#10107=DIRECTION('',(0.,1.,0.));
#10108=DIRECTION('',(0.,1.,0.));
#10109=DIRECTION('',(0.,0.,-1.));
#10110=DIRECTION('center_axis',(0.,-1.,0.));
#10111=DIRECTION('ref_axis',(-1.,0.,0.));
#10112=DIRECTION('',(-1.,0.,0.));
#10113=DIRECTION('',(-1.,0.,0.));
#10114=DIRECTION('',(0.,0.,-1.));
#10115=DIRECTION('center_axis',(1.,0.,0.));
#10116=DIRECTION('ref_axis',(0.,-1.,0.));
#10117=DIRECTION('',(0.,-1.,0.));
#10118=DIRECTION('',(0.,-1.,0.));
#10119=DIRECTION('center_axis',(0.,0.,-1.));
#10120=DIRECTION('ref_axis',(-1.,0.,0.));
#10121=DIRECTION('center_axis',(0.,0.,-1.));
#10122=DIRECTION('ref_axis',(1.,0.,0.));
#10123=DIRECTION('center_axis',(0.,1.,0.));
#10124=DIRECTION('ref_axis',(1.,0.,0.));
#10125=DIRECTION('',(-1.,0.,0.));
#10126=DIRECTION('',(0.,0.,-1.));
#10127=DIRECTION('',(1.,0.,0.));
#10128=DIRECTION('',(0.,0.,-1.));
#10129=DIRECTION('center_axis',(-1.,0.,0.));
#10130=DIRECTION('ref_axis',(0.,1.,0.));
#10131=DIRECTION('',(0.,1.,0.));
#10132=DIRECTION('',(0.,1.,0.));
#10133=DIRECTION('',(0.,0.,-1.));
#10134=DIRECTION('center_axis',(0.,-1.,0.));
#10135=DIRECTION('ref_axis',(-1.,0.,0.));
#10136=DIRECTION('',(-1.,0.,0.));
#10137=DIRECTION('',(-1.,0.,0.));
#10138=DIRECTION('',(0.,0.,-1.));
#10139=DIRECTION('center_axis',(1.,0.,0.));
#10140=DIRECTION('ref_axis',(0.,-1.,0.));
#10141=DIRECTION('',(0.,-1.,0.));
#10142=DIRECTION('',(0.,-1.,0.));
#10143=DIRECTION('center_axis',(0.,0.,-1.));
#10144=DIRECTION('ref_axis',(-1.,0.,0.));
#10145=DIRECTION('center_axis',(0.,0.,-1.));
#10146=DIRECTION('ref_axis',(1.,0.,0.));
#10147=DIRECTION('center_axis',(0.,1.,0.));
#10148=DIRECTION('ref_axis',(1.,0.,0.));
#10149=DIRECTION('',(-1.,0.,0.));
#10150=DIRECTION('',(0.,0.,-1.));
#10151=DIRECTION('',(1.,0.,0.));
#10152=DIRECTION('',(0.,0.,-1.));
#10153=DIRECTION('center_axis',(-1.,0.,0.));
#10154=DIRECTION('ref_axis',(0.,1.,0.));
#10155=DIRECTION('',(0.,1.,0.));
#10156=DIRECTION('',(0.,1.,0.));
#10157=DIRECTION('',(0.,0.,-1.));
#10158=DIRECTION('center_axis',(0.,-1.,0.));
#10159=DIRECTION('ref_axis',(-1.,0.,0.));
#10160=DIRECTION('',(-1.,0.,0.));
#10161=DIRECTION('',(-1.,0.,0.));
#10162=DIRECTION('',(0.,0.,-1.));
#10163=DIRECTION('center_axis',(1.,0.,0.));
#10164=DIRECTION('ref_axis',(0.,-1.,0.));
#10165=DIRECTION('',(0.,-1.,0.));
#10166=DIRECTION('',(0.,-1.,0.));
#10167=DIRECTION('center_axis',(0.,0.,-1.));
#10168=DIRECTION('ref_axis',(-1.,0.,0.));
#10169=DIRECTION('center_axis',(0.,0.,-1.));
#10170=DIRECTION('ref_axis',(1.,0.,0.));
#10171=DIRECTION('center_axis',(0.,1.,0.));
#10172=DIRECTION('ref_axis',(1.,0.,0.));
#10173=DIRECTION('',(-1.,0.,0.));
#10174=DIRECTION('',(0.,0.,-1.));
#10175=DIRECTION('',(1.,0.,0.));
#10176=DIRECTION('',(0.,0.,-1.));
#10177=DIRECTION('center_axis',(1.,0.,0.));
#10178=DIRECTION('ref_axis',(0.,-1.,0.));
#10179=DIRECTION('',(0.,-1.,0.));
#10180=DIRECTION('',(0.,0.,-1.));
#10181=DIRECTION('',(0.,-1.,0.));
#10182=DIRECTION('center_axis',(0.,-1.,0.));
#10183=DIRECTION('ref_axis',(-1.,0.,0.));
#10184=DIRECTION('',(-1.,0.,0.));
#10185=DIRECTION('',(0.,0.,-1.));
#10186=DIRECTION('',(-1.,0.,0.));
#10187=DIRECTION('center_axis',(-1.,0.,0.));
#10188=DIRECTION('ref_axis',(0.,1.,0.));
#10189=DIRECTION('',(0.,1.,0.));
#10190=DIRECTION('',(0.,1.,0.));
#10191=DIRECTION('center_axis',(0.,0.,1.));
#10192=DIRECTION('ref_axis',(-1.,0.,0.));
#10193=DIRECTION('center_axis',(0.,0.,1.));
#10194=DIRECTION('ref_axis',(1.,0.,0.));
#10195=DIRECTION('center_axis',(0.,1.,0.));
#10196=DIRECTION('ref_axis',(1.,0.,0.));
#10197=DIRECTION('',(-1.,0.,0.));
#10198=DIRECTION('',(0.,0.,-1.));
#10199=DIRECTION('',(1.,0.,0.));
#10200=DIRECTION('',(0.,0.,-1.));
#10201=DIRECTION('center_axis',(1.,0.,0.));
#10202=DIRECTION('ref_axis',(0.,-1.,0.));
#10203=DIRECTION('',(0.,-1.,0.));
#10204=DIRECTION('',(0.,0.,-1.));
#10205=DIRECTION('',(0.,-1.,0.));
#10206=DIRECTION('center_axis',(0.,-1.,0.));
#10207=DIRECTION('ref_axis',(-1.,0.,0.));
#10208=DIRECTION('',(-1.,0.,0.));
#10209=DIRECTION('',(0.,0.,-1.));
#10210=DIRECTION('',(-1.,0.,0.));
#10211=DIRECTION('center_axis',(-1.,0.,0.));
#10212=DIRECTION('ref_axis',(0.,1.,0.));
#10213=DIRECTION('',(0.,1.,0.));
#10214=DIRECTION('',(0.,1.,0.));
#10215=DIRECTION('center_axis',(0.,0.,1.));
#10216=DIRECTION('ref_axis',(-1.,0.,0.));
#10217=DIRECTION('center_axis',(0.,0.,1.));
#10218=DIRECTION('ref_axis',(1.,0.,0.));
#10219=DIRECTION('center_axis',(0.,1.,0.));
#10220=DIRECTION('ref_axis',(1.,0.,0.));
#10221=DIRECTION('',(-1.,0.,0.));
#10222=DIRECTION('',(0.,0.,-1.));
#10223=DIRECTION('',(1.,0.,0.));
#10224=DIRECTION('',(0.,0.,-1.));
#10225=DIRECTION('center_axis',(1.,0.,0.));
#10226=DIRECTION('ref_axis',(0.,-1.,0.));
#10227=DIRECTION('',(0.,-1.,0.));
#10228=DIRECTION('',(0.,0.,-1.));
#10229=DIRECTION('',(0.,-1.,0.));
#10230=DIRECTION('center_axis',(0.,-1.,0.));
#10231=DIRECTION('ref_axis',(-1.,0.,0.));
#10232=DIRECTION('',(-1.,0.,0.));
#10233=DIRECTION('',(0.,0.,-1.));
#10234=DIRECTION('',(-1.,0.,0.));
#10235=DIRECTION('center_axis',(-1.,0.,0.));
#10236=DIRECTION('ref_axis',(0.,1.,0.));
#10237=DIRECTION('',(0.,1.,0.));
#10238=DIRECTION('',(0.,1.,0.));
#10239=DIRECTION('center_axis',(0.,0.,1.));
#10240=DIRECTION('ref_axis',(-1.,0.,0.));
#10241=DIRECTION('center_axis',(0.,0.,1.));
#10242=DIRECTION('ref_axis',(1.,0.,0.));
#10243=DIRECTION('center_axis',(0.,1.,0.));
#10244=DIRECTION('ref_axis',(1.,0.,0.));
#10245=DIRECTION('',(-1.,0.,0.));
#10246=DIRECTION('',(0.,0.,-1.));
#10247=DIRECTION('',(1.,0.,0.));
#10248=DIRECTION('',(0.,0.,-1.));
#10249=DIRECTION('center_axis',(1.,0.,0.));
#10250=DIRECTION('ref_axis',(0.,-1.,0.));
#10251=DIRECTION('',(0.,-1.,0.));
#10252=DIRECTION('',(0.,0.,-1.));
#10253=DIRECTION('',(0.,-1.,0.));
#10254=DIRECTION('center_axis',(0.,-1.,0.));
#10255=DIRECTION('ref_axis',(-1.,0.,0.));
#10256=DIRECTION('',(-1.,0.,0.));
#10257=DIRECTION('',(0.,0.,-1.));
#10258=DIRECTION('',(-1.,0.,0.));
#10259=DIRECTION('center_axis',(-1.,0.,0.));
#10260=DIRECTION('ref_axis',(0.,1.,0.));
#10261=DIRECTION('',(0.,1.,0.));
#10262=DIRECTION('',(0.,1.,0.));
#10263=DIRECTION('center_axis',(0.,0.,1.));
#10264=DIRECTION('ref_axis',(-1.,0.,0.));
#10265=DIRECTION('center_axis',(0.,0.,1.));
#10266=DIRECTION('ref_axis',(1.,0.,0.));
#10267=DIRECTION('center_axis',(0.,1.,0.));
#10268=DIRECTION('ref_axis',(1.,0.,0.));
#10269=DIRECTION('',(-1.,0.,0.));
#10270=DIRECTION('',(0.,0.,-1.));
#10271=DIRECTION('',(1.,0.,0.));
#10272=DIRECTION('',(0.,0.,-1.));
#10273=DIRECTION('center_axis',(1.,0.,0.));
#10274=DIRECTION('ref_axis',(0.,-1.,0.));
#10275=DIRECTION('',(0.,-1.,0.));
#10276=DIRECTION('',(0.,0.,-1.));
#10277=DIRECTION('',(0.,-1.,0.));
#10278=DIRECTION('center_axis',(0.,-1.,0.));
#10279=DIRECTION('ref_axis',(-1.,0.,0.));
#10280=DIRECTION('',(-1.,0.,0.));
#10281=DIRECTION('',(0.,0.,-1.));
#10282=DIRECTION('',(-1.,0.,0.));
#10283=DIRECTION('center_axis',(-1.,0.,0.));
#10284=DIRECTION('ref_axis',(0.,1.,0.));
#10285=DIRECTION('',(0.,1.,0.));
#10286=DIRECTION('',(0.,1.,0.));
#10287=DIRECTION('center_axis',(0.,0.,1.));
#10288=DIRECTION('ref_axis',(-1.,0.,0.));
#10289=DIRECTION('center_axis',(0.,0.,1.));
#10290=DIRECTION('ref_axis',(1.,0.,0.));
#10291=DIRECTION('center_axis',(0.,1.,0.));
#10292=DIRECTION('ref_axis',(1.,0.,0.));
#10293=DIRECTION('',(-1.,0.,0.));
#10294=DIRECTION('',(0.,0.,-1.));
#10295=DIRECTION('',(1.,0.,0.));
#10296=DIRECTION('',(0.,0.,-1.));
#10297=DIRECTION('center_axis',(1.,0.,0.));
#10298=DIRECTION('ref_axis',(0.,-1.,0.));
#10299=DIRECTION('',(0.,-1.,0.));
#10300=DIRECTION('',(0.,0.,-1.));
#10301=DIRECTION('',(0.,-1.,0.));
#10302=DIRECTION('center_axis',(0.,-1.,0.));
#10303=DIRECTION('ref_axis',(-1.,0.,0.));
#10304=DIRECTION('',(-1.,0.,0.));
#10305=DIRECTION('',(0.,0.,-1.));
#10306=DIRECTION('',(-1.,0.,0.));
#10307=DIRECTION('center_axis',(-1.,0.,0.));
#10308=DIRECTION('ref_axis',(0.,1.,0.));
#10309=DIRECTION('',(0.,1.,0.));
#10310=DIRECTION('',(0.,1.,0.));
#10311=DIRECTION('center_axis',(0.,0.,1.));
#10312=DIRECTION('ref_axis',(-1.,0.,0.));
#10313=DIRECTION('center_axis',(0.,0.,1.));
#10314=DIRECTION('ref_axis',(1.,0.,0.));
#10315=DIRECTION('center_axis',(0.,1.,0.));
#10316=DIRECTION('ref_axis',(1.,0.,0.));
#10317=DIRECTION('',(-1.,0.,0.));
#10318=DIRECTION('',(0.,0.,-1.));
#10319=DIRECTION('',(1.,0.,0.));
#10320=DIRECTION('',(0.,0.,-1.));
#10321=DIRECTION('center_axis',(1.,0.,0.));
#10322=DIRECTION('ref_axis',(0.,-1.,0.));
#10323=DIRECTION('',(0.,-1.,0.));
#10324=DIRECTION('',(0.,0.,-1.));
#10325=DIRECTION('',(0.,-1.,0.));
#10326=DIRECTION('center_axis',(0.,-1.,0.));
#10327=DIRECTION('ref_axis',(-1.,0.,0.));
#10328=DIRECTION('',(-1.,0.,0.));
#10329=DIRECTION('',(0.,0.,-1.));
#10330=DIRECTION('',(-1.,0.,0.));
#10331=DIRECTION('center_axis',(-1.,0.,0.));
#10332=DIRECTION('ref_axis',(0.,1.,0.));
#10333=DIRECTION('',(0.,1.,0.));
#10334=DIRECTION('',(0.,1.,0.));
#10335=DIRECTION('center_axis',(0.,0.,1.));
#10336=DIRECTION('ref_axis',(-1.,0.,0.));
#10337=DIRECTION('center_axis',(0.,0.,1.));
#10338=DIRECTION('ref_axis',(1.,0.,0.));
#10339=DIRECTION('center_axis',(0.,1.,0.));
#10340=DIRECTION('ref_axis',(1.,0.,0.));
#10341=DIRECTION('',(-1.,0.,0.));
#10342=DIRECTION('',(0.,0.,-1.));
#10343=DIRECTION('',(1.,0.,0.));
#10344=DIRECTION('',(0.,0.,-1.));
#10345=DIRECTION('center_axis',(1.,0.,0.));
#10346=DIRECTION('ref_axis',(0.,-1.,0.));
#10347=DIRECTION('',(0.,-1.,0.));
#10348=DIRECTION('',(0.,0.,-1.));
#10349=DIRECTION('',(0.,-1.,0.));
#10350=DIRECTION('center_axis',(0.,-1.,0.));
#10351=DIRECTION('ref_axis',(-1.,0.,0.));
#10352=DIRECTION('',(-1.,0.,0.));
#10353=DIRECTION('',(0.,0.,-1.));
#10354=DIRECTION('',(-1.,0.,0.));
#10355=DIRECTION('center_axis',(-1.,0.,0.));
#10356=DIRECTION('ref_axis',(0.,1.,0.));
#10357=DIRECTION('',(0.,1.,0.));
#10358=DIRECTION('',(0.,1.,0.));
#10359=DIRECTION('center_axis',(0.,0.,1.));
#10360=DIRECTION('ref_axis',(-1.,0.,0.));
#10361=DIRECTION('center_axis',(0.,0.,1.));
#10362=DIRECTION('ref_axis',(1.,0.,0.));
#10363=DIRECTION('center_axis',(0.,1.,0.));
#10364=DIRECTION('ref_axis',(1.,0.,0.));
#10365=DIRECTION('',(-1.,0.,0.));
#10366=DIRECTION('',(0.,0.,-1.));
#10367=DIRECTION('',(1.,0.,0.));
#10368=DIRECTION('',(0.,0.,-1.));
#10369=DIRECTION('center_axis',(1.,0.,0.));
#10370=DIRECTION('ref_axis',(0.,-1.,0.));
#10371=DIRECTION('',(0.,-1.,0.));
#10372=DIRECTION('',(0.,0.,-1.));
#10373=DIRECTION('',(0.,-1.,0.));
#10374=DIRECTION('center_axis',(0.,-1.,0.));
#10375=DIRECTION('ref_axis',(-1.,0.,0.));
#10376=DIRECTION('',(-1.,0.,0.));
#10377=DIRECTION('',(0.,0.,-1.));
#10378=DIRECTION('',(-1.,0.,0.));
#10379=DIRECTION('center_axis',(-1.,0.,0.));
#10380=DIRECTION('ref_axis',(0.,1.,0.));
#10381=DIRECTION('',(0.,1.,0.));
#10382=DIRECTION('',(0.,1.,0.));
#10383=DIRECTION('center_axis',(0.,0.,1.));
#10384=DIRECTION('ref_axis',(-1.,0.,0.));
#10385=DIRECTION('center_axis',(0.,0.,1.));
#10386=DIRECTION('ref_axis',(1.,0.,0.));
#10387=DIRECTION('center_axis',(0.,1.,0.));
#10388=DIRECTION('ref_axis',(1.,0.,0.));
#10389=DIRECTION('',(-1.,0.,0.));
#10390=DIRECTION('',(0.,0.,-1.));
#10391=DIRECTION('',(1.,0.,0.));
#10392=DIRECTION('',(0.,0.,-1.));
#10393=DIRECTION('center_axis',(1.,0.,0.));
#10394=DIRECTION('ref_axis',(0.,-1.,0.));
#10395=DIRECTION('',(0.,-1.,0.));
#10396=DIRECTION('',(0.,0.,-1.));
#10397=DIRECTION('',(0.,-1.,0.));
#10398=DIRECTION('center_axis',(0.,-1.,0.));
#10399=DIRECTION('ref_axis',(-1.,0.,0.));
#10400=DIRECTION('',(-1.,0.,0.));
#10401=DIRECTION('',(0.,0.,-1.));
#10402=DIRECTION('',(-1.,0.,0.));
#10403=DIRECTION('center_axis',(-1.,0.,0.));
#10404=DIRECTION('ref_axis',(0.,1.,0.));
#10405=DIRECTION('',(0.,1.,0.));
#10406=DIRECTION('',(0.,1.,0.));
#10407=DIRECTION('center_axis',(0.,0.,1.));
#10408=DIRECTION('ref_axis',(-1.,0.,0.));
#10409=DIRECTION('center_axis',(0.,0.,1.));
#10410=DIRECTION('ref_axis',(1.,0.,0.));
#10411=DIRECTION('center_axis',(0.,-1.,0.));
#10412=DIRECTION('ref_axis',(-1.,0.,0.));
#10413=DIRECTION('',(1.,0.,0.));
#10414=DIRECTION('',(0.,0.,-1.));
#10415=DIRECTION('',(-1.,0.,0.));
#10416=DIRECTION('',(0.,0.,-1.));
#10417=DIRECTION('center_axis',(1.,0.,0.));
#10418=DIRECTION('ref_axis',(0.,-1.,0.));
#10419=DIRECTION('',(0.,1.,0.));
#10420=DIRECTION('',(0.,-1.,0.));
#10421=DIRECTION('',(0.,0.,-1.));
#10422=DIRECTION('center_axis',(0.,1.,0.));
#10423=DIRECTION('ref_axis',(1.,0.,0.));
#10424=DIRECTION('',(-1.,0.,0.));
#10425=DIRECTION('',(1.,0.,0.));
#10426=DIRECTION('',(0.,0.,-1.));
#10427=DIRECTION('center_axis',(-1.,-3.76346788008528E-16,0.));
#10428=DIRECTION('ref_axis',(-3.76346788008528E-16,1.,0.));
#10429=DIRECTION('',(-3.76346788008528E-16,1.,0.));
#10430=DIRECTION('',(-3.76346788008528E-16,1.,0.));
#10431=DIRECTION('center_axis',(0.,0.,-1.));
#10432=DIRECTION('ref_axis',(-1.,0.,0.));
#10433=DIRECTION('center_axis',(0.,0.,-1.));
#10434=DIRECTION('ref_axis',(1.,0.,0.));
#10435=DIRECTION('center_axis',(0.,-1.,0.));
#10436=DIRECTION('ref_axis',(-1.,0.,0.));
#10437=DIRECTION('',(1.,0.,0.));
#10438=DIRECTION('',(0.,0.,-1.));
#10439=DIRECTION('',(-1.,0.,0.));
#10440=DIRECTION('',(0.,0.,-1.));
#10441=DIRECTION('center_axis',(1.,0.,0.));
#10442=DIRECTION('ref_axis',(0.,-1.,0.));
#10443=DIRECTION('',(0.,1.,0.));
#10444=DIRECTION('',(0.,-1.,0.));
#10445=DIRECTION('',(0.,0.,-1.));
#10446=DIRECTION('center_axis',(0.,1.,0.));
#10447=DIRECTION('ref_axis',(1.,0.,0.));
#10448=DIRECTION('',(-1.,0.,0.));
#10449=DIRECTION('',(1.,0.,0.));
#10450=DIRECTION('',(0.,0.,-1.));
#10451=DIRECTION('center_axis',(-1.,-3.76346788008528E-16,0.));
#10452=DIRECTION('ref_axis',(-3.76346788008528E-16,1.,0.));
#10453=DIRECTION('',(-3.76346788008528E-16,1.,0.));
#10454=DIRECTION('',(-3.76346788008528E-16,1.,0.));
#10455=DIRECTION('center_axis',(0.,0.,-1.));
#10456=DIRECTION('ref_axis',(-1.,0.,0.));
#10457=DIRECTION('center_axis',(0.,0.,-1.));
#10458=DIRECTION('ref_axis',(1.,0.,0.));
#10459=DIRECTION('center_axis',(0.,-1.,0.));
#10460=DIRECTION('ref_axis',(-1.,0.,0.));
#10461=DIRECTION('',(1.,0.,0.));
#10462=DIRECTION('',(0.,0.,-1.));
#10463=DIRECTION('',(-1.,0.,0.));
#10464=DIRECTION('',(0.,0.,-1.));
#10465=DIRECTION('center_axis',(-1.,0.,0.));
#10466=DIRECTION('ref_axis',(0.,1.,0.));
#10467=DIRECTION('',(0.,-1.,0.));
#10468=DIRECTION('',(0.,0.,-1.));
#10469=DIRECTION('',(0.,1.,0.));
#10470=DIRECTION('center_axis',(0.,1.,0.));
#10471=DIRECTION('ref_axis',(1.,0.,0.));
#10472=DIRECTION('',(-1.,0.,0.));
#10473=DIRECTION('',(0.,0.,-1.));
#10474=DIRECTION('',(1.,0.,0.));
#10475=DIRECTION('center_axis',(1.,-3.76346788008528E-16,0.));
#10476=DIRECTION('ref_axis',(-3.76346788008528E-16,-1.,0.));
#10477=DIRECTION('',(-3.76346788008528E-16,-1.,0.));
#10478=DIRECTION('',(-3.76346788008528E-16,-1.,0.));
#10479=DIRECTION('center_axis',(0.,0.,1.));
#10480=DIRECTION('ref_axis',(-1.,0.,0.));
#10481=DIRECTION('center_axis',(0.,0.,1.));
#10482=DIRECTION('ref_axis',(1.,0.,0.));
#10483=DIRECTION('center_axis',(0.,1.,0.));
#10484=DIRECTION('ref_axis',(1.,0.,0.));
#10485=DIRECTION('',(-1.,0.,0.));
#10486=DIRECTION('',(0.,0.,-1.));
#10487=DIRECTION('',(1.,0.,0.));
#10488=DIRECTION('',(0.,0.,-1.));
#10489=DIRECTION('center_axis',(1.,0.,0.));
#10490=DIRECTION('ref_axis',(0.,-1.,0.));
#10491=DIRECTION('',(0.,1.,0.));
#10492=DIRECTION('',(0.,0.,-1.));
#10493=DIRECTION('',(0.,-1.,0.));
#10494=DIRECTION('center_axis',(0.,-1.,0.));
#10495=DIRECTION('ref_axis',(-1.,0.,0.));
#10496=DIRECTION('',(1.,0.,0.));
#10497=DIRECTION('',(0.,0.,-1.));
#10498=DIRECTION('',(-1.,0.,0.));
#10499=DIRECTION('center_axis',(-1.,3.76346788008528E-16,0.));
#10500=DIRECTION('ref_axis',(3.76346788008528E-16,1.,0.));
#10501=DIRECTION('',(3.76346788008528E-16,1.,0.));
#10502=DIRECTION('',(3.76346788008528E-16,1.,0.));
#10503=DIRECTION('center_axis',(0.,0.,1.));
#10504=DIRECTION('ref_axis',(1.,0.,0.));
#10505=DIRECTION('center_axis',(0.,0.,1.));
#10506=DIRECTION('ref_axis',(-1.,0.,0.));
#10507=DIRECTION('center_axis',(0.,1.,0.));
#10508=DIRECTION('ref_axis',(1.,0.,0.));
#10509=DIRECTION('',(-1.,0.,0.));
#10510=DIRECTION('',(0.,0.,-1.));
#10511=DIRECTION('',(1.,0.,0.));
#10512=DIRECTION('',(0.,0.,-1.));
#10513=DIRECTION('center_axis',(1.,0.,0.));
#10514=DIRECTION('ref_axis',(0.,-1.,0.));
#10515=DIRECTION('',(0.,1.,0.));
#10516=DIRECTION('',(0.,0.,-1.));
#10517=DIRECTION('',(0.,-1.,0.));
#10518=DIRECTION('center_axis',(0.,-1.,0.));
#10519=DIRECTION('ref_axis',(-1.,0.,0.));
#10520=DIRECTION('',(1.,0.,0.));
#10521=DIRECTION('',(0.,0.,-1.));
#10522=DIRECTION('',(-1.,0.,0.));
#10523=DIRECTION('center_axis',(-1.,3.76346788008528E-16,0.));
#10524=DIRECTION('ref_axis',(3.76346788008528E-16,1.,0.));
#10525=DIRECTION('',(3.76346788008528E-16,1.,0.));
#10526=DIRECTION('',(3.76346788008528E-16,1.,0.));
#10527=DIRECTION('center_axis',(0.,0.,1.));
#10528=DIRECTION('ref_axis',(1.,0.,0.));
#10529=DIRECTION('center_axis',(0.,0.,1.));
#10530=DIRECTION('ref_axis',(-1.,0.,0.));
#10531=DIRECTION('center_axis',(0.,1.,0.));
#10532=DIRECTION('ref_axis',(1.,0.,0.));
#10533=DIRECTION('',(-1.,0.,0.));
#10534=DIRECTION('',(0.,0.,-1.));
#10535=DIRECTION('',(1.,0.,0.));
#10536=DIRECTION('',(0.,0.,-1.));
#10537=DIRECTION('center_axis',(-1.,0.,0.));
#10538=DIRECTION('ref_axis',(0.,1.,0.));
#10539=DIRECTION('',(0.,-1.,0.));
#10540=DIRECTION('',(0.,1.,0.));
#10541=DIRECTION('',(0.,0.,-1.));
#10542=DIRECTION('center_axis',(0.,-1.,0.));
#10543=DIRECTION('ref_axis',(-1.,0.,0.));
#10544=DIRECTION('',(1.,0.,0.));
#10545=DIRECTION('',(-1.,0.,0.));
#10546=DIRECTION('',(0.,0.,-1.));
#10547=DIRECTION('center_axis',(1.,3.76346788008528E-16,0.));
#10548=DIRECTION('ref_axis',(3.76346788008528E-16,-1.,0.));
#10549=DIRECTION('',(3.76346788008528E-16,-1.,0.));
#10550=DIRECTION('',(3.76346788008528E-16,-1.,0.));
#10551=DIRECTION('center_axis',(0.,0.,-1.));
#10552=DIRECTION('ref_axis',(1.,0.,0.));
#10553=DIRECTION('center_axis',(0.,0.,-1.));
#10554=DIRECTION('ref_axis',(-1.,0.,0.));
#10555=DIRECTION('center_axis',(0.,0.,1.));
#10556=DIRECTION('ref_axis',(1.,0.,0.));
#10557=DIRECTION('',(-1.,0.,0.));
#10558=DIRECTION('',(0.,-1.,0.));
#10559=DIRECTION('',(1.,0.,0.));
#10560=DIRECTION('',(0.,1.,0.));
#10561=DIRECTION('center_axis',(-1.,0.,0.));
#10562=DIRECTION('ref_axis',(0.,1.,0.));
#10563=DIRECTION('',(0.,0.,1.));
#10564=DIRECTION('',(0.,1.,0.));
#10565=DIRECTION('',(0.,0.,-1.));
#10566=DIRECTION('center_axis',(0.,-1.,0.));
#10567=DIRECTION('ref_axis',(-1.,0.,0.));
#10568=DIRECTION('',(-1.,0.,0.));
#10569=DIRECTION('',(0.,0.,-1.));
#10570=DIRECTION('center_axis',(1.,0.,0.));
#10571=DIRECTION('ref_axis',(0.,-1.,0.));
#10572=DIRECTION('',(0.,-1.,0.));
#10573=DIRECTION('',(0.,0.,-1.));
#10574=DIRECTION('center_axis',(0.,1.,0.));
#10575=DIRECTION('ref_axis',(1.,0.,0.));
#10576=DIRECTION('',(1.,0.,0.));
#10577=DIRECTION('center_axis',(0.,0.,-1.));
#10578=DIRECTION('ref_axis',(-1.,0.,0.));
#10579=DIRECTION('center_axis',(0.,0.,1.));
#10580=DIRECTION('ref_axis',(1.,0.,0.));
#10581=DIRECTION('',(-1.,0.,0.));
#10582=DIRECTION('',(0.,-1.,0.));
#10583=DIRECTION('',(1.,0.,0.));
#10584=DIRECTION('',(0.,1.,0.));
#10585=DIRECTION('center_axis',(-1.,0.,0.));
#10586=DIRECTION('ref_axis',(0.,1.,0.));
#10587=DIRECTION('',(0.,0.,1.));
#10588=DIRECTION('',(0.,1.,0.));
#10589=DIRECTION('',(0.,0.,-1.));
#10590=DIRECTION('center_axis',(0.,-1.,0.));
#10591=DIRECTION('ref_axis',(-1.,0.,0.));
#10592=DIRECTION('',(-1.,0.,0.));
#10593=DIRECTION('',(0.,0.,1.));
#10594=DIRECTION('center_axis',(1.,0.,0.));
#10595=DIRECTION('ref_axis',(0.,-1.,0.));
#10596=DIRECTION('',(0.,-1.,0.));
#10597=DIRECTION('',(0.,0.,-1.));
#10598=DIRECTION('center_axis',(0.,1.,0.));
#10599=DIRECTION('ref_axis',(1.,0.,0.));
#10600=DIRECTION('',(1.,0.,0.));
#10601=DIRECTION('center_axis',(0.,0.,-1.));
#10602=DIRECTION('ref_axis',(-1.,0.,0.));
#10603=DIRECTION('center_axis',(0.,0.,1.));
#10604=DIRECTION('ref_axis',(1.,0.,0.));
#10605=DIRECTION('',(-1.,0.,0.));
#10606=DIRECTION('',(0.,-1.,0.));
#10607=DIRECTION('',(1.,0.,0.));
#10608=DIRECTION('',(0.,1.,0.));
#10609=DIRECTION('center_axis',(-1.,0.,0.));
#10610=DIRECTION('ref_axis',(0.,1.,0.));
#10611=DIRECTION('',(0.,0.,1.));
#10612=DIRECTION('',(0.,1.,0.));
#10613=DIRECTION('',(0.,0.,-1.));
#10614=DIRECTION('center_axis',(0.,-1.,0.));
#10615=DIRECTION('ref_axis',(-1.,0.,0.));
#10616=DIRECTION('',(-1.,0.,0.));
#10617=DIRECTION('',(0.,0.,1.));
#10618=DIRECTION('center_axis',(1.,0.,0.));
#10619=DIRECTION('ref_axis',(0.,-1.,0.));
#10620=DIRECTION('',(0.,-1.,0.));
#10621=DIRECTION('',(0.,0.,-1.));
#10622=DIRECTION('center_axis',(0.,1.,0.));
#10623=DIRECTION('ref_axis',(1.,0.,0.));
#10624=DIRECTION('',(1.,0.,0.));
#10625=DIRECTION('center_axis',(0.,0.,-1.));
#10626=DIRECTION('ref_axis',(-1.,0.,0.));
#10627=DIRECTION('center_axis',(0.,0.,1.));
#10628=DIRECTION('ref_axis',(1.,0.,0.));
#10629=DIRECTION('',(1.,0.,0.));
#10630=DIRECTION('',(0.,1.,0.));
#10631=DIRECTION('',(-1.,0.,0.));
#10632=DIRECTION('',(0.,-1.,0.));
#10633=DIRECTION('center_axis',(1.,0.,0.));
#10634=DIRECTION('ref_axis',(0.,-1.,0.));
#10635=DIRECTION('',(0.,0.,1.));
#10636=DIRECTION('',(0.,-1.,0.));
#10637=DIRECTION('',(0.,0.,-1.));
#10638=DIRECTION('center_axis',(0.,-1.,0.));
#10639=DIRECTION('ref_axis',(-1.,0.,0.));
#10640=DIRECTION('',(0.,0.,-1.));
#10641=DIRECTION('',(-1.,0.,0.));
#10642=DIRECTION('center_axis',(-1.,0.,0.));
#10643=DIRECTION('ref_axis',(0.,1.,0.));
#10644=DIRECTION('',(0.,0.,1.));
#10645=DIRECTION('',(0.,1.,0.));
#10646=DIRECTION('center_axis',(0.,1.,0.));
#10647=DIRECTION('ref_axis',(1.,0.,0.));
#10648=DIRECTION('',(1.,0.,0.));
#10649=DIRECTION('center_axis',(0.,0.,1.));
#10650=DIRECTION('ref_axis',(-1.,0.,0.));
#10651=DIRECTION('center_axis',(0.,0.,1.));
#10652=DIRECTION('ref_axis',(1.,0.,0.));
#10653=DIRECTION('',(1.,0.,0.));
#10654=DIRECTION('',(0.,1.,0.));
#10655=DIRECTION('',(-1.,0.,0.));
#10656=DIRECTION('',(0.,-1.,0.));
#10657=DIRECTION('center_axis',(1.,0.,0.));
#10658=DIRECTION('ref_axis',(0.,-1.,0.));
#10659=DIRECTION('',(0.,0.,-1.));
#10660=DIRECTION('',(0.,-1.,0.));
#10661=DIRECTION('',(0.,0.,-1.));
#10662=DIRECTION('center_axis',(0.,-1.,0.));
#10663=DIRECTION('ref_axis',(-1.,0.,0.));
#10664=DIRECTION('',(0.,0.,1.));
#10665=DIRECTION('',(-1.,0.,0.));
#10666=DIRECTION('center_axis',(-1.,0.,0.));
#10667=DIRECTION('ref_axis',(0.,1.,0.));
#10668=DIRECTION('',(0.,0.,-1.));
#10669=DIRECTION('',(0.,1.,0.));
#10670=DIRECTION('center_axis',(0.,1.,0.));
#10671=DIRECTION('ref_axis',(1.,0.,0.));
#10672=DIRECTION('',(1.,0.,0.));
#10673=DIRECTION('center_axis',(0.,0.,1.));
#10674=DIRECTION('ref_axis',(-1.,0.,0.));
#10675=DIRECTION('center_axis',(0.,0.,1.));
#10676=DIRECTION('ref_axis',(1.,0.,0.));
#10677=DIRECTION('',(1.,0.,0.));
#10678=DIRECTION('',(0.,1.,0.));
#10679=DIRECTION('',(-1.,0.,0.));
#10680=DIRECTION('',(0.,-1.,0.));
#10681=DIRECTION('center_axis',(1.,0.,0.));
#10682=DIRECTION('ref_axis',(0.,-1.,0.));
#10683=DIRECTION('',(0.,0.,1.));
#10684=DIRECTION('',(0.,-1.,0.));
#10685=DIRECTION('',(0.,0.,-1.));
#10686=DIRECTION('center_axis',(0.,-1.,0.));
#10687=DIRECTION('ref_axis',(-1.,0.,0.));
#10688=DIRECTION('',(0.,0.,-1.));
#10689=DIRECTION('',(-1.,0.,0.));
#10690=DIRECTION('center_axis',(-1.,0.,0.));
#10691=DIRECTION('ref_axis',(0.,1.,0.));
#10692=DIRECTION('',(0.,0.,1.));
#10693=DIRECTION('',(0.,1.,0.));
#10694=DIRECTION('center_axis',(0.,1.,0.));
#10695=DIRECTION('ref_axis',(1.,0.,0.));
#10696=DIRECTION('',(1.,0.,0.));
#10697=DIRECTION('center_axis',(0.,0.,1.));
#10698=DIRECTION('ref_axis',(-1.,0.,0.));
#10699=DIRECTION('center_axis',(0.,0.,1.));
#10700=DIRECTION('ref_axis',(1.,0.,0.));
#10701=DIRECTION('',(-1.,0.,0.));
#10702=DIRECTION('',(0.,-1.,0.));
#10703=DIRECTION('',(1.,0.,0.));
#10704=DIRECTION('',(0.,1.,0.));
#10705=DIRECTION('center_axis',(-1.,0.,0.));
#10706=DIRECTION('ref_axis',(0.,1.,0.));
#10707=DIRECTION('',(0.,0.,1.));
#10708=DIRECTION('',(0.,1.,0.));
#10709=DIRECTION('',(0.,0.,-1.));
#10710=DIRECTION('center_axis',(0.,1.,0.));
#10711=DIRECTION('ref_axis',(1.,0.,0.));
#10712=DIRECTION('',(0.,0.,-1.));
#10713=DIRECTION('',(1.,0.,0.));
#10714=DIRECTION('center_axis',(1.,0.,0.));
#10715=DIRECTION('ref_axis',(0.,-1.,0.));
#10716=DIRECTION('',(0.,0.,1.));
#10717=DIRECTION('',(0.,-1.,0.));
#10718=DIRECTION('center_axis',(0.,-1.,0.));
#10719=DIRECTION('ref_axis',(-1.,0.,0.));
#10720=DIRECTION('',(-1.,0.,0.));
#10721=DIRECTION('center_axis',(0.,0.,1.));
#10722=DIRECTION('ref_axis',(1.,0.,0.));
#10723=DIRECTION('center_axis',(0.,0.,1.));
#10724=DIRECTION('ref_axis',(1.,0.,0.));
#10725=DIRECTION('',(-1.,0.,0.));
#10726=DIRECTION('',(0.,-1.,0.));
#10727=DIRECTION('',(1.,0.,0.));
#10728=DIRECTION('',(0.,1.,0.));
#10729=DIRECTION('center_axis',(-1.,0.,0.));
#10730=DIRECTION('ref_axis',(0.,1.,0.));
#10731=DIRECTION('',(0.,0.,-1.));
#10732=DIRECTION('',(0.,1.,0.));
#10733=DIRECTION('',(0.,0.,-1.));
#10734=DIRECTION('center_axis',(0.,1.,0.));
#10735=DIRECTION('ref_axis',(1.,0.,0.));
#10736=DIRECTION('',(0.,0.,1.));
#10737=DIRECTION('',(1.,0.,0.));
#10738=DIRECTION('center_axis',(1.,0.,0.));
#10739=DIRECTION('ref_axis',(0.,-1.,0.));
#10740=DIRECTION('',(0.,0.,-1.));
#10741=DIRECTION('',(0.,-1.,0.));
#10742=DIRECTION('center_axis',(0.,-1.,0.));
#10743=DIRECTION('ref_axis',(-1.,0.,0.));
#10744=DIRECTION('',(-1.,0.,0.));
#10745=DIRECTION('center_axis',(0.,0.,1.));
#10746=DIRECTION('ref_axis',(1.,0.,0.));
#10747=DIRECTION('center_axis',(0.,0.,1.));
#10748=DIRECTION('ref_axis',(1.,0.,0.));
#10749=DIRECTION('',(-1.,0.,0.));
#10750=DIRECTION('',(0.,-1.,0.));
#10751=DIRECTION('',(1.,0.,0.));
#10752=DIRECTION('',(0.,1.,0.));
#10753=DIRECTION('center_axis',(-1.,0.,0.));
#10754=DIRECTION('ref_axis',(0.,1.,0.));
#10755=DIRECTION('',(0.,0.,1.));
#10756=DIRECTION('',(0.,1.,0.));
#10757=DIRECTION('',(0.,0.,-1.));
#10758=DIRECTION('center_axis',(0.,1.,0.));
#10759=DIRECTION('ref_axis',(1.,0.,0.));
#10760=DIRECTION('',(0.,0.,-1.));
#10761=DIRECTION('',(1.,0.,0.));
#10762=DIRECTION('center_axis',(1.,0.,0.));
#10763=DIRECTION('ref_axis',(0.,-1.,0.));
#10764=DIRECTION('',(0.,0.,1.));
#10765=DIRECTION('',(0.,-1.,0.));
#10766=DIRECTION('center_axis',(0.,-1.,0.));
#10767=DIRECTION('ref_axis',(-1.,0.,0.));
#10768=DIRECTION('',(-1.,0.,0.));
#10769=DIRECTION('center_axis',(0.,0.,1.));
#10770=DIRECTION('ref_axis',(1.,0.,0.));
#10771=DIRECTION('center_axis',(0.,0.,1.));
#10772=DIRECTION('ref_axis',(1.,0.,0.));
#10773=DIRECTION('',(1.,0.,0.));
#10774=DIRECTION('',(0.,1.,0.));
#10775=DIRECTION('',(-1.,0.,0.));
#10776=DIRECTION('',(0.,-1.,0.));
#10777=DIRECTION('center_axis',(1.,0.,0.));
#10778=DIRECTION('ref_axis',(0.,-1.,0.));
#10779=DIRECTION('',(0.,0.,1.));
#10780=DIRECTION('',(0.,-1.,0.));
#10781=DIRECTION('',(0.,0.,-1.));
#10782=DIRECTION('center_axis',(0.,1.,0.));
#10783=DIRECTION('ref_axis',(1.,0.,0.));
#10784=DIRECTION('',(1.,0.,0.));
#10785=DIRECTION('',(0.,0.,-1.));
#10786=DIRECTION('center_axis',(-1.,0.,0.));
#10787=DIRECTION('ref_axis',(0.,1.,0.));
#10788=DIRECTION('',(0.,1.,0.));
#10789=DIRECTION('',(0.,0.,1.));
#10790=DIRECTION('center_axis',(0.,-1.,0.));
#10791=DIRECTION('ref_axis',(-1.,0.,0.));
#10792=DIRECTION('',(-1.,0.,0.));
#10793=DIRECTION('center_axis',(0.,0.,-1.));
#10794=DIRECTION('ref_axis',(1.,0.,0.));
#10795=DIRECTION('center_axis',(0.,0.,1.));
#10796=DIRECTION('ref_axis',(1.,0.,0.));
#10797=DIRECTION('',(1.,0.,0.));
#10798=DIRECTION('',(0.,1.,0.));
#10799=DIRECTION('',(-1.,0.,0.));
#10800=DIRECTION('',(0.,-1.,0.));
#10801=DIRECTION('center_axis',(1.,0.,0.));
#10802=DIRECTION('ref_axis',(0.,-1.,0.));
#10803=DIRECTION('',(0.,0.,1.));
#10804=DIRECTION('',(0.,-1.,0.));
#10805=DIRECTION('',(0.,0.,-1.));
#10806=DIRECTION('center_axis',(0.,1.,0.));
#10807=DIRECTION('ref_axis',(1.,0.,0.));
#10808=DIRECTION('',(1.,0.,0.));
#10809=DIRECTION('',(0.,0.,-1.));
#10810=DIRECTION('center_axis',(-1.,0.,0.));
#10811=DIRECTION('ref_axis',(0.,1.,0.));
#10812=DIRECTION('',(0.,1.,0.));
#10813=DIRECTION('',(0.,0.,-1.));
#10814=DIRECTION('center_axis',(0.,-1.,0.));
#10815=DIRECTION('ref_axis',(-1.,0.,0.));
#10816=DIRECTION('',(-1.,0.,0.));
#10817=DIRECTION('center_axis',(0.,0.,-1.));
#10818=DIRECTION('ref_axis',(1.,0.,0.));
#10819=DIRECTION('center_axis',(0.,0.,1.));
#10820=DIRECTION('ref_axis',(1.,0.,0.));
#10821=DIRECTION('',(1.,0.,0.));
#10822=DIRECTION('',(0.,1.,0.));
#10823=DIRECTION('',(-1.,0.,0.));
#10824=DIRECTION('',(0.,-1.,0.));
#10825=DIRECTION('center_axis',(1.,0.,0.));
#10826=DIRECTION('ref_axis',(0.,-1.,0.));
#10827=DIRECTION('',(0.,0.,1.));
#10828=DIRECTION('',(0.,-1.,0.));
#10829=DIRECTION('',(0.,0.,-1.));
#10830=DIRECTION('center_axis',(0.,1.,0.));
#10831=DIRECTION('ref_axis',(1.,0.,0.));
#10832=DIRECTION('',(1.,0.,0.));
#10833=DIRECTION('',(0.,0.,1.));
#10834=DIRECTION('center_axis',(-1.,0.,0.));
#10835=DIRECTION('ref_axis',(0.,1.,0.));
#10836=DIRECTION('',(0.,1.,0.));
#10837=DIRECTION('',(0.,0.,-1.));
#10838=DIRECTION('center_axis',(0.,-1.,0.));
#10839=DIRECTION('ref_axis',(-1.,0.,0.));
#10840=DIRECTION('',(-1.,0.,0.));
#10841=DIRECTION('center_axis',(0.,0.,-1.));
#10842=DIRECTION('ref_axis',(1.,0.,0.));
#10843=CARTESIAN_POINT('',(0.,0.,0.));
#10844=CARTESIAN_POINT('Origin',(0.953660246245887,-1.3502591461353,3.53));
#10845=CARTESIAN_POINT('',(1.09747507978468,-1.3502591461353,3.78));
#10846=CARTESIAN_POINT('Origin',(0.953660246245887,-1.3502591461353,3.78));
#10847=CARTESIAN_POINT('',(1.11934724566617,-1.3502591461353,3.53));
#10848=CARTESIAN_POINT('',(1.11934724566617,-1.3502591461353,3.53));
#10849=CARTESIAN_POINT('Origin',(0.953660246245887,-1.3502591461353,3.53));
#10850=CARTESIAN_POINT('Origin',(0.953660246245887,-1.3502591461353,3.78));
#10851=CARTESIAN_POINT('Origin',(0.953660246245887,1.3502591461353,3.53));
#10852=CARTESIAN_POINT('',(1.09747507978468,1.3502591461353,3.78));
#10853=CARTESIAN_POINT('Origin',(0.953660246245887,1.3502591461353,3.78));
#10854=CARTESIAN_POINT('',(1.11934724566617,1.3502591461353,3.53));
#10855=CARTESIAN_POINT('',(1.11934724566617,1.3502591461353,3.53));
#10856=CARTESIAN_POINT('Origin',(0.953660246245887,1.3502591461353,3.53));
#10857=CARTESIAN_POINT('Origin',(0.953660246245887,1.3502591461353,3.78));
#10858=CARTESIAN_POINT('Origin',(5.88100788169987,2.43021534777349,4.18));
#10859=CARTESIAN_POINT('',(6.18100788169987,2.43021534777349,4.23));
#10860=CARTESIAN_POINT('Origin',(5.88100788169987,2.43021534777349,4.23));
#10861=CARTESIAN_POINT('',(6.18100788169987,2.43021534777349,4.18));
#10862=CARTESIAN_POINT('',(6.18100788169987,2.43021534777349,4.18));
#10863=CARTESIAN_POINT('Origin',(5.88100788169987,2.43021534777349,4.18));
#10864=CARTESIAN_POINT('Origin',(5.88100788169987,2.43021534777349,4.23));
#10865=CARTESIAN_POINT('Origin',(-5.88100788169987,2.43021534777349,4.18));
#10866=CARTESIAN_POINT('',(-5.58100788169987,2.43021534777349,4.23));
#10867=CARTESIAN_POINT('Origin',(-5.88100788169987,2.43021534777349,4.23));
#10868=CARTESIAN_POINT('',(-5.58100788169987,2.43021534777349,4.18));
#10869=CARTESIAN_POINT('',(-5.58100788169987,2.43021534777349,4.18));
#10870=CARTESIAN_POINT('Origin',(-5.88100788169987,2.43021534777349,4.18));
#10871=CARTESIAN_POINT('Origin',(-5.88100788169987,2.43021534777349,4.23));
#10872=CARTESIAN_POINT('Origin',(5.88100788169987,0.,4.18));
#10873=CARTESIAN_POINT('',(6.18100788169987,3.67394039744206E-17,4.23));
#10874=CARTESIAN_POINT('Origin',(5.88100788169987,0.,4.23));
#10875=CARTESIAN_POINT('',(6.18100788169987,3.67394039744206E-17,4.18));
#10876=CARTESIAN_POINT('',(6.18100788169987,3.67394039744206E-17,4.18));
#10877=CARTESIAN_POINT('Origin',(5.88100788169987,0.,4.18));
#10878=CARTESIAN_POINT('Origin',(5.88100788169987,0.,4.23));
#10879=CARTESIAN_POINT('Origin',(-5.88100788169987,-2.43021534777349,4.18));
#10880=CARTESIAN_POINT('',(-5.58100788169987,-2.43021534777349,4.23));
#10881=CARTESIAN_POINT('Origin',(-5.88100788169987,-2.43021534777349,4.23));
#10882=CARTESIAN_POINT('',(-5.58100788169987,-2.43021534777349,4.18));
#10883=CARTESIAN_POINT('',(-5.58100788169987,-2.43021534777349,4.18));
#10884=CARTESIAN_POINT('Origin',(-5.88100788169987,-2.43021534777349,4.18));
#10885=CARTESIAN_POINT('Origin',(-5.88100788169987,-2.43021534777349,4.23));
#10886=CARTESIAN_POINT('Origin',(5.88100788169987,-2.43021534777349,4.18));
#10887=CARTESIAN_POINT('',(6.18100788169987,-2.43021534777349,4.23));
#10888=CARTESIAN_POINT('Origin',(5.88100788169987,-2.43021534777349,4.23));
#10889=CARTESIAN_POINT('',(6.18100788169987,-2.43021534777349,4.18));
#10890=CARTESIAN_POINT('',(6.18100788169987,-2.43021534777349,4.18));
#10891=CARTESIAN_POINT('Origin',(5.88100788169987,-2.43021534777349,4.18));
#10892=CARTESIAN_POINT('Origin',(5.88100788169987,-2.43021534777349,4.23));
#10893=CARTESIAN_POINT('Origin',(1.90844508875219,-0.870892583120322,4.18));
#10894=CARTESIAN_POINT('',(1.90844508875219,-1.74178516624064,4.23));
#10895=CARTESIAN_POINT('',(1.95844508875219,-1.74178516624064,4.18));
#10896=CARTESIAN_POINT('Origin',(1.90844508875219,-1.74178516624064,4.18));
#10897=CARTESIAN_POINT('',(1.95844508875219,1.74178516624064,4.18));
#10898=CARTESIAN_POINT('',(1.95844508875219,-0.870892583120322,4.18));
#10899=CARTESIAN_POINT('',(1.90844508875219,1.74178516624064,4.23));
#10900=CARTESIAN_POINT('Origin',(1.90844508875219,1.74178516624064,4.18));
#10901=CARTESIAN_POINT('',(1.90844508875219,-0.870892583120322,4.23));
#10902=CARTESIAN_POINT('Origin',(2.15844508875219,1.74178516624064,4.18));
#10903=CARTESIAN_POINT('',(2.15844508875219,1.94178516624064,4.18));
#10904=CARTESIAN_POINT('',(2.15844508875219,1.99178516624064,4.23));
#10905=CARTESIAN_POINT('Origin',(2.15844508875219,1.99178516624064,4.18));
#10906=CARTESIAN_POINT('Origin',(2.15844508875219,1.74178516624064,4.23));
#10907=CARTESIAN_POINT('Origin',(2.15844508875219,1.74178516624064,4.18));
#10908=CARTESIAN_POINT('Origin',(1.07922254437609,1.99178516624064,4.18));
#10909=CARTESIAN_POINT('',(3.74155491124782,1.94178516624064,4.18));
#10910=CARTESIAN_POINT('',(3.74155491124782,1.99178516624064,4.23));
#10911=CARTESIAN_POINT('Origin',(3.74155491124782,1.99178516624064,4.18));
#10912=CARTESIAN_POINT('',(1.07922254437609,1.99178516624064,4.23));
#10913=CARTESIAN_POINT('',(1.07922254437609,1.94178516624064,4.18));
#10914=CARTESIAN_POINT('Origin',(3.74155491124782,1.74178516624064,4.18));
#10915=CARTESIAN_POINT('',(3.94155491124782,1.74178516624064,4.18));
#10916=CARTESIAN_POINT('',(3.99155491124782,1.74178516624064,4.23));
#10917=CARTESIAN_POINT('Origin',(3.99155491124782,1.74178516624064,4.18));
#10918=CARTESIAN_POINT('Origin',(3.74155491124782,1.74178516624064,4.23));
#10919=CARTESIAN_POINT('Origin',(3.74155491124782,1.74178516624064,4.18));
#10920=CARTESIAN_POINT('Origin',(3.99155491124782,0.870892583120322,4.18));
#10921=CARTESIAN_POINT('',(3.94155491124782,-1.74178516624064,4.18));
#10922=CARTESIAN_POINT('',(3.99155491124782,-1.74178516624064,4.23));
#10923=CARTESIAN_POINT('Origin',(3.99155491124782,-1.74178516624064,4.18));
#10924=CARTESIAN_POINT('',(3.99155491124782,0.870892583120322,4.23));
#10925=CARTESIAN_POINT('',(3.94155491124782,0.870892583120322,4.18));
#10926=CARTESIAN_POINT('Origin',(3.74155491124782,-1.74178516624064,4.18));
#10927=CARTESIAN_POINT('',(3.74155491124782,-1.94178516624064,4.18));
#10928=CARTESIAN_POINT('',(3.74155491124782,-1.99178516624064,4.23));
#10929=CARTESIAN_POINT('Origin',(3.74155491124782,-1.99178516624064,4.18));
#10930=CARTESIAN_POINT('Origin',(3.74155491124782,-1.74178516624064,4.23));
#10931=CARTESIAN_POINT('Origin',(3.74155491124782,-1.74178516624064,4.18));
#10932=CARTESIAN_POINT('Origin',(1.87077745562391,-1.99178516624064,4.18));
#10933=CARTESIAN_POINT('',(2.15844508875219,-1.94178516624064,4.18));
#10934=CARTESIAN_POINT('',(2.15844508875219,-1.99178516624064,4.23));
#10935=CARTESIAN_POINT('Origin',(2.15844508875219,-1.99178516624064,4.18));
#10936=CARTESIAN_POINT('',(1.87077745562391,-1.99178516624064,4.23));
#10937=CARTESIAN_POINT('',(1.87077745562391,-1.94178516624064,4.18));
#10938=CARTESIAN_POINT('Origin',(2.15844508875219,-1.74178516624064,4.18));
#10939=CARTESIAN_POINT('Origin',(2.15844508875219,-1.74178516624064,4.23));
#10940=CARTESIAN_POINT('Origin',(2.15844508875219,-1.74178516624064,4.18));
#10941=CARTESIAN_POINT('Origin',(3.74155491124782,1.74178516624064,4.23));
#10942=CARTESIAN_POINT('',(3.74155491124782,1.94178516624064,3.43));
#10943=CARTESIAN_POINT('',(3.74155491124782,1.94178516624064,4.23));
#10944=CARTESIAN_POINT('',(3.94155491124782,1.74178516624064,3.43));
#10945=CARTESIAN_POINT('Origin',(3.74155491124782,1.74178516624064,3.43));
#10946=CARTESIAN_POINT('',(3.94155491124782,1.74178516624064,4.23));
#10947=CARTESIAN_POINT('Origin',(2.15844508875219,1.94178516624064,4.23));
#10948=CARTESIAN_POINT('',(2.15844508875219,1.94178516624064,3.43));
#10949=CARTESIAN_POINT('',(2.15844508875219,1.94178516624064,4.23));
#10950=CARTESIAN_POINT('',(2.15844508875219,1.94178516624064,3.43));
#10951=CARTESIAN_POINT('Origin',(2.15844508875219,1.74178516624064,4.23));
#10952=CARTESIAN_POINT('',(1.95844508875219,1.74178516624064,3.43));
#10953=CARTESIAN_POINT('',(1.95844508875219,1.74178516624064,4.23));
#10954=CARTESIAN_POINT('Origin',(2.15844508875219,1.74178516624064,3.43));
#10955=CARTESIAN_POINT('Origin',(1.95844508875219,-1.74178516624064,4.23));
#10956=CARTESIAN_POINT('',(1.95844508875219,-1.74178516624064,3.43));
#10957=CARTESIAN_POINT('',(1.95844508875219,-1.74178516624064,4.23));
#10958=CARTESIAN_POINT('',(1.95844508875219,-1.74178516624064,3.43));
#10959=CARTESIAN_POINT('Origin',(0.,0.,4.23));
#10960=CARTESIAN_POINT('',(4.53212370760962,1.90812370760962,4.23));
#10961=CARTESIAN_POINT('',(4.53212370760962,1.39854021760611,4.23));
#10962=CARTESIAN_POINT('',(4.53212370760962,-0.954061853804812,4.23));
#10963=CARTESIAN_POINT('',(4.33212370760962,2.10812370760962,4.23));
#10964=CARTESIAN_POINT('Origin',(4.33212370760962,1.90812370760962,4.23));
#10965=CARTESIAN_POINT('',(1.56787629239038,2.10812370760962,4.23));
#10966=CARTESIAN_POINT('',(2.16606185380481,2.10812370760962,4.23));
#10967=CARTESIAN_POINT('',(1.36787629239038,1.90812370760962,4.23));
#10968=CARTESIAN_POINT('Origin',(1.56787629239038,1.90812370760962,4.23));
#10969=CARTESIAN_POINT('',(1.36787629239038,-1.90812370760962,4.23));
#10970=CARTESIAN_POINT('',(1.36787629239038,0.954061853804812,4.23));
#10971=CARTESIAN_POINT('',(1.56787629239038,-2.10812370760962,4.23));
#10972=CARTESIAN_POINT('Origin',(1.56787629239038,-1.90812370760962,4.23));
#10973=CARTESIAN_POINT('',(4.33212370760962,-2.10812370760962,4.23));
#10974=CARTESIAN_POINT('',(0.783938146195188,-2.10812370760962,4.23));
#10975=CARTESIAN_POINT('',(4.53212370760962,-1.90812370760962,4.23));
#10976=CARTESIAN_POINT('Origin',(4.33212370760962,-1.90812370760962,4.23));
#10977=CARTESIAN_POINT('',(4.53212370760962,-1.39854021760611,4.23));
#10978=CARTESIAN_POINT('',(4.53212370760962,-0.954061853804812,4.23));
#10979=CARTESIAN_POINT('',(4.11076964075162,-1.39854021760611,4.23));
#10980=CARTESIAN_POINT('',(2.29106185380481,-1.39854021760611,4.23));
#10981=CARTESIAN_POINT('',(4.11076964075162,1.39854021760611,4.23));
#10982=CARTESIAN_POINT('',(4.11076964075162,-0.337135054401526,4.23));
#10983=CARTESIAN_POINT('',(2.06574015943514,1.39854021760611,4.23));
#10984=CARTESIAN_POINT('Origin',(2.29106185380481,-1.39854021760611,4.18));
#10985=CARTESIAN_POINT('',(4.58212370760962,-1.34854021760611,4.18));
#10986=CARTESIAN_POINT('Origin',(4.53212370760962,-1.39854021760611,4.18));
#10987=CARTESIAN_POINT('',(4.18148031887027,-1.34854021760611,4.18));
#10988=CARTESIAN_POINT('',(2.29106185380481,-1.34854021760611,4.18));
#10989=CARTESIAN_POINT('',(4.14612497981095,-1.36318487854678,4.21535533905933));
#10990=CARTESIAN_POINT('Origin',(4.18148031887028,-1.39854021760611,4.18));
#10991=CARTESIAN_POINT('Origin',(4.11076964075162,-1.39854021760611,4.18));
#10992=CARTESIAN_POINT('Origin',(4.53212370760962,-0.954061853804812,4.18));
#10993=CARTESIAN_POINT('',(4.58212370760962,1.34854021760611,4.18));
#10994=CARTESIAN_POINT('',(4.58212370760962,1.90812370760962,4.18));
#10995=CARTESIAN_POINT('',(4.58212370760962,-0.954061853804812,4.18));
#10996=CARTESIAN_POINT('Origin',(4.53212370760962,1.90812370760962,4.18));
#10997=CARTESIAN_POINT('Origin',(4.53212370760962,1.39854021760611,4.18));
#10998=CARTESIAN_POINT('Origin',(2.06574015943514,1.39854021760611,4.18));
#10999=CARTESIAN_POINT('',(4.14612497981095,1.36318487854678,4.21535533905933));
#11000=CARTESIAN_POINT('Origin',(4.11076964075162,1.39854021760611,4.18));
#11001=CARTESIAN_POINT('',(4.18148031887028,1.34854021760611,4.18));
#11002=CARTESIAN_POINT('Origin',(4.18148031887028,1.39854021760611,4.18));
#11003=CARTESIAN_POINT('',(2.06574015943514,1.34854021760611,4.18));
#11004=CARTESIAN_POINT('Origin',(4.11076964075162,-0.337135054401526,4.18));
#11005=CARTESIAN_POINT('',(4.14612497981095,-0.337135054401526,4.21535533905933));
#11006=CARTESIAN_POINT('Origin',(4.33212370760962,1.90812370760962,4.18));
#11007=CARTESIAN_POINT('',(4.33212370760962,2.15812370760962,4.18));
#11008=CARTESIAN_POINT('Origin',(4.33212370760962,2.10812370760962,4.18));
#11009=CARTESIAN_POINT('Origin',(4.33212370760962,1.90812370760962,4.18));
#11010=CARTESIAN_POINT('Origin',(2.16606185380481,2.10812370760962,4.18));
#11011=CARTESIAN_POINT('',(1.56787629239038,2.15812370760962,4.18));
#11012=CARTESIAN_POINT('Origin',(1.56787629239038,2.10812370760962,4.18));
#11013=CARTESIAN_POINT('',(2.16606185380481,2.15812370760962,4.18));
#11014=CARTESIAN_POINT('Origin',(1.56787629239038,1.90812370760962,4.18));
#11015=CARTESIAN_POINT('',(1.31787629239038,1.90812370760962,4.18));
#11016=CARTESIAN_POINT('Origin',(1.36787629239038,1.90812370760962,4.18));
#11017=CARTESIAN_POINT('Origin',(1.56787629239038,1.90812370760962,4.18));
#11018=CARTESIAN_POINT('Origin',(1.36787629239038,0.954061853804812,4.18));
#11019=CARTESIAN_POINT('',(1.31787629239038,-1.90812370760962,4.18));
#11020=CARTESIAN_POINT('Origin',(1.36787629239038,-1.90812370760962,4.18));
#11021=CARTESIAN_POINT('',(1.31787629239038,0.954061853804812,4.18));
#11022=CARTESIAN_POINT('Origin',(1.56787629239038,-1.90812370760962,4.18));
#11023=CARTESIAN_POINT('',(1.56787629239038,-2.15812370760962,4.18));
#11024=CARTESIAN_POINT('Origin',(1.56787629239038,-2.10812370760962,4.18));
#11025=CARTESIAN_POINT('Origin',(1.56787629239038,-1.90812370760962,4.18));
#11026=CARTESIAN_POINT('Origin',(0.783938146195188,-2.10812370760962,4.18));
#11027=CARTESIAN_POINT('',(4.33212370760962,-2.15812370760962,4.18));
#11028=CARTESIAN_POINT('Origin',(4.33212370760962,-2.10812370760962,4.18));
#11029=CARTESIAN_POINT('',(0.783938146195188,-2.15812370760962,4.18));
#11030=CARTESIAN_POINT('Origin',(4.33212370760962,-1.90812370760962,4.18));
#11031=CARTESIAN_POINT('',(4.58212370760962,-1.90812370760962,4.18));
#11032=CARTESIAN_POINT('Origin',(4.53212370760962,-1.90812370760962,4.18));
#11033=CARTESIAN_POINT('Origin',(4.33212370760962,-1.90812370760962,4.18));
#11034=CARTESIAN_POINT('Origin',(4.53212370760962,-0.954061853804812,4.18));
#11035=CARTESIAN_POINT('',(4.58212370760962,-0.954061853804812,4.18));
#11036=CARTESIAN_POINT('Origin',(1.31787629239038,1.90812370760962,4.23));
#11037=CARTESIAN_POINT('',(1.31787629239038,1.90812370760962,3.53));
#11038=CARTESIAN_POINT('',(1.31787629239038,1.90812370760962,4.23));
#11039=CARTESIAN_POINT('',(1.31787629239038,-1.90812370760962,3.53));
#11040=CARTESIAN_POINT('',(1.31787629239038,1.90812370760962,3.53));
#11041=CARTESIAN_POINT('',(1.31787629239038,-1.90812370760962,4.23));
#11042=CARTESIAN_POINT('Origin',(1.56787629239038,1.90812370760962,4.23));
#11043=CARTESIAN_POINT('',(1.56787629239038,2.15812370760962,3.53));
#11044=CARTESIAN_POINT('',(1.56787629239038,2.15812370760962,4.23));
#11045=CARTESIAN_POINT('Origin',(1.56787629239038,1.90812370760962,3.53));
#11046=CARTESIAN_POINT('Origin',(4.33212370760962,2.15812370760962,4.23));
#11047=CARTESIAN_POINT('',(4.33212370760962,2.15812370760962,3.53));
#11048=CARTESIAN_POINT('',(4.33212370760962,2.15812370760962,4.23));
#11049=CARTESIAN_POINT('',(1.56787629239038,2.15812370760962,3.53));
#11050=CARTESIAN_POINT('Origin',(4.33212370760962,1.90812370760962,4.23));
#11051=CARTESIAN_POINT('',(4.58212370760962,1.90812370760962,3.53));
#11052=CARTESIAN_POINT('',(4.58212370760962,1.90812370760962,4.23));
#11053=CARTESIAN_POINT('Origin',(4.33212370760962,1.90812370760962,3.53));
#11054=CARTESIAN_POINT('Origin',(4.13148031887028,1.34854021760611,4.23));
#11055=CARTESIAN_POINT('',(4.43148031887028,1.34854021760611,3.93));
#11056=CARTESIAN_POINT('',(4.20648031887028,1.34854021760611,4.155));
#11057=CARTESIAN_POINT('',(4.58212370760962,1.34854021760611,3.93));
#11058=CARTESIAN_POINT('',(4.58212370760962,1.34854021760611,3.93));
#11059=CARTESIAN_POINT('',(4.58212370760962,1.34854021760611,4.23));
#11060=CARTESIAN_POINT('Origin',(0.0499999999999999,1.85,4.18));
#11061=CARTESIAN_POINT('',(0.0499999999999998,2.1,4.23));
#11062=CARTESIAN_POINT('',(0.0499999999999998,2.05,4.18));
#11063=CARTESIAN_POINT('Origin',(0.0499999999999998,2.1,4.18));
#11064=CARTESIAN_POINT('',(0.25,1.85,4.18));
#11065=CARTESIAN_POINT('Origin',(0.0499999999999999,1.85,4.18));
#11066=CARTESIAN_POINT('',(0.3,1.85,4.23));
#11067=CARTESIAN_POINT('Origin',(0.3,1.85,4.18));
#11068=CARTESIAN_POINT('Origin',(0.0499999999999999,1.85,4.23));
#11069=CARTESIAN_POINT('Origin',(0.3,0.925,4.18));
#11070=CARTESIAN_POINT('',(0.25,-1.85,4.18));
#11071=CARTESIAN_POINT('',(0.3,-1.85,4.23));
#11072=CARTESIAN_POINT('Origin',(0.3,-1.85,4.18));
#11073=CARTESIAN_POINT('',(0.3,0.925,4.23));
#11074=CARTESIAN_POINT('',(0.25,0.925,4.18));
#11075=CARTESIAN_POINT('Origin',(0.0499999999999997,-1.85,4.18));
#11076=CARTESIAN_POINT('',(0.0499999999999998,-2.05,4.18));
#11077=CARTESIAN_POINT('',(0.0499999999999998,-2.1,4.23));
#11078=CARTESIAN_POINT('Origin',(0.0499999999999998,-2.1,4.18));
#11079=CARTESIAN_POINT('Origin',(0.0499999999999997,-1.85,4.23));
#11080=CARTESIAN_POINT('Origin',(0.0499999999999997,-1.85,4.18));
#11081=CARTESIAN_POINT('Origin',(0.0249999999999999,-2.1,4.18));
#11082=CARTESIAN_POINT('',(-1.691,-2.05,4.18));
#11083=CARTESIAN_POINT('',(-1.691,-2.1,4.23));
#11084=CARTESIAN_POINT('Origin',(-1.691,-2.1,4.18));
#11085=CARTESIAN_POINT('',(0.0249999999999999,-2.1,4.23));
#11086=CARTESIAN_POINT('',(0.0249999999999999,-2.05,4.18));
#11087=CARTESIAN_POINT('Origin',(-1.691,-1.85,4.18));
#11088=CARTESIAN_POINT('',(-1.891,-1.85,4.18));
#11089=CARTESIAN_POINT('',(-1.941,-1.85,4.23));
#11090=CARTESIAN_POINT('Origin',(-1.941,-1.85,4.18));
#11091=CARTESIAN_POINT('Origin',(-1.691,-1.85,4.23));
#11092=CARTESIAN_POINT('Origin',(-1.691,-1.85,4.18));
#11093=CARTESIAN_POINT('Origin',(-1.941,-0.925,4.18));
#11094=CARTESIAN_POINT('',(-1.891,1.85,4.18));
#11095=CARTESIAN_POINT('',(-1.941,1.85,4.23));
#11096=CARTESIAN_POINT('Origin',(-1.941,1.85,4.18));
#11097=CARTESIAN_POINT('',(-1.941,-0.925,4.23));
#11098=CARTESIAN_POINT('',(-1.891,-0.925,4.18));
#11099=CARTESIAN_POINT('Origin',(-1.691,1.85,4.18));
#11100=CARTESIAN_POINT('',(-1.691,2.05,4.18));
#11101=CARTESIAN_POINT('',(-1.691,2.1,4.23));
#11102=CARTESIAN_POINT('Origin',(-1.691,2.1,4.18));
#11103=CARTESIAN_POINT('Origin',(-1.691,1.85,4.23));
#11104=CARTESIAN_POINT('Origin',(-1.691,1.85,4.18));
#11105=CARTESIAN_POINT('Origin',(-0.8455,2.1,4.18));
#11106=CARTESIAN_POINT('',(-0.8455,2.1,4.23));
#11107=CARTESIAN_POINT('',(-0.8455,2.05,4.18));
#11108=CARTESIAN_POINT('Origin',(0.0499999999999998,-2.05,4.23));
#11109=CARTESIAN_POINT('',(0.0499999999999998,-2.05,3.53));
#11110=CARTESIAN_POINT('',(0.0499999999999998,-2.05,4.23));
#11111=CARTESIAN_POINT('',(-1.691,-2.05,3.53));
#11112=CARTESIAN_POINT('',(-0.38525,-2.05,3.53));
#11113=CARTESIAN_POINT('',(-1.691,-2.05,4.23));
#11114=CARTESIAN_POINT('Origin',(0.0499999999999997,-1.85,4.23));
#11115=CARTESIAN_POINT('',(0.25,-1.85,3.53));
#11116=CARTESIAN_POINT('',(0.25,-1.85,4.23));
#11117=CARTESIAN_POINT('Origin',(0.0499999999999997,-1.85,3.53));
#11118=CARTESIAN_POINT('Origin',(0.25,1.85,4.23));
#11119=CARTESIAN_POINT('',(0.25,1.85,3.53));
#11120=CARTESIAN_POINT('',(0.25,1.85,4.23));
#11121=CARTESIAN_POINT('',(0.25,0.925,3.53));
#11122=CARTESIAN_POINT('Origin',(0.0499999999999999,1.85,4.23));
#11123=CARTESIAN_POINT('',(0.0499999999999998,2.05,3.53));
#11124=CARTESIAN_POINT('',(0.0499999999999998,2.05,4.23));
#11125=CARTESIAN_POINT('Origin',(0.0499999999999999,1.85,3.53));
#11126=CARTESIAN_POINT('Origin',(0.,0.,4.23));
#11127=CARTESIAN_POINT('',(5.8,-0.45,4.23));
#11128=CARTESIAN_POINT('',(6.25552570821626,-0.45,4.23));
#11129=CARTESIAN_POINT('',(4.11255021572574,-0.45,4.23));
#11130=CARTESIAN_POINT('',(5.8,0.45,4.23));
#11131=CARTESIAN_POINT('Origin',(5.8,-8.67361737988404E-17,4.23));
#11132=CARTESIAN_POINT('',(6.25552570821626,0.45,4.23));
#11133=CARTESIAN_POINT('',(2.9,0.45,4.23));
#11134=CARTESIAN_POINT('',(6.25552570821626,1.9,4.23));
#11135=CARTESIAN_POINT('',(6.25552570821626,1.425,4.23));
#11136=CARTESIAN_POINT('',(5.75,1.9,4.23));
#11137=CARTESIAN_POINT('',(4.11255021572574,1.9,4.23));
#11138=CARTESIAN_POINT('',(5.35,2.3,4.23));
#11139=CARTESIAN_POINT('Origin',(5.75,2.3,4.23));
#11140=CARTESIAN_POINT('',(5.35,2.89052570821626,4.23));
#11141=CARTESIAN_POINT('',(5.35,1.15,4.23));
#11142=CARTESIAN_POINT('',(0.915139614694631,2.89052570821625,4.23));
#11143=CARTESIAN_POINT('',(0.457569807347315,2.89052570821625,4.23));
#11144=CARTESIAN_POINT('',(0.745062255365222,2.82007735932941,4.23));
#11145=CARTESIAN_POINT('Origin',(0.91513961469463,2.65,4.23));
#11146=CARTESIAN_POINT('',(0.606777732491546,2.68179283645574,4.23));
#11147=CARTESIAN_POINT('',(-0.215364909745275,1.85965019421892,4.23));
#11148=CARTESIAN_POINT('',(0.387946362168356,2.59114991499518,4.23));
#11149=CARTESIAN_POINT('Origin',(0.387946362168357,2.90062420677893,4.23));
#11150=CARTESIAN_POINT('',(-0.387946362168357,2.59114991499518,4.23));
#11151=CARTESIAN_POINT('',(-0.193973181084178,2.59114991499518,4.23));
#11152=CARTESIAN_POINT('',(-0.606777732491546,2.68179283645574,4.23));
#11153=CARTESIAN_POINT('Origin',(-0.387946362168357,2.90062420677893,4.23));
#11154=CARTESIAN_POINT('',(-0.745062255365223,2.82007735932941,4.23));
#11155=CARTESIAN_POINT('',(0.146222648308438,1.92879245565576,4.23));
#11156=CARTESIAN_POINT('',(-0.915139614694632,2.89052570821626,4.23));
#11157=CARTESIAN_POINT('Origin',(-0.915139614694631,2.65,4.23));
#11158=CARTESIAN_POINT('',(-3.81,2.89052570821626,4.23));
#11159=CARTESIAN_POINT('',(-3.1075,2.89052570821626,4.23));
#11160=CARTESIAN_POINT('',(-3.81,2.124,4.23));
#11161=CARTESIAN_POINT('',(-3.81,2.41405930522284,4.23));
#11162=CARTESIAN_POINT('',(-4.035,1.899,4.23));
#11163=CARTESIAN_POINT('Origin',(-4.035,2.124,4.23));
#11164=CARTESIAN_POINT('',(-6.25552570821626,1.899,4.23));
#11165=CARTESIAN_POINT('',(-2.0175,1.899,4.23));
#11166=CARTESIAN_POINT('',(-6.25552570821626,-1.899,4.23));
#11167=CARTESIAN_POINT('',(-6.25552570821626,-1.425,4.23));
#11168=CARTESIAN_POINT('',(-3.835,-1.899,4.23));
#11169=CARTESIAN_POINT('',(-3.74091411546333,-1.899,4.23));
#11170=CARTESIAN_POINT('',(-3.61,-2.124,4.23));
#11171=CARTESIAN_POINT('Origin',(-3.835,-2.124,4.23));
#11172=CARTESIAN_POINT('',(-3.61,-2.89052570821626,4.23));
#11173=CARTESIAN_POINT('',(-3.61,-1.062,4.23));
#11174=CARTESIAN_POINT('',(-0.915139614694632,-2.89052570821625,4.23));
#11175=CARTESIAN_POINT('',(-0.457569807347316,-2.89052570821626,4.23));
#11176=CARTESIAN_POINT('',(-0.745062255365221,-2.82007735932941,4.23));
#11177=CARTESIAN_POINT('Origin',(-0.915139614694631,-2.65,4.23));
#11178=CARTESIAN_POINT('',(-0.606777732491548,-2.68179283645574,4.23));
#11179=CARTESIAN_POINT('',(0.215364909745274,-1.85965019421892,4.23));
#11180=CARTESIAN_POINT('',(-0.387946362168357,-2.59114991499518,4.23));
#11181=CARTESIAN_POINT('Origin',(-0.387946362168358,-2.90062420677893,4.23));
#11182=CARTESIAN_POINT('',(0.387946362168357,-2.59114991499518,4.23));
#11183=CARTESIAN_POINT('',(0.193973181084179,-2.59114991499518,4.23));
#11184=CARTESIAN_POINT('',(0.606777732491548,-2.68179283645574,4.23));
#11185=CARTESIAN_POINT('Origin',(0.387946362168358,-2.90062420677893,4.23));
#11186=CARTESIAN_POINT('',(0.74506225536522,-2.82007735932941,4.23));
#11187=CARTESIAN_POINT('',(-0.146222648308437,-1.92879245565575,4.23));
#11188=CARTESIAN_POINT('',(0.915139614694631,-2.89052570821626,4.23));
#11189=CARTESIAN_POINT('Origin',(0.915139614694631,-2.65,4.23));
#11190=CARTESIAN_POINT('',(5.35,-2.89052570821626,4.23));
#11191=CARTESIAN_POINT('',(3.1075,-2.89052570821626,4.23));
#11192=CARTESIAN_POINT('',(5.35,-2.3,4.23));
#11193=CARTESIAN_POINT('',(5.35,-2.33208111270189,4.23));
#11194=CARTESIAN_POINT('',(5.75,-1.9,4.23));
#11195=CARTESIAN_POINT('Origin',(5.75,-2.3,4.23));
#11196=CARTESIAN_POINT('',(6.25552570821626,-1.9,4.23));
#11197=CARTESIAN_POINT('',(2.875,-1.9,4.23));
#11198=CARTESIAN_POINT('',(6.25552570821626,1.425,4.23));
#11199=CARTESIAN_POINT('',(-2.4885,1.58,4.23));
#11200=CARTESIAN_POINT('',(-5.9435,1.58,4.23));
#11201=CARTESIAN_POINT('',(-2.94675,1.58,4.23));
#11202=CARTESIAN_POINT('',(-2.4885,-1.575,4.23));
#11203=CARTESIAN_POINT('',(-2.4885,0.765,4.23));
#11204=CARTESIAN_POINT('',(-5.9435,-1.575,4.23));
#11205=CARTESIAN_POINT('',(-1.26925,-1.575,4.23));
#11206=CARTESIAN_POINT('',(-5.9435,-0.7625,4.23));
#11207=CARTESIAN_POINT('',(1.02,2.156,4.23));
#11208=CARTESIAN_POINT('',(1.02,1.73838287776672,4.23));
#11209=CARTESIAN_POINT('',(1.02,0.844191438883361,4.23));
#11210=CARTESIAN_POINT('',(1.32,2.456,4.23));
#11211=CARTESIAN_POINT('Origin',(1.32,2.156,4.23));
#11212=CARTESIAN_POINT('',(4.58,2.456,4.23));
#11213=CARTESIAN_POINT('',(0.66,2.456,4.23));
#11214=CARTESIAN_POINT('',(4.88,2.156,4.23));
#11215=CARTESIAN_POINT('Origin',(4.58,2.156,4.23));
#11216=CARTESIAN_POINT('',(4.88,-2.156,4.23));
#11217=CARTESIAN_POINT('',(4.88,1.078,4.23));
#11218=CARTESIAN_POINT('',(4.58,-2.456,4.23));
#11219=CARTESIAN_POINT('Origin',(4.58,-2.156,4.23));
#11220=CARTESIAN_POINT('',(1.32,-2.456,4.23));
#11221=CARTESIAN_POINT('',(2.29,-2.456,4.23));
#11222=CARTESIAN_POINT('',(1.02,-2.156,4.23));
#11223=CARTESIAN_POINT('Origin',(1.32,-2.156,4.23));
#11224=CARTESIAN_POINT('',(1.02,-1.73838287776672,4.23));
#11225=CARTESIAN_POINT('',(1.02,-1.078,4.23));
#11226=CARTESIAN_POINT('',(0.713,-1.73838287776672,4.23));
#11227=CARTESIAN_POINT('',(0.534999999999999,-1.73838287776672,4.23));
#11228=CARTESIAN_POINT('',(0.563,-1.58838287776672,4.23));
#11229=CARTESIAN_POINT('Origin',(0.713,-1.58838287776672,4.23));
#11230=CARTESIAN_POINT('',(0.563,-1.11213541450388,4.23));
#11231=CARTESIAN_POINT('',(0.563,-0.794191438883361,4.23));
#11232=CARTESIAN_POINT('',(0.713,-0.962135414503875,4.23));
#11233=CARTESIAN_POINT('Origin',(0.713,-1.11213541450388,4.23));
#11234=CARTESIAN_POINT('',(1.02,-0.962135414503875,4.23));
#11235=CARTESIAN_POINT('',(0.3565,-0.962135414503875,4.23));
#11236=CARTESIAN_POINT('',(1.02,0.962135414503876,4.23));
#11237=CARTESIAN_POINT('',(1.02,-0.506067707251938,4.23));
#11238=CARTESIAN_POINT('',(0.713,0.962135414503875,4.23));
#11239=CARTESIAN_POINT('',(0.535,0.962135414503875,4.23));
#11240=CARTESIAN_POINT('',(0.563,1.11213541450388,4.23));
#11241=CARTESIAN_POINT('Origin',(0.713,1.11213541450388,4.23));
#11242=CARTESIAN_POINT('',(0.563,1.58838287776672,4.23));
#11243=CARTESIAN_POINT('',(0.563,0.556067707251938,4.23));
#11244=CARTESIAN_POINT('',(0.713,1.73838287776672,4.23));
#11245=CARTESIAN_POINT('Origin',(0.713,1.58838287776672,4.23));
#11246=CARTESIAN_POINT('',(0.3565,1.73838287776672,4.23));
#11247=CARTESIAN_POINT('Origin',(-1.26925,-1.575,4.18));
#11248=CARTESIAN_POINT('',(-2.5385,-1.525,4.18));
#11249=CARTESIAN_POINT('Origin',(-2.4885,-1.575,4.18));
#11250=CARTESIAN_POINT('',(-5.8935,-1.525,4.18));
#11251=CARTESIAN_POINT('',(-1.26925,-1.525,4.18));
#11252=CARTESIAN_POINT('Origin',(-5.9435,-1.575,4.18));
#11253=CARTESIAN_POINT('Origin',(-2.94675,1.58,4.18));
#11254=CARTESIAN_POINT('',(-5.8935,1.53,4.18));
#11255=CARTESIAN_POINT('Origin',(-5.9435,1.58,4.18));
#11256=CARTESIAN_POINT('',(-2.5385,1.53,4.18));
#11257=CARTESIAN_POINT('',(-2.94675,1.53,4.18));
#11258=CARTESIAN_POINT('Origin',(-2.4885,1.58,4.18));
#11259=CARTESIAN_POINT('Origin',(-5.9435,-0.7625,4.18));
#11260=CARTESIAN_POINT('',(-5.8935,-0.7625,4.18));
#11261=CARTESIAN_POINT('Origin',(-2.4885,0.765,4.18));
#11262=CARTESIAN_POINT('',(-2.5385,0.765,4.18));
#11263=CARTESIAN_POINT('Origin',(-2.5385,1.53,4.23));
#11264=CARTESIAN_POINT('',(-2.5385,1.53,4.03));
#11265=CARTESIAN_POINT('',(-2.5385,1.53,4.23));
#11266=CARTESIAN_POINT('',(-2.5385,-1.525,4.03));
#11267=CARTESIAN_POINT('',(-2.5385,-5.,4.03));
#11268=CARTESIAN_POINT('',(-2.5385,-1.525,4.23));
#11269=CARTESIAN_POINT('Origin',(-5.8935,1.53,4.23));
#11270=CARTESIAN_POINT('',(-5.8935,1.53,4.03));
#11271=CARTESIAN_POINT('',(-5.8935,1.53,4.23));
#11272=CARTESIAN_POINT('',(0.,1.53,4.03));
#11273=CARTESIAN_POINT('Origin',(4.11255021572574,-0.45,4.18));
#11274=CARTESIAN_POINT('',(6.30550857446503,-0.400017133751222,4.18130884741539));
#11275=CARTESIAN_POINT('',(6.3055428478408,-0.4,4.18));
#11276=CARTESIAN_POINT('Origin',(6.3055428478408,-0.45,4.18));
#11277=CARTESIAN_POINT('',(5.8,-0.4,4.18));
#11278=CARTESIAN_POINT('',(5.8,-0.4,4.18));
#11279=CARTESIAN_POINT('Origin',(5.8,-0.45,4.18));
#11280=CARTESIAN_POINT('Origin',(6.25552570821626,-0.45,4.18));
#11281=CARTESIAN_POINT('Origin',(5.8,-8.67361737988404E-17,4.18));
#11282=CARTESIAN_POINT('',(5.8,0.4,4.18));
#11283=CARTESIAN_POINT('Origin',(5.8,-8.67361737988404E-17,4.18));
#11284=CARTESIAN_POINT('Origin',(5.8,0.45,4.18));
#11285=CARTESIAN_POINT('Origin',(2.9,0.45,4.18));
#11286=CARTESIAN_POINT('',(6.30550857446503,0.400017133751222,4.18130884741539));
#11287=CARTESIAN_POINT('Origin',(6.25552570821626,0.45,4.18));
#11288=CARTESIAN_POINT('',(6.3055428478408,0.4,4.18));
#11289=CARTESIAN_POINT('',(5.8,0.4,4.18));
#11290=CARTESIAN_POINT('Origin',(6.3055428478408,0.45,4.18));
#11291=CARTESIAN_POINT('Origin',(6.25552570821626,1.425,4.18));
#11292=CARTESIAN_POINT('',(6.30550857446503,1.94998286624878,4.18130884741539));
#11293=CARTESIAN_POINT('',(6.30550857446503,1.425,4.18130884741539));
#11294=CARTESIAN_POINT('Origin',(6.25552570821626,1.9,4.18));
#11295=CARTESIAN_POINT('Origin',(5.35,-2.33208111270189,4.18));
#11296=CARTESIAN_POINT('',(5.39998286624878,-2.94050857446503,4.18130884741539));
#11297=CARTESIAN_POINT('',(5.4,-2.9405428478408,4.18));
#11298=CARTESIAN_POINT('Origin',(5.35,-2.9405428478408,4.18));
#11299=CARTESIAN_POINT('',(5.4,-2.3,4.18));
#11300=CARTESIAN_POINT('',(5.4,-2.3,4.18));
#11301=CARTESIAN_POINT('Origin',(5.35,-2.3,4.18));
#11302=CARTESIAN_POINT('Origin',(5.35,-2.89052570821626,4.18));
#11303=CARTESIAN_POINT('Origin',(5.75,-2.3,4.18));
#11304=CARTESIAN_POINT('',(5.75,-1.95,4.18));
#11305=CARTESIAN_POINT('Origin',(5.75,-2.3,4.18));
#11306=CARTESIAN_POINT('Origin',(5.75,-1.9,4.18));
#11307=CARTESIAN_POINT('Origin',(2.875,-1.9,4.18));
#11308=CARTESIAN_POINT('',(6.30550857446504,-1.94998286624878,4.18130884741539));
#11309=CARTESIAN_POINT('Origin',(6.25552570821626,-1.9,4.18));
#11310=CARTESIAN_POINT('',(6.3055428478408,-1.95,4.18));
#11311=CARTESIAN_POINT('',(5.75,-1.95,4.18));
#11312=CARTESIAN_POINT('Origin',(6.3055428478408,-1.9,4.18));
#11313=CARTESIAN_POINT('Origin',(6.25552570821626,1.425,4.18));
#11314=CARTESIAN_POINT('',(6.30550857446503,1.425,4.18130884741539));
#11315=CARTESIAN_POINT('Origin',(6.415,2.85,0.));
#11316=CARTESIAN_POINT('',(6.3055428478408,-2.85,4.18));
#11317=CARTESIAN_POINT('',(6.3055428478408,-0.228540556350945,4.18));
#11318=CARTESIAN_POINT('',(6.415,-2.85,0.));
#11319=CARTESIAN_POINT('',(6.415,-2.85,0.));
#11320=CARTESIAN_POINT('',(6.415,2.85,0.));
#11321=CARTESIAN_POINT('',(6.415,-2.85,0.));
#11322=CARTESIAN_POINT('',(6.3055428478408,2.85,4.18));
#11323=CARTESIAN_POINT('',(6.415,2.85,0.));
#11324=CARTESIAN_POINT('',(6.3055428478408,1.95,4.18));
#11325=CARTESIAN_POINT('',(6.3055428478408,2.90695318726128,4.18));
#11326=CARTESIAN_POINT('Origin',(6.3055428478408,1.9,4.18));
#11327=CARTESIAN_POINT('',(6.3055428478408,1.425,4.18));
#11328=CARTESIAN_POINT('Origin',(-3.74091411546333,-1.899,4.18));
#11329=CARTESIAN_POINT('',(-6.30550857446503,-1.94898286624878,4.18130884741539));
#11330=CARTESIAN_POINT('',(-6.3055428478408,-1.949,4.18));
#11331=CARTESIAN_POINT('Origin',(-6.3055428478408,-1.899,4.18));
#11332=CARTESIAN_POINT('',(-3.835,-1.949,4.18));
#11333=CARTESIAN_POINT('',(-7.48182823092666,-1.949,4.18));
#11334=CARTESIAN_POINT('Origin',(-3.835,-1.899,4.18));
#11335=CARTESIAN_POINT('Origin',(-6.25552570821626,-1.899,4.18));
#11336=CARTESIAN_POINT('Origin',(-3.835,-2.124,4.18));
#11337=CARTESIAN_POINT('',(-3.66,-2.124,4.18));
#11338=CARTESIAN_POINT('Origin',(-3.835,-2.124,4.18));
#11339=CARTESIAN_POINT('Origin',(-3.61,-2.124,4.18));
#11340=CARTESIAN_POINT('Origin',(-3.61,-1.062,4.18));
#11341=CARTESIAN_POINT('',(-3.65998286624878,-2.94050857446503,4.18130884741539));
#11342=CARTESIAN_POINT('Origin',(-3.61,-2.89052570821626,4.18));
#11343=CARTESIAN_POINT('',(-3.66,-2.9405428478408,4.18));
#11344=CARTESIAN_POINT('',(-3.66,-2.124,4.18));
#11345=CARTESIAN_POINT('Origin',(-3.61,-2.9405428478408,4.18));
#11346=CARTESIAN_POINT('Origin',(-6.415,-2.85,0.));
#11347=CARTESIAN_POINT('',(-6.30550857446503,1.94898286624878,4.18130884741539));
#11348=CARTESIAN_POINT('',(-6.30550857446503,-1.425,4.18130884741539));
#11349=CARTESIAN_POINT('',(-6.3055428478408,1.949,4.18));
#11350=CARTESIAN_POINT('Origin',(-6.3055428478408,1.899,4.18));
#11351=CARTESIAN_POINT('',(-6.3055428478408,2.85,4.18));
#11352=CARTESIAN_POINT('',(-6.3055428478408,0.340728077224706,4.18));
#11353=CARTESIAN_POINT('',(-6.415,2.85,0.));
#11354=CARTESIAN_POINT('',(-6.415,2.85,0.));
#11355=CARTESIAN_POINT('',(-6.415,-2.85,0.));
#11356=CARTESIAN_POINT('',(-6.415,2.85,0.));
#11357=CARTESIAN_POINT('',(-6.3055428478408,-2.85,4.18));
#11358=CARTESIAN_POINT('',(-6.415,-2.85,0.));
#11359=CARTESIAN_POINT('',(-6.3055428478408,-2.87353300185062,4.18));
#11360=CARTESIAN_POINT('Origin',(-6.25552570821626,-1.425,4.18));
#11361=CARTESIAN_POINT('Origin',(-6.25552570821626,1.899,4.18));
#11362=CARTESIAN_POINT('Origin',(-3.81,2.41405930522284,4.18));
#11363=CARTESIAN_POINT('',(-3.85998286624878,2.94050857446503,4.18130884741539));
#11364=CARTESIAN_POINT('',(-3.86,2.9405428478408,4.18));
#11365=CARTESIAN_POINT('Origin',(-3.81,2.9405428478408,4.18));
#11366=CARTESIAN_POINT('',(-3.86,2.124,4.18));
#11367=CARTESIAN_POINT('',(-3.86,4.82811861044569,4.18));
#11368=CARTESIAN_POINT('Origin',(-3.81,2.124,4.18));
#11369=CARTESIAN_POINT('Origin',(-3.81,2.89052570821626,4.18));
#11370=CARTESIAN_POINT('Origin',(-4.035,2.124,4.18));
#11371=CARTESIAN_POINT('',(-4.035,1.949,4.18));
#11372=CARTESIAN_POINT('Origin',(-4.035,2.124,4.18));
#11373=CARTESIAN_POINT('Origin',(-4.035,1.899,4.18));
#11374=CARTESIAN_POINT('Origin',(-2.0175,1.899,4.18));
#11375=CARTESIAN_POINT('',(-7.48182823092666,1.949,4.18));
#11376=CARTESIAN_POINT('Origin',(4.11255021572574,1.9,4.18));
#11377=CARTESIAN_POINT('',(5.75,1.95,4.18));
#11378=CARTESIAN_POINT('',(5.75,1.95,4.18));
#11379=CARTESIAN_POINT('Origin',(5.75,1.9,4.18));
#11380=CARTESIAN_POINT('Origin',(5.75,2.3,4.18));
#11381=CARTESIAN_POINT('',(5.4,2.3,4.18));
#11382=CARTESIAN_POINT('Origin',(5.75,2.3,4.18));
#11383=CARTESIAN_POINT('Origin',(5.35,2.3,4.18));
#11384=CARTESIAN_POINT('Origin',(5.35,1.15,4.18));
#11385=CARTESIAN_POINT('',(5.39998286624878,2.94050857446503,4.18130884741539));
#11386=CARTESIAN_POINT('Origin',(5.35,2.89052570821626,4.18));
#11387=CARTESIAN_POINT('',(5.4,2.9405428478408,4.18));
#11388=CARTESIAN_POINT('',(5.4,2.3,4.18));
#11389=CARTESIAN_POINT('Origin',(5.35,2.9405428478408,4.18));
#11390=CARTESIAN_POINT('Origin',(0.457569807347315,2.89052570821625,4.18));
#11391=CARTESIAN_POINT('',(0.915139614694631,2.94050857446503,4.18130884741539));
#11392=CARTESIAN_POINT('',(0.457569807347315,2.94050857446503,4.18130884741539));
#11393=CARTESIAN_POINT('Origin',(0.915139614694631,2.89052570821625,4.18));
#11394=CARTESIAN_POINT('Origin',(0.915139614694631,3.05,0.));
#11395=CARTESIAN_POINT('',(6.215,2.9405428478408,4.18));
#11396=CARTESIAN_POINT('',(3.90214494357121,2.9405428478408,4.18));
#11397=CARTESIAN_POINT('',(6.215,3.05,0.));
#11398=CARTESIAN_POINT('',(6.215,3.05,0.));
#11399=CARTESIAN_POINT('',(0.915139614694631,3.05,0.));
#11400=CARTESIAN_POINT('',(6.215,3.05,0.));
#11401=CARTESIAN_POINT('',(0.915139614694631,3.05,0.));
#11402=CARTESIAN_POINT('Origin',(0.535,0.962135414503875,4.18));
#11403=CARTESIAN_POINT('',(1.07,1.01213541450388,4.18));
#11404=CARTESIAN_POINT('',(0.713,1.01213541450388,4.18));
#11405=CARTESIAN_POINT('',(0.535,1.01213541450388,4.18));
#11406=CARTESIAN_POINT('Origin',(0.713,0.962135414503875,4.18));
#11407=CARTESIAN_POINT('Origin',(1.02,0.962135414503875,4.18));
#11408=CARTESIAN_POINT('Origin',(1.02,-0.506067707251938,4.18));
#11409=CARTESIAN_POINT('',(1.07,-1.01213541450388,4.18));
#11410=CARTESIAN_POINT('Origin',(1.02,-0.962135414503875,4.18));
#11411=CARTESIAN_POINT('',(1.07,-0.506067707251938,4.18));
#11412=CARTESIAN_POINT('Origin',(0.534999999999999,-1.73838287776672,4.18));
#11413=CARTESIAN_POINT('',(1.07,-1.68838287776672,4.18));
#11414=CARTESIAN_POINT('',(0.713,-1.68838287776672,4.18));
#11415=CARTESIAN_POINT('',(0.534999999999999,-1.68838287776672,4.18));
#11416=CARTESIAN_POINT('Origin',(0.713,-1.73838287776672,4.18));
#11417=CARTESIAN_POINT('Origin',(1.02,-1.73838287776672,4.18));
#11418=CARTESIAN_POINT('Origin',(0.713,-1.58838287776672,4.18));
#11419=CARTESIAN_POINT('',(0.613,-1.58838287776672,4.18));
#11420=CARTESIAN_POINT('Origin',(0.563,-1.58838287776672,4.18));
#11421=CARTESIAN_POINT('Origin',(0.713,-1.58838287776672,4.18));
#11422=CARTESIAN_POINT('Origin',(0.563,-0.794191438883361,4.18));
#11423=CARTESIAN_POINT('',(0.613,-1.11213541450388,4.18));
#11424=CARTESIAN_POINT('Origin',(0.563,-1.11213541450388,4.18));
#11425=CARTESIAN_POINT('',(0.613,-0.794191438883361,4.18));
#11426=CARTESIAN_POINT('Origin',(0.713,-1.11213541450388,4.18));
#11427=CARTESIAN_POINT('',(0.713,-1.01213541450388,4.18));
#11428=CARTESIAN_POINT('Origin',(0.713,-0.962135414503875,4.18));
#11429=CARTESIAN_POINT('Origin',(0.713,-1.11213541450388,4.18));
#11430=CARTESIAN_POINT('Origin',(0.3565,-0.962135414503875,4.18));
#11431=CARTESIAN_POINT('',(0.3565,-1.01213541450388,4.18));
#11432=CARTESIAN_POINT('Origin',(1.02,0.844191438883361,4.18));
#11433=CARTESIAN_POINT('',(1.07,1.68838287776672,4.18));
#11434=CARTESIAN_POINT('',(1.07,2.156,4.18));
#11435=CARTESIAN_POINT('',(1.07,0.844191438883361,4.18));
#11436=CARTESIAN_POINT('Origin',(1.02,2.156,4.18));
#11437=CARTESIAN_POINT('Origin',(1.02,1.73838287776672,4.18));
#11438=CARTESIAN_POINT('Origin',(1.32,2.156,4.18));
#11439=CARTESIAN_POINT('',(1.32,2.406,4.18));
#11440=CARTESIAN_POINT('Origin',(1.32,2.456,4.18));
#11441=CARTESIAN_POINT('Origin',(1.32,2.156,4.18));
#11442=CARTESIAN_POINT('Origin',(0.66,2.456,4.18));
#11443=CARTESIAN_POINT('',(4.58,2.406,4.18));
#11444=CARTESIAN_POINT('Origin',(4.58,2.456,4.18));
#11445=CARTESIAN_POINT('',(0.66,2.406,4.18));
#11446=CARTESIAN_POINT('Origin',(4.58,2.156,4.18));
#11447=CARTESIAN_POINT('',(4.83,2.156,4.18));
#11448=CARTESIAN_POINT('Origin',(4.88,2.156,4.18));
#11449=CARTESIAN_POINT('Origin',(4.58,2.156,4.18));
#11450=CARTESIAN_POINT('Origin',(4.88,1.078,4.18));
#11451=CARTESIAN_POINT('',(4.83,-2.156,4.18));
#11452=CARTESIAN_POINT('Origin',(4.88,-2.156,4.18));
#11453=CARTESIAN_POINT('',(4.83,1.078,4.18));
#11454=CARTESIAN_POINT('Origin',(4.58,-2.156,4.18));
#11455=CARTESIAN_POINT('',(4.58,-2.406,4.18));
#11456=CARTESIAN_POINT('Origin',(4.58,-2.456,4.18));
#11457=CARTESIAN_POINT('Origin',(4.58,-2.156,4.18));
#11458=CARTESIAN_POINT('Origin',(2.29,-2.456,4.18));
#11459=CARTESIAN_POINT('',(1.32,-2.406,4.18));
#11460=CARTESIAN_POINT('Origin',(1.32,-2.456,4.18));
#11461=CARTESIAN_POINT('',(2.29,-2.406,4.18));
#11462=CARTESIAN_POINT('Origin',(1.32,-2.156,4.18));
#11463=CARTESIAN_POINT('',(1.07,-2.156,4.18));
#11464=CARTESIAN_POINT('Origin',(1.02,-2.156,4.18));
#11465=CARTESIAN_POINT('Origin',(1.32,-2.156,4.18));
#11466=CARTESIAN_POINT('Origin',(1.02,-1.078,4.18));
#11467=CARTESIAN_POINT('',(1.07,-1.078,4.18));
#11468=CARTESIAN_POINT('Origin',(0.713,1.11213541450388,4.18));
#11469=CARTESIAN_POINT('',(0.613,1.11213541450388,4.18));
#11470=CARTESIAN_POINT('Origin',(0.563,1.11213541450388,4.18));
#11471=CARTESIAN_POINT('Origin',(0.713,1.11213541450388,4.18));
#11472=CARTESIAN_POINT('Origin',(0.563,0.556067707251938,4.18));
#11473=CARTESIAN_POINT('',(0.613,1.58838287776672,4.18));
#11474=CARTESIAN_POINT('Origin',(0.563,1.58838287776672,4.18));
#11475=CARTESIAN_POINT('',(0.613,0.556067707251938,4.18));
#11476=CARTESIAN_POINT('Origin',(0.713,1.58838287776672,4.18));
#11477=CARTESIAN_POINT('',(0.713,1.68838287776672,4.18));
#11478=CARTESIAN_POINT('Origin',(0.713,1.73838287776672,4.18));
#11479=CARTESIAN_POINT('Origin',(0.713,1.58838287776672,4.18));
#11480=CARTESIAN_POINT('Origin',(0.3565,1.73838287776672,4.18));
#11481=CARTESIAN_POINT('',(0.3565,1.68838287776672,4.18));
#11482=CARTESIAN_POINT('Origin',(1.07,-1.68838287776672,4.23));
#11483=CARTESIAN_POINT('',(1.07,-1.68838287776672,3.53));
#11484=CARTESIAN_POINT('',(1.07,-1.68838287776672,4.23));
#11485=CARTESIAN_POINT('',(0.713,-1.68838287776672,3.53));
#11486=CARTESIAN_POINT('',(1.07,-1.68838287776672,3.53));
#11487=CARTESIAN_POINT('',(0.713,-1.68838287776672,4.23));
#11488=CARTESIAN_POINT('Origin',(1.07,-2.156,4.23));
#11489=CARTESIAN_POINT('',(1.07,-2.156,3.53));
#11490=CARTESIAN_POINT('',(1.07,-2.156,4.23));
#11491=CARTESIAN_POINT('',(1.07,-1.68838287776672,3.53));
#11492=CARTESIAN_POINT('Origin',(1.32,-2.156,4.23));
#11493=CARTESIAN_POINT('',(1.32,-2.406,3.53));
#11494=CARTESIAN_POINT('',(1.32,-2.406,4.23));
#11495=CARTESIAN_POINT('Origin',(1.32,-2.156,3.53));
#11496=CARTESIAN_POINT('Origin',(4.58,-2.406,4.23));
#11497=CARTESIAN_POINT('',(4.58,-2.406,3.53));
#11498=CARTESIAN_POINT('',(4.58,-2.406,4.23));
#11499=CARTESIAN_POINT('',(1.32,-2.406,3.53));
#11500=CARTESIAN_POINT('Origin',(4.58,-2.156,4.23));
#11501=CARTESIAN_POINT('',(4.83,-2.156,3.53));
#11502=CARTESIAN_POINT('',(4.83,-2.156,4.23));
#11503=CARTESIAN_POINT('Origin',(4.58,-2.156,3.53));
#11504=CARTESIAN_POINT('Origin',(4.83,2.156,4.23));
#11505=CARTESIAN_POINT('',(4.83,2.156,3.53));
#11506=CARTESIAN_POINT('',(4.83,2.156,4.23));
#11507=CARTESIAN_POINT('',(4.83,2.156,3.53));
#11508=CARTESIAN_POINT('Origin',(4.58,2.156,4.23));
#11509=CARTESIAN_POINT('',(4.58,2.406,3.53));
#11510=CARTESIAN_POINT('',(4.58,2.406,4.23));
#11511=CARTESIAN_POINT('Origin',(4.58,2.156,3.53));
#11512=CARTESIAN_POINT('Origin',(1.32,2.406,4.23));
#11513=CARTESIAN_POINT('',(1.32,2.406,3.53));
#11514=CARTESIAN_POINT('',(1.32,2.406,4.23));
#11515=CARTESIAN_POINT('',(1.32,2.406,3.53));
#11516=CARTESIAN_POINT('Origin',(1.32,2.156,4.23));
#11517=CARTESIAN_POINT('',(1.07,2.156,3.53));
#11518=CARTESIAN_POINT('',(1.07,2.156,4.23));
#11519=CARTESIAN_POINT('Origin',(1.32,2.156,3.53));
#11520=CARTESIAN_POINT('Origin',(1.07,1.68838287776672,4.23));
#11521=CARTESIAN_POINT('',(1.07,1.68838287776672,3.53));
#11522=CARTESIAN_POINT('',(1.07,1.68838287776672,4.23));
#11523=CARTESIAN_POINT('',(1.07,2.156,3.53));
#11524=CARTESIAN_POINT('Origin',(6.8891502724478,2.96390637452256,4.18));
#11525=CARTESIAN_POINT('Origin',(6.215,2.85,4.18));
#11526=CARTESIAN_POINT('Origin',(-5.67091411546333,3.53145615444941,4.18));
#11527=CARTESIAN_POINT('',(-6.215,2.9405428478408,4.18));
#11528=CARTESIAN_POINT('',(-5.94295705773167,2.9405428478408,4.18));
#11529=CARTESIAN_POINT('Origin',(-6.215,2.85,4.18));
#11530=CARTESIAN_POINT('Origin',(6.8891502724478,-3.30708111270189,4.18));
#11531=CARTESIAN_POINT('',(6.215,-2.9405428478408,4.18));
#11532=CARTESIAN_POINT('',(6.5520751362239,-2.9405428478408,4.18));
#11533=CARTESIAN_POINT('Origin',(6.215,-2.85,4.18));
#11534=CARTESIAN_POINT('Origin',(-5.57091411546333,-2.89706600370124,4.18));
#11535=CARTESIAN_POINT('',(-6.215,-2.9405428478408,4.18));
#11536=CARTESIAN_POINT('Origin',(-6.215,-2.85,4.18));
#11537=CARTESIAN_POINT('',(-3.24302686507898,-2.9405428478408,4.18));
#11538=CARTESIAN_POINT('Origin',(6.81255021572574,-1.38777878078145E-16,
4.18));
#11539=CARTESIAN_POINT('Origin',(-6.215,3.05,0.));
#11540=CARTESIAN_POINT('',(-0.915139614694632,2.94050857446503,4.18130884741539));
#11541=CARTESIAN_POINT('',(-3.1075,2.94050857446503,4.18130884741539));
#11542=CARTESIAN_POINT('',(-0.915139614694632,3.05,0.));
#11543=CARTESIAN_POINT('',(-0.915139614694632,3.05,0.));
#11544=CARTESIAN_POINT('',(-6.215,3.05,0.));
#11545=CARTESIAN_POINT('',(-0.915139614694632,3.05,0.));
#11546=CARTESIAN_POINT('',(-6.215,3.05,0.));
#11547=CARTESIAN_POINT('Origin',(-3.1075,2.89052570821626,4.18));
#11548=CARTESIAN_POINT('Origin',(-0.915139614694632,2.89052570821626,4.18));
#11549=CARTESIAN_POINT('Origin',(6.215,-3.05,0.));
#11550=CARTESIAN_POINT('',(0.915139614694631,-2.94050857446503,4.18130884741539));
#11551=CARTESIAN_POINT('',(3.1075,-2.94050857446503,4.18130884741539));
#11552=CARTESIAN_POINT('',(0.915139614694632,-3.05,0.));
#11553=CARTESIAN_POINT('',(0.915139614694632,-3.05,0.));
#11554=CARTESIAN_POINT('',(6.215,-3.05,0.));
#11555=CARTESIAN_POINT('',(0.915139614694632,-3.05,0.));
#11556=CARTESIAN_POINT('',(6.215,-3.05,0.));
#11557=CARTESIAN_POINT('Origin',(3.1075,-2.89052570821626,4.18));
#11558=CARTESIAN_POINT('Origin',(0.915139614694631,-2.89052570821626,4.18));
#11559=CARTESIAN_POINT('Origin',(0.,0.,3.63));
#11560=CARTESIAN_POINT('',(-0.0704999999999995,-1.09562039582486,3.63));
#11561=CARTESIAN_POINT('Origin',(-0.8205,-1.09562039582486,3.63));
#11562=CARTESIAN_POINT('Origin',(0.,0.,3.63));
#11563=CARTESIAN_POINT('',(-0.0704999999999997,1.09562039582486,3.63));
#11564=CARTESIAN_POINT('Origin',(-0.8205,1.09562039582486,3.63));
#11565=CARTESIAN_POINT('Origin',(-1.691,2.05,4.23));
#11566=CARTESIAN_POINT('',(-1.691,2.05,3.53));
#11567=CARTESIAN_POINT('',(-1.691,2.05,4.23));
#11568=CARTESIAN_POINT('',(-1.25575,2.05,3.53));
#11569=CARTESIAN_POINT('Origin',(-1.691,1.85,4.23));
#11570=CARTESIAN_POINT('',(-1.891,1.85,3.53));
#11571=CARTESIAN_POINT('',(-1.891,1.85,4.23));
#11572=CARTESIAN_POINT('Origin',(-1.691,1.85,3.53));
#11573=CARTESIAN_POINT('Origin',(-1.891,-1.85,4.23));
#11574=CARTESIAN_POINT('',(-1.891,-1.85,3.53));
#11575=CARTESIAN_POINT('',(-1.891,-1.85,4.23));
#11576=CARTESIAN_POINT('',(-1.891,-0.925,3.53));
#11577=CARTESIAN_POINT('Origin',(-0.8205,1.09562039582486,4.23));
#11578=CARTESIAN_POINT('',(-0.0704999999999997,1.09562039582486,3.53));
#11579=CARTESIAN_POINT('',(-0.0704999999999997,1.09562039582486,4.23));
#11580=CARTESIAN_POINT('Origin',(-0.8205,1.09562039582486,3.53));
#11581=CARTESIAN_POINT('Origin',(-0.8205,-1.09562039582486,4.23));
#11582=CARTESIAN_POINT('',(-0.0704999999999995,-1.09562039582486,3.53));
#11583=CARTESIAN_POINT('',(-0.0704999999999995,-1.09562039582486,4.23));
#11584=CARTESIAN_POINT('Origin',(-0.8205,-1.09562039582486,3.53));
#11585=CARTESIAN_POINT('Origin',(-1.691,-1.85,4.23));
#11586=CARTESIAN_POINT('Origin',(-1.691,-1.85,3.53));
#11587=CARTESIAN_POINT('Origin',(-0.8205,0.,3.53));
#11588=CARTESIAN_POINT('Origin',(4.28148031887028,-0.674270108803053,4.08));
#11589=CARTESIAN_POINT('',(4.43148031887028,-1.34854021760611,3.93));
#11590=CARTESIAN_POINT('',(4.31914116605511,-1.34854021760611,4.04233915281516));
#11591=CARTESIAN_POINT('',(4.43148031887028,-0.674270108803053,3.93));
#11592=CARTESIAN_POINT('Origin',(4.58212370760962,-1.34854021760611,4.23));
#11593=CARTESIAN_POINT('',(4.58212370760962,-1.34854021760611,3.93));
#11594=CARTESIAN_POINT('',(4.58212370760962,-1.34854021760611,4.23));
#11595=CARTESIAN_POINT('',(4.58212370760962,-1.34854021760611,3.93));
#11596=CARTESIAN_POINT('Origin',(4.35680201323995,0.,3.93));
#11597=CARTESIAN_POINT('',(4.58212370760962,-0.954061853804812,3.93));
#11598=CARTESIAN_POINT('Origin',(4.58212370760962,-1.90812370760962,4.23));
#11599=CARTESIAN_POINT('',(4.58212370760962,-1.90812370760962,3.53));
#11600=CARTESIAN_POINT('',(4.58212370760962,-1.90812370760962,4.23));
#11601=CARTESIAN_POINT('',(4.58212370760962,1.90812370760962,3.53));
#11602=CARTESIAN_POINT('Origin',(2.15844508875219,-1.74178516624064,4.23));
#11603=CARTESIAN_POINT('',(2.15844508875219,-1.94178516624064,3.43));
#11604=CARTESIAN_POINT('',(2.15844508875219,-1.94178516624064,4.23));
#11605=CARTESIAN_POINT('Origin',(2.15844508875219,-1.74178516624064,3.43));
#11606=CARTESIAN_POINT('Origin',(3.74155491124782,-1.94178516624064,4.23));
#11607=CARTESIAN_POINT('',(3.74155491124782,-1.94178516624064,3.43));
#11608=CARTESIAN_POINT('',(3.74155491124782,-1.94178516624064,4.23));
#11609=CARTESIAN_POINT('',(3.74155491124782,-1.94178516624064,3.43));
#11610=CARTESIAN_POINT('Origin',(3.74155491124782,-1.74178516624064,4.23));
#11611=CARTESIAN_POINT('',(3.94155491124782,-1.74178516624064,3.43));
#11612=CARTESIAN_POINT('',(3.94155491124782,-1.74178516624064,4.23));
#11613=CARTESIAN_POINT('Origin',(3.74155491124782,-1.74178516624064,3.43));
#11614=CARTESIAN_POINT('Origin',(3.94155491124782,1.74178516624064,4.23));
#11615=CARTESIAN_POINT('',(3.94155491124782,1.74178516624064,3.43));
#11616=CARTESIAN_POINT('Origin',(2.95,0.,3.43));
#11617=CARTESIAN_POINT('Origin',(4.33212370760962,-1.90812370760962,4.23));
#11618=CARTESIAN_POINT('',(4.33212370760962,-2.15812370760962,3.53));
#11619=CARTESIAN_POINT('',(4.33212370760962,-2.15812370760962,4.23));
#11620=CARTESIAN_POINT('Origin',(4.33212370760962,-1.90812370760962,3.53));
#11621=CARTESIAN_POINT('Origin',(1.56787629239038,-2.15812370760962,4.23));
#11622=CARTESIAN_POINT('',(1.56787629239038,-2.15812370760962,3.53));
#11623=CARTESIAN_POINT('',(1.56787629239038,-2.15812370760962,4.23));
#11624=CARTESIAN_POINT('',(1.56787629239038,-2.15812370760962,3.53));
#11625=CARTESIAN_POINT('Origin',(1.56787629239038,-1.90812370760962,4.23));
#11626=CARTESIAN_POINT('Origin',(1.56787629239038,-1.90812370760962,3.53));
#11627=CARTESIAN_POINT('Origin',(0.613,-1.58838287776672,4.23));
#11628=CARTESIAN_POINT('',(0.613,-1.58838287776672,3.53));
#11629=CARTESIAN_POINT('',(0.613,-1.58838287776672,4.23));
#11630=CARTESIAN_POINT('',(0.613,-1.11213541450388,3.53));
#11631=CARTESIAN_POINT('',(0.613,-1.11213541450388,3.53));
#11632=CARTESIAN_POINT('',(0.613,-1.11213541450388,4.23));
#11633=CARTESIAN_POINT('Origin',(0.713,-1.58838287776672,4.23));
#11634=CARTESIAN_POINT('Origin',(0.713,-1.58838287776672,3.53));
#11635=CARTESIAN_POINT('Origin',(0.713,1.68838287776672,4.23));
#11636=CARTESIAN_POINT('',(0.713,1.68838287776672,3.53));
#11637=CARTESIAN_POINT('',(0.713,1.68838287776672,4.23));
#11638=CARTESIAN_POINT('',(1.07,1.68838287776672,3.53));
#11639=CARTESIAN_POINT('Origin',(0.713,1.58838287776672,4.23));
#11640=CARTESIAN_POINT('',(0.613,1.58838287776672,3.53));
#11641=CARTESIAN_POINT('',(0.613,1.58838287776672,4.23));
#11642=CARTESIAN_POINT('Origin',(0.713,1.58838287776672,3.53));
#11643=CARTESIAN_POINT('Origin',(0.613,1.11213541450388,4.23));
#11644=CARTESIAN_POINT('',(0.613,1.11213541450388,3.53));
#11645=CARTESIAN_POINT('',(0.613,1.11213541450388,4.23));
#11646=CARTESIAN_POINT('',(0.613,1.68838287776672,3.53));
#11647=CARTESIAN_POINT('Origin',(0.713,1.11213541450388,4.23));
#11648=CARTESIAN_POINT('',(0.713,1.01213541450388,3.53));
#11649=CARTESIAN_POINT('',(0.713,1.01213541450388,4.23));
#11650=CARTESIAN_POINT('Origin',(0.713,1.11213541450388,3.53));
#11651=CARTESIAN_POINT('Origin',(1.07,1.01213541450388,4.23));
#11652=CARTESIAN_POINT('',(1.07,1.01213541450388,3.53));
#11653=CARTESIAN_POINT('',(1.07,1.01213541450388,4.23));
#11654=CARTESIAN_POINT('',(0.713,1.01213541450388,3.53));
#11655=CARTESIAN_POINT('Origin',(1.07,-1.01213541450388,4.23));
#11656=CARTESIAN_POINT('',(1.07,-1.01213541450388,3.53));
#11657=CARTESIAN_POINT('',(1.07,-1.01213541450388,4.23));
#11658=CARTESIAN_POINT('',(1.07,1.01213541450388,3.53));
#11659=CARTESIAN_POINT('Origin',(0.713,-1.01213541450388,4.23));
#11660=CARTESIAN_POINT('',(0.713,-1.01213541450388,3.53));
#11661=CARTESIAN_POINT('',(0.713,-1.01213541450388,4.23));
#11662=CARTESIAN_POINT('',(0.713,-1.01213541450388,3.53));
#11663=CARTESIAN_POINT('Origin',(0.713,-1.11213541450388,4.23));
#11664=CARTESIAN_POINT('Origin',(0.713,-1.11213541450388,3.53));
#11665=CARTESIAN_POINT('Origin',(2.7215,0.,3.53));
#11666=CARTESIAN_POINT('Origin',(-2.74111814492264,-1.41818776885053,4.23));
#11667=CARTESIAN_POINT('',(-2.74111814492264,-1.41818776885053,4.23));
#11668=CARTESIAN_POINT('',(-2.74111814492264,1.41818776885053,4.23));
#11669=CARTESIAN_POINT('',(-2.74111814492264,-0.709093884425263,4.23));
#11670=CARTESIAN_POINT('',(-2.74111814492264,-1.41818776885053,4.03));
#11671=CARTESIAN_POINT('',(-2.74111814492264,-1.41818776885053,4.23));
#11672=CARTESIAN_POINT('',(-2.74111814492264,1.41818776885053,4.03));
#11673=CARTESIAN_POINT('',(-2.74111814492264,1.41818776885053,4.03));
#11674=CARTESIAN_POINT('',(-2.74111814492264,1.41818776885053,4.23));
#11675=CARTESIAN_POINT('Origin',(-5.69088185507736,-1.41818776885053,4.23));
#11676=CARTESIAN_POINT('',(-5.69088185507736,-1.41818776885053,4.23));
#11677=CARTESIAN_POINT('',(-2.84544092753868,-1.41818776885053,4.23));
#11678=CARTESIAN_POINT('',(-5.69088185507736,-1.41818776885053,4.03));
#11679=CARTESIAN_POINT('',(-5.69088185507736,-1.41818776885053,4.23));
#11680=CARTESIAN_POINT('',(-2.74111814492264,-1.41818776885053,4.03));
#11681=CARTESIAN_POINT('Origin',(-5.69088185507736,1.41818776885053,4.23));
#11682=CARTESIAN_POINT('',(-5.69088185507736,1.41818776885053,4.23));
#11683=CARTESIAN_POINT('',(-5.69088185507736,0.709093884425263,4.23));
#11684=CARTESIAN_POINT('',(-5.69088185507736,1.41818776885053,4.03));
#11685=CARTESIAN_POINT('',(-5.69088185507736,1.41818776885053,4.23));
#11686=CARTESIAN_POINT('',(-5.69088185507736,-1.41818776885053,4.03));
#11687=CARTESIAN_POINT('Origin',(-2.74111814492264,1.41818776885053,4.23));
#11688=CARTESIAN_POINT('',(-1.37055907246132,1.41818776885053,4.23));
#11689=CARTESIAN_POINT('',(-5.69088185507736,1.41818776885053,4.03));
#11690=CARTESIAN_POINT('Origin',(-5.8935,-1.525,4.23));
#11691=CARTESIAN_POINT('',(-5.8935,-1.525,4.03));
#11692=CARTESIAN_POINT('',(-5.8935,-1.525,4.23));
#11693=CARTESIAN_POINT('',(-5.8935,5.,4.03));
#11694=CARTESIAN_POINT('Origin',(-2.5385,-1.525,4.23));
#11695=CARTESIAN_POINT('',(0.,-1.525,4.03));
#11696=CARTESIAN_POINT('Origin',(-4.216,0.00250000000000028,4.03));
#11697=CARTESIAN_POINT('Origin',(-0.146222648308437,-1.92879245565575,4.18));
#11698=CARTESIAN_POINT('',(0.709719031697569,-2.85542058299706,4.18130884741539));
#11699=CARTESIAN_POINT('Origin',(0.74506225536522,-2.82007735932941,4.18));
#11700=CARTESIAN_POINT('',(0.571434508823897,-2.71713606012339,4.18130884741539));
#11701=CARTESIAN_POINT('Origin',(0.606777732491548,-2.68179283645574,4.18));
#11702=CARTESIAN_POINT('',(-0.181565871976088,-1.9641356793234,4.18130884741539));
#11703=CARTESIAN_POINT('Origin',(0.387946362168358,-2.90062420677893,4.18));
#11704=CARTESIAN_POINT('',(0.387946362168357,-2.64113278124396,4.18130884741539));
#11705=CARTESIAN_POINT('Origin',(0.387946362168357,-2.59114991499518,4.18));
#11706=CARTESIAN_POINT('Origin',(0.387946362168358,-2.90062420677893,4.18130884741539));
#11707=CARTESIAN_POINT('Origin',(0.193973181084179,-2.59114991499518,4.18));
#11708=CARTESIAN_POINT('',(-0.387946362168357,-2.64113278124396,4.18130884741539));
#11709=CARTESIAN_POINT('Origin',(-0.387946362168357,-2.59114991499518,4.18));
#11710=CARTESIAN_POINT('',(0.193973181084179,-2.64113278124396,4.18130884741539));
#11711=CARTESIAN_POINT('Origin',(-0.387946362168358,-2.90062420677893,4.18));
#11712=CARTESIAN_POINT('',(-0.571434508823897,-2.71713606012339,4.18130884741539));
#11713=CARTESIAN_POINT('Origin',(-0.606777732491548,-2.68179283645574,4.18));
#11714=CARTESIAN_POINT('Origin',(-0.387946362168358,-2.90062420677893,4.18130884741539));
#11715=CARTESIAN_POINT('Origin',(0.215364909745274,-1.85965019421892,4.18));
#11716=CARTESIAN_POINT('',(-0.70971903169757,-2.85542058299706,4.18130884741539));
#11717=CARTESIAN_POINT('Origin',(-0.745062255365221,-2.82007735932941,4.18));
#11718=CARTESIAN_POINT('',(0.250708133412925,-1.89499341788657,4.18130884741539));
#11719=CARTESIAN_POINT('Origin',(-0.915139614694631,-2.65,4.18));
#11720=CARTESIAN_POINT('',(-0.915139614694632,-2.94050857446503,4.18130884741539));
#11721=CARTESIAN_POINT('Origin',(-0.915139614694632,-2.89052570821625,4.18));
#11722=CARTESIAN_POINT('Origin',(-0.915139614694631,-2.65,4.18130884741539));
#11723=CARTESIAN_POINT('Origin',(-0.457569807347316,-2.89052570821626,4.18));
#11724=CARTESIAN_POINT('',(-0.457569807347316,-2.94050857446503,4.18130884741539));
#11725=CARTESIAN_POINT('Origin',(-0.915139614694631,2.65,4.18));
#11726=CARTESIAN_POINT('',(-0.709719031697572,2.85542058299706,4.18130884741539));
#11727=CARTESIAN_POINT('Origin',(-0.745062255365223,2.82007735932941,4.18));
#11728=CARTESIAN_POINT('Origin',(-0.915139614694631,2.65,4.18130884741539));
#11729=CARTESIAN_POINT('Origin',(0.146222648308438,1.92879245565576,4.18));
#11730=CARTESIAN_POINT('',(-0.571434508823895,2.71713606012339,4.18130884741539));
#11731=CARTESIAN_POINT('Origin',(-0.606777732491546,2.68179283645574,4.18));
#11732=CARTESIAN_POINT('',(0.181565871976089,1.96413567932341,4.18130884741539));
#11733=CARTESIAN_POINT('Origin',(-0.387946362168357,2.90062420677893,4.18));
#11734=CARTESIAN_POINT('',(-0.387946362168357,2.64113278124396,4.18130884741539));
#11735=CARTESIAN_POINT('Origin',(-0.387946362168357,2.59114991499518,4.18));
#11736=CARTESIAN_POINT('Origin',(-0.387946362168357,2.90062420677893,4.18130884741539));
#11737=CARTESIAN_POINT('Origin',(-0.193973181084178,2.59114991499518,4.18));
#11738=CARTESIAN_POINT('',(0.387946362168356,2.64113278124396,4.18130884741539));
#11739=CARTESIAN_POINT('Origin',(0.387946362168356,2.59114991499518,4.18));
#11740=CARTESIAN_POINT('',(-0.193973181084178,2.64113278124396,4.18130884741539));
#11741=CARTESIAN_POINT('Origin',(0.387946362168357,2.90062420677893,4.18));
#11742=CARTESIAN_POINT('',(0.571434508823895,2.71713606012339,4.18130884741539));
#11743=CARTESIAN_POINT('Origin',(0.606777732491546,2.68179283645574,4.18));
#11744=CARTESIAN_POINT('Origin',(0.387946362168357,2.90062420677893,4.18130884741539));
#11745=CARTESIAN_POINT('Origin',(-0.215364909745275,1.85965019421892,4.18));
#11746=CARTESIAN_POINT('',(0.709719031697571,2.85542058299706,4.18130884741539));
#11747=CARTESIAN_POINT('Origin',(0.745062255365222,2.82007735932941,4.18));
#11748=CARTESIAN_POINT('',(-0.250708133412926,1.89499341788657,4.18130884741539));
#11749=CARTESIAN_POINT('Origin',(0.91513961469463,2.65,4.18));
#11750=CARTESIAN_POINT('Origin',(0.91513961469463,2.65,4.18130884741539));
#11751=CARTESIAN_POINT('Origin',(0.915139614694631,-2.65,4.18));
#11752=CARTESIAN_POINT('Origin',(0.915139614694631,-2.65,4.18130884741539));
#11753=CARTESIAN_POINT('Origin',(-0.387946362168357,2.90062420677893,0.));
#11754=CARTESIAN_POINT('',(-0.387946362168357,2.75062420677893,0.));
#11755=CARTESIAN_POINT('',(-0.387946362168357,2.75062420677893,0.));
#11756=CARTESIAN_POINT('',(-0.494012379346338,2.79455818960095,0.));
#11757=CARTESIAN_POINT('Origin',(-0.387946362168357,2.90062420677893,0.));
#11758=CARTESIAN_POINT('',(-0.494012379346338,2.79455818960095,0.));
#11759=CARTESIAN_POINT('Origin',(-0.387946362168357,2.75062420677893,0.));
#11760=CARTESIAN_POINT('',(0.387946362168356,2.75062420677893,0.));
#11761=CARTESIAN_POINT('',(0.387946362168356,2.75062420677893,0.));
#11762=CARTESIAN_POINT('',(0.387946362168356,2.75062420677893,0.));
#11763=CARTESIAN_POINT('Origin',(0.387946362168357,2.90062420677893,0.));
#11764=CARTESIAN_POINT('',(0.494012379346338,2.79455818960095,0.));
#11765=CARTESIAN_POINT('',(0.494012379346338,2.79455818960095,0.));
#11766=CARTESIAN_POINT('Origin',(0.387946362168357,2.90062420677893,0.));
#11767=CARTESIAN_POINT('Origin',(0.494012379346338,2.79455818960095,0.));
#11768=CARTESIAN_POINT('',(0.632296902220014,2.93284271247462,0.));
#11769=CARTESIAN_POINT('',(0.632296902220014,2.93284271247462,0.));
#11770=CARTESIAN_POINT('',(0.494012379346338,2.79455818960095,0.));
#11771=CARTESIAN_POINT('Origin',(0.91513961469463,2.65,0.));
#11772=CARTESIAN_POINT('Origin',(0.91513961469463,2.65,0.));
#11773=CARTESIAN_POINT('Origin',(6.215,2.85,0.));
#11774=CARTESIAN_POINT('Origin',(6.215,2.85,0.));
#11775=CARTESIAN_POINT('Origin',(6.215,-2.85,0.));
#11776=CARTESIAN_POINT('Origin',(6.215,-2.85,0.));
#11777=CARTESIAN_POINT('Origin',(0.915139614694631,-2.65,0.));
#11778=CARTESIAN_POINT('',(0.632296902220012,-2.93284271247462,0.));
#11779=CARTESIAN_POINT('',(0.632296902220012,-2.93284271247462,0.));
#11780=CARTESIAN_POINT('Origin',(0.915139614694631,-2.65,0.));
#11781=CARTESIAN_POINT('Origin',(0.632296902220012,-2.93284271247462,0.));
#11782=CARTESIAN_POINT('',(0.49401237934634,-2.79455818960095,0.));
#11783=CARTESIAN_POINT('',(0.49401237934634,-2.79455818960095,0.));
#11784=CARTESIAN_POINT('',(0.49401237934634,-2.79455818960095,0.));
#11785=CARTESIAN_POINT('Origin',(0.,0.,4.23));
#11786=CARTESIAN_POINT('Origin',(0.387946362168358,-2.90062420677893,0.));
#11787=CARTESIAN_POINT('',(0.387946362168357,-2.75062420677893,0.));
#11788=CARTESIAN_POINT('',(0.387946362168357,-2.75062420677893,0.));
#11789=CARTESIAN_POINT('Origin',(0.387946362168358,-2.90062420677893,0.));
#11790=CARTESIAN_POINT('Origin',(0.387946362168357,-2.75062420677893,0.));
#11791=CARTESIAN_POINT('',(-0.387946362168357,-2.75062420677893,0.));
#11792=CARTESIAN_POINT('',(-0.387946362168357,-2.75062420677893,0.));
#11793=CARTESIAN_POINT('',(-0.387946362168357,-2.75062420677893,0.));
#11794=CARTESIAN_POINT('Origin',(-0.387946362168358,-2.90062420677893,0.));
#11795=CARTESIAN_POINT('',(-0.49401237934634,-2.79455818960095,0.));
#11796=CARTESIAN_POINT('',(-0.49401237934634,-2.79455818960095,0.));
#11797=CARTESIAN_POINT('Origin',(-0.387946362168358,-2.90062420677893,0.));
#11798=CARTESIAN_POINT('Origin',(-0.49401237934634,-2.79455818960095,0.));
#11799=CARTESIAN_POINT('',(-0.632296902220013,-2.93284271247462,0.));
#11800=CARTESIAN_POINT('',(-0.632296902220013,-2.93284271247462,0.));
#11801=CARTESIAN_POINT('',(-0.49401237934634,-2.79455818960095,0.));
#11802=CARTESIAN_POINT('Origin',(-0.915139614694631,-2.65,0.));
#11803=CARTESIAN_POINT('',(-0.915139614694632,-3.05,0.));
#11804=CARTESIAN_POINT('',(-0.915139614694632,-3.05,0.));
#11805=CARTESIAN_POINT('Origin',(-0.915139614694631,-2.65,0.));
#11806=CARTESIAN_POINT('Origin',(-0.915139614694632,-3.05,0.));
#11807=CARTESIAN_POINT('',(-6.215,-3.05,0.));
#11808=CARTESIAN_POINT('',(-6.215,-3.05,0.));
#11809=CARTESIAN_POINT('',(-6.215,-3.05,0.));
#11810=CARTESIAN_POINT('Origin',(-6.215,-2.85,0.));
#11811=CARTESIAN_POINT('Origin',(-6.215,-2.85,0.));
#11812=CARTESIAN_POINT('Origin',(-6.215,2.85,0.));
#11813=CARTESIAN_POINT('Origin',(-6.215,2.85,0.));
#11814=CARTESIAN_POINT('Origin',(-0.915139614694631,2.65,0.));
#11815=CARTESIAN_POINT('',(-0.632296902220015,2.93284271247462,0.));
#11816=CARTESIAN_POINT('',(-0.632296902220015,2.93284271247462,0.));
#11817=CARTESIAN_POINT('Origin',(-0.915139614694631,2.65,0.));
#11818=CARTESIAN_POINT('Origin',(-0.632296902220015,2.93284271247462,0.));
#11819=CARTESIAN_POINT('',(-0.494012379346338,2.79455818960095,0.));
#11820=CARTESIAN_POINT('Origin',(0.,0.,0.));
#11821=CARTESIAN_POINT('Origin',(3.525,1.325,-0.41));
#11822=CARTESIAN_POINT('',(3.525,1.325,-0.41));
#11823=CARTESIAN_POINT('',(-3.525,1.325,-0.41));
#11824=CARTESIAN_POINT('',(1.7625,1.325,-0.41));
#11825=CARTESIAN_POINT('',(3.525,1.325,-0.36));
#11826=CARTESIAN_POINT('',(3.525,1.325,-0.41));
#11827=CARTESIAN_POINT('',(-3.525,1.325,-0.36));
#11828=CARTESIAN_POINT('',(-3.525,1.325,-0.36));
#11829=CARTESIAN_POINT('',(-3.525,1.325,-0.41));
#11830=CARTESIAN_POINT('Origin',(3.525,-1.325,-0.41));
#11831=CARTESIAN_POINT('',(3.525,-1.325,-0.41));
#11832=CARTESIAN_POINT('',(3.525,-0.6625,-0.41));
#11833=CARTESIAN_POINT('',(3.525,-1.325,-0.36));
#11834=CARTESIAN_POINT('',(3.525,-1.325,-0.41));
#11835=CARTESIAN_POINT('',(3.525,1.325,-0.36));
#11836=CARTESIAN_POINT('Origin',(-3.525,-1.325,-0.41));
#11837=CARTESIAN_POINT('',(-3.525,-1.325,-0.41));
#11838=CARTESIAN_POINT('',(-1.7625,-1.325,-0.41));
#11839=CARTESIAN_POINT('',(-3.525,-1.325,-0.36));
#11840=CARTESIAN_POINT('',(-3.525,-1.325,-0.41));
#11841=CARTESIAN_POINT('',(3.525,-1.325,-0.36));
#11842=CARTESIAN_POINT('Origin',(-3.525,1.325,-0.41));
#11843=CARTESIAN_POINT('',(-3.525,0.6625,-0.41));
#11844=CARTESIAN_POINT('',(-3.525,-1.325,-0.36));
#11845=CARTESIAN_POINT('Origin',(0.,0.,-0.36));
#11846=CARTESIAN_POINT('Origin',(-6.305,-2.95,0.));
#11847=CARTESIAN_POINT('',(-6.305,-2.95,0.));
#11848=CARTESIAN_POINT('',(-6.305,2.95,0.));
#11849=CARTESIAN_POINT('',(-6.305,-2.95,0.));
#11850=CARTESIAN_POINT('',(-6.305,2.95,-0.41));
#11851=CARTESIAN_POINT('',(-6.305,2.95,0.));
#11852=CARTESIAN_POINT('',(-6.305,-2.95,-0.41));
#11853=CARTESIAN_POINT('',(-6.305,-2.95,-0.41));
#11854=CARTESIAN_POINT('',(-6.305,-2.95,0.));
#11855=CARTESIAN_POINT('Origin',(6.305,-2.95,0.));
#11856=CARTESIAN_POINT('',(6.305,-2.95,0.));
#11857=CARTESIAN_POINT('',(6.415,-2.95,0.));
#11858=CARTESIAN_POINT('',(6.305,-2.95,-0.41));
#11859=CARTESIAN_POINT('',(6.415,-2.95,-0.41));
#11860=CARTESIAN_POINT('',(6.305,-2.95,0.));
#11861=CARTESIAN_POINT('Origin',(6.305,2.95,0.));
#11862=CARTESIAN_POINT('',(6.305,2.95,0.));
#11863=CARTESIAN_POINT('',(6.305,3.05,0.));
#11864=CARTESIAN_POINT('',(6.305,2.95,-0.41));
#11865=CARTESIAN_POINT('',(6.305,3.05,-0.41));
#11866=CARTESIAN_POINT('',(6.305,2.95,0.));
#11867=CARTESIAN_POINT('Origin',(-6.305,2.95,0.));
#11868=CARTESIAN_POINT('',(-6.415,2.95,0.));
#11869=CARTESIAN_POINT('',(-6.415,2.95,-0.41));
#11870=CARTESIAN_POINT('Origin',(0.,0.,-0.41));
#11871=CARTESIAN_POINT('Origin',(0.,0.,0.));
#11872=CARTESIAN_POINT('Origin',(0.953660246245887,1.3502591461353,3.53));
#11873=CARTESIAN_POINT('',(1.11934724566617,1.3502591461353,3.54));
#11874=CARTESIAN_POINT('Origin',(0.953660246245887,1.3502591461353,3.54));
#11875=CARTESIAN_POINT('',(1.11934724566617,1.3502591461353,3.53));
#11876=CARTESIAN_POINT('',(1.11934724566617,1.3502591461353,3.53));
#11877=CARTESIAN_POINT('Origin',(0.953660246245887,1.3502591461353,3.53));
#11878=CARTESIAN_POINT('Origin',(1.30010799004901,1.08672103629483,3.53));
#11879=CARTESIAN_POINT('',(1.30010799004901,1.61379725597577,3.53));
#11880=CARTESIAN_POINT('',(1.30010799004901,1.08672103629483,3.53));
#11881=CARTESIAN_POINT('',(1.30010799004901,1.61379725597577,3.53));
#11882=CARTESIAN_POINT('',(1.30010799004901,1.61379725597577,3.54));
#11883=CARTESIAN_POINT('',(1.30010799004901,1.61379725597577,3.53));
#11884=CARTESIAN_POINT('',(1.30010799004901,1.08672103629483,3.54));
#11885=CARTESIAN_POINT('',(1.30010799004901,1.61379725597577,3.54));
#11886=CARTESIAN_POINT('',(1.30010799004901,1.08672103629483,3.53));
#11887=CARTESIAN_POINT('Origin',(0.732005063526494,1.08672103629483,3.53));
#11888=CARTESIAN_POINT('',(0.732005063526494,1.08672103629483,3.53));
#11889=CARTESIAN_POINT('',(1.30010799004901,1.08672103629483,3.53));
#11890=CARTESIAN_POINT('',(0.732005063526494,1.08672103629483,3.54));
#11891=CARTESIAN_POINT('',(1.30010799004901,1.08672103629483,3.54));
#11892=CARTESIAN_POINT('',(0.732005063526494,1.08672103629483,3.53));
#11893=CARTESIAN_POINT('Origin',(0.732005063526494,1.61379725597577,3.53));
#11894=CARTESIAN_POINT('',(0.732005063526494,1.61379725597577,3.53));
#11895=CARTESIAN_POINT('',(0.732005063526494,1.68838287776672,3.53));
#11896=CARTESIAN_POINT('',(0.732005063526494,1.61379725597577,3.54));
#11897=CARTESIAN_POINT('',(0.732005063526494,1.68838287776672,3.54));
#11898=CARTESIAN_POINT('',(0.732005063526494,1.61379725597577,3.53));
#11899=CARTESIAN_POINT('Origin',(1.30010799004901,1.61379725597577,3.53));
#11900=CARTESIAN_POINT('',(1.30010799004901,1.61379725597577,3.53));
#11901=CARTESIAN_POINT('',(1.30010799004901,1.61379725597577,3.54));
#11902=CARTESIAN_POINT('Origin',(1.01605652678775,1.3502591461353,3.54));
#11903=CARTESIAN_POINT('Origin',(1.01605652678775,1.3502591461353,3.53));
#11904=CARTESIAN_POINT('Origin',(0.953660246245887,-1.3502591461353,3.53));
#11905=CARTESIAN_POINT('',(1.11934724566617,-1.3502591461353,3.54));
#11906=CARTESIAN_POINT('Origin',(0.953660246245887,-1.3502591461353,3.54));
#11907=CARTESIAN_POINT('',(1.11934724566617,-1.3502591461353,3.53));
#11908=CARTESIAN_POINT('',(1.11934724566617,-1.3502591461353,3.53));
#11909=CARTESIAN_POINT('Origin',(0.953660246245887,-1.3502591461353,3.53));
#11910=CARTESIAN_POINT('Origin',(1.30010799004901,-1.08672103629483,3.53));
#11911=CARTESIAN_POINT('',(1.30010799004901,-1.61379725597577,3.53));
#11912=CARTESIAN_POINT('',(1.30010799004901,-1.08672103629483,3.53));
#11913=CARTESIAN_POINT('',(1.30010799004901,-1.61379725597577,3.53));
#11914=CARTESIAN_POINT('',(1.30010799004901,-1.08672103629483,3.54));
#11915=CARTESIAN_POINT('',(1.30010799004901,-1.08672103629483,3.53));
#11916=CARTESIAN_POINT('',(1.30010799004901,-1.61379725597577,3.54));
#11917=CARTESIAN_POINT('',(1.30010799004901,-1.61379725597577,3.54));
#11918=CARTESIAN_POINT('',(1.30010799004901,-1.61379725597577,3.53));
#11919=CARTESIAN_POINT('Origin',(0.732005063526494,-1.08672103629483,3.53));
#11920=CARTESIAN_POINT('',(0.732005063526494,-1.08672103629483,3.53));
#11921=CARTESIAN_POINT('',(1.30010799004901,-1.08672103629483,3.53));
#11922=CARTESIAN_POINT('',(0.732005063526494,-1.08672103629483,3.54));
#11923=CARTESIAN_POINT('',(0.732005063526494,-1.08672103629483,3.53));
#11924=CARTESIAN_POINT('',(1.30010799004901,-1.08672103629483,3.54));
#11925=CARTESIAN_POINT('Origin',(0.732005063526494,-1.61379725597577,3.53));
#11926=CARTESIAN_POINT('',(0.732005063526494,-1.61379725597577,3.53));
#11927=CARTESIAN_POINT('',(0.732005063526494,-1.68838287776672,3.53));
#11928=CARTESIAN_POINT('',(0.732005063526494,-1.61379725597577,3.54));
#11929=CARTESIAN_POINT('',(0.732005063526494,-1.61379725597577,3.53));
#11930=CARTESIAN_POINT('',(0.732005063526494,-1.68838287776672,3.54));
#11931=CARTESIAN_POINT('Origin',(1.30010799004901,-1.61379725597577,3.53));
#11932=CARTESIAN_POINT('',(1.30010799004901,-1.61379725597577,3.53));
#11933=CARTESIAN_POINT('',(1.30010799004901,-1.61379725597577,3.54));
#11934=CARTESIAN_POINT('Origin',(1.01605652678775,-1.3502591461353,3.54));
#11935=CARTESIAN_POINT('Origin',(1.01605652678775,-1.3502591461353,3.53));
#11936=CARTESIAN_POINT('Origin',(0.255339893116237,2.89537692074617,0.));
#11937=CARTESIAN_POINT('',(0.255339893116237,2.89537692074617,0.));
#11938=CARTESIAN_POINT('',(-0.255339893116237,2.89537692074617,0.));
#11939=CARTESIAN_POINT('',(0.255339893116237,2.89537692074617,0.));
#11940=CARTESIAN_POINT('',(-0.255339893116237,2.89537692074617,0.01));
#11941=CARTESIAN_POINT('',(-0.255339893116237,2.89537692074617,0.));
#11942=CARTESIAN_POINT('',(0.255339893116237,2.89537692074617,0.01));
#11943=CARTESIAN_POINT('',(0.255339893116237,2.89537692074617,0.01));
#11944=CARTESIAN_POINT('',(0.255339893116237,2.89537692074617,0.));
#11945=CARTESIAN_POINT('Origin',(0.255339893116237,-2.89537692074617,0.));
#11946=CARTESIAN_POINT('',(0.255339893116237,-2.89537692074617,0.));
#11947=CARTESIAN_POINT('',(0.255339893116237,-2.89537692074617,0.));
#11948=CARTESIAN_POINT('',(0.255339893116237,-2.89537692074617,0.01));
#11949=CARTESIAN_POINT('',(0.255339893116237,-2.89537692074617,0.01));
#11950=CARTESIAN_POINT('',(0.255339893116237,-2.89537692074617,0.));
#11951=CARTESIAN_POINT('Origin',(-0.255339893116237,-2.89537692074617,0.));
#11952=CARTESIAN_POINT('',(-0.255339893116237,-2.89537692074617,0.));
#11953=CARTESIAN_POINT('',(-0.255339893116237,-2.89537692074617,0.));
#11954=CARTESIAN_POINT('',(-0.255339893116237,-2.89537692074617,0.01));
#11955=CARTESIAN_POINT('',(-0.255339893116237,-2.89537692074617,0.01));
#11956=CARTESIAN_POINT('',(-0.255339893116237,-2.89537692074617,0.));
#11957=CARTESIAN_POINT('Origin',(-0.255339893116237,2.89537692074617,0.));
#11958=CARTESIAN_POINT('',(-0.255339893116237,2.89537692074617,0.));
#11959=CARTESIAN_POINT('',(-0.255339893116237,2.89537692074617,0.01));
#11960=CARTESIAN_POINT('Origin',(0.,0.,0.01));
#11961=CARTESIAN_POINT('Origin',(0.,0.,0.));
#11962=CARTESIAN_POINT('Origin',(-0.774999999999999,-1.95,-0.41));
#11963=CARTESIAN_POINT('',(-0.174999999999999,-1.95,-0.41));
#11964=CARTESIAN_POINT('',(-0.774999999999999,-1.95,-0.41));
#11965=CARTESIAN_POINT('',(6.305,-1.95,-0.41));
#11966=CARTESIAN_POINT('',(-0.174999999999999,-1.95,-0.411));
#11967=CARTESIAN_POINT('',(-0.174999999999999,-1.95,-0.41));
#11968=CARTESIAN_POINT('',(-0.774999999999999,-1.95,-0.411));
#11969=CARTESIAN_POINT('',(6.305,-1.95,-0.411));
#11970=CARTESIAN_POINT('',(-0.774999999999999,-1.95,-0.41));
#11971=CARTESIAN_POINT('Origin',(-0.774999999999999,-2.83,-0.41));
#11972=CARTESIAN_POINT('',(-0.774999999999999,-2.83,-0.41));
#11973=CARTESIAN_POINT('',(-0.774999999999999,-3.36970192932274,-0.41));
#11974=CARTESIAN_POINT('',(-0.774999999999999,-2.83,-0.411));
#11975=CARTESIAN_POINT('',(-0.774999999999999,-3.36970192932274,-0.411));
#11976=CARTESIAN_POINT('',(-0.774999999999999,-2.83,-0.41));
#11977=CARTESIAN_POINT('Origin',(-0.175,-2.83,-0.41));
#11978=CARTESIAN_POINT('',(-0.174999999999999,-2.83,-0.41));
#11979=CARTESIAN_POINT('',(6.305,-2.83,-0.41));
#11980=CARTESIAN_POINT('',(-0.174999999999999,-2.83,-0.411));
#11981=CARTESIAN_POINT('',(6.305,-2.83,-0.411));
#11982=CARTESIAN_POINT('',(-0.174999999999999,-2.83,-0.41));
#11983=CARTESIAN_POINT('Origin',(-0.174999999999999,-1.95,-0.41));
#11984=CARTESIAN_POINT('',(-0.174999999999999,-1.54824142698612,-0.41));
#11985=CARTESIAN_POINT('',(-0.174999999999999,-1.54824142698612,-0.411));
#11986=CARTESIAN_POINT('Origin',(-0.474999999999999,-2.39,-0.411));
#11987=CARTESIAN_POINT('Origin',(-0.474999999999999,-2.39,-0.41));
#11988=CARTESIAN_POINT('Origin',(-6.185,-1.95,-0.41));
#11989=CARTESIAN_POINT('',(-4.93,-1.95,-0.41));
#11990=CARTESIAN_POINT('',(-6.185,-1.95,-0.41));
#11991=CARTESIAN_POINT('',(6.305,-1.95,-0.41));
#11992=CARTESIAN_POINT('',(-4.93,-1.95,-0.411));
#11993=CARTESIAN_POINT('',(-4.93,-1.95,-0.41));
#11994=CARTESIAN_POINT('',(-6.185,-1.95,-0.411));
#11995=CARTESIAN_POINT('',(6.305,-1.95,-0.411));
#11996=CARTESIAN_POINT('',(-6.185,-1.95,-0.41));
#11997=CARTESIAN_POINT('Origin',(-6.185,-2.83,-0.41));
#11998=CARTESIAN_POINT('',(-6.185,-2.83,-0.41));
#11999=CARTESIAN_POINT('',(-6.185,-2.95,-0.41));
#12000=CARTESIAN_POINT('',(-6.185,-2.83,-0.411));
#12001=CARTESIAN_POINT('',(-6.185,-2.95,-0.411));
#12002=CARTESIAN_POINT('',(-6.185,-2.83,-0.41));
#12003=CARTESIAN_POINT('Origin',(-4.93,-2.83,-0.41));
#12004=CARTESIAN_POINT('',(-4.93,-2.83,-0.41));
#12005=CARTESIAN_POINT('',(6.305,-2.83,-0.41));
#12006=CARTESIAN_POINT('',(-4.93,-2.83,-0.411));
#12007=CARTESIAN_POINT('',(6.305,-2.83,-0.411));
#12008=CARTESIAN_POINT('',(-4.93,-2.83,-0.41));
#12009=CARTESIAN_POINT('Origin',(-4.93,-1.95,-0.41));
#12010=CARTESIAN_POINT('',(-4.93,-2.95,-0.41));
#12011=CARTESIAN_POINT('',(-4.93,-2.95,-0.411));
#12012=CARTESIAN_POINT('Origin',(-5.5575,-2.39,-0.411));
#12013=CARTESIAN_POINT('Origin',(-5.5575,-2.39,-0.41));
#12014=CARTESIAN_POINT('Origin',(5.935,-1.85,-0.411));
#12015=CARTESIAN_POINT('',(5.935,-1.85,-0.411));
#12016=CARTESIAN_POINT('',(5.935,-1.95,-0.411));
#12017=CARTESIAN_POINT('',(5.935,-1.85,-0.411));
#12018=CARTESIAN_POINT('',(5.935,-1.95,-0.41));
#12019=CARTESIAN_POINT('',(5.935,-1.95,-0.4105));
#12020=CARTESIAN_POINT('',(5.935,-1.85,-0.41));
#12021=CARTESIAN_POINT('',(5.935,-1.85,-0.41));
#12022=CARTESIAN_POINT('',(5.935,-1.85,-0.411));
#12023=CARTESIAN_POINT('Origin',(6.185,-1.85,-0.411));
#12024=CARTESIAN_POINT('',(6.185,-1.85,-0.411));
#12025=CARTESIAN_POINT('',(6.185,-1.85,-0.411));
#12026=CARTESIAN_POINT('',(6.185,-1.85,-0.41));
#12027=CARTESIAN_POINT('',(6.185,-1.85,-0.41));
#12028=CARTESIAN_POINT('',(6.185,-1.85,-0.411));
#12029=CARTESIAN_POINT('Origin',(6.185,-1.95,-0.41));
#12030=CARTESIAN_POINT('',(4.93,-1.95,-0.411));
#12031=CARTESIAN_POINT('',(-6.305,-1.95,-0.411));
#12032=CARTESIAN_POINT('',(4.93,-1.95,-0.41));
#12033=CARTESIAN_POINT('',(4.93,-1.95,-0.41));
#12034=CARTESIAN_POINT('',(-6.305,-1.95,-0.41));
#12035=CARTESIAN_POINT('Origin',(6.185,-2.83,-0.41));
#12036=CARTESIAN_POINT('',(6.185,-2.83,-0.41));
#12037=CARTESIAN_POINT('',(6.185,-2.95,-0.41));
#12038=CARTESIAN_POINT('',(6.185,-2.83,-0.411));
#12039=CARTESIAN_POINT('',(6.185,-2.83,-0.41));
#12040=CARTESIAN_POINT('',(6.185,-1.95,-0.411));
#12041=CARTESIAN_POINT('Origin',(4.93,-2.83,-0.41));
#12042=CARTESIAN_POINT('',(4.93,-2.83,-0.41));
#12043=CARTESIAN_POINT('',(-6.305,-2.83,-0.41));
#12044=CARTESIAN_POINT('',(4.93,-2.83,-0.411));
#12045=CARTESIAN_POINT('',(4.93,-2.83,-0.41));
#12046=CARTESIAN_POINT('',(-6.305,-2.83,-0.411));
#12047=CARTESIAN_POINT('Origin',(4.93,-1.95,-0.41));
#12048=CARTESIAN_POINT('',(4.93,-2.95,-0.41));
#12049=CARTESIAN_POINT('',(4.93,-2.95,-0.411));
#12050=CARTESIAN_POINT('Origin',(5.5575,-2.39,-0.411));
#12051=CARTESIAN_POINT('Origin',(5.5575,-2.39,-0.41));
#12052=CARTESIAN_POINT('Origin',(-6.185,1.95,-0.41));
#12053=CARTESIAN_POINT('',(-4.93,1.95,-0.41));
#12054=CARTESIAN_POINT('',(-6.185,1.95,-0.41));
#12055=CARTESIAN_POINT('',(6.305,1.95,-0.41));
#12056=CARTESIAN_POINT('',(-6.185,1.95,-0.411));
#12057=CARTESIAN_POINT('',(-6.185,1.95,-0.41));
#12058=CARTESIAN_POINT('',(-4.93,1.95,-0.411));
#12059=CARTESIAN_POINT('',(6.305,1.95,-0.411));
#12060=CARTESIAN_POINT('',(-4.93,1.95,-0.41));
#12061=CARTESIAN_POINT('Origin',(-6.185,2.83,-0.41));
#12062=CARTESIAN_POINT('',(-6.185,2.83,-0.41));
#12063=CARTESIAN_POINT('',(-6.185,2.95,-0.41));
#12064=CARTESIAN_POINT('',(-6.185,2.83,-0.411));
#12065=CARTESIAN_POINT('',(-6.185,2.83,-0.41));
#12066=CARTESIAN_POINT('',(-6.185,2.95,-0.411));
#12067=CARTESIAN_POINT('Origin',(-4.93,2.83,-0.41));
#12068=CARTESIAN_POINT('',(-4.93,2.83,-0.41));
#12069=CARTESIAN_POINT('',(6.305,2.83,-0.41));
#12070=CARTESIAN_POINT('',(-4.93,2.83,-0.411));
#12071=CARTESIAN_POINT('',(-4.93,2.83,-0.41));
#12072=CARTESIAN_POINT('',(6.305,2.83,-0.411));
#12073=CARTESIAN_POINT('Origin',(-4.93,1.95,-0.41));
#12074=CARTESIAN_POINT('',(-4.93,2.95,-0.41));
#12075=CARTESIAN_POINT('',(-4.93,2.95,-0.411));
#12076=CARTESIAN_POINT('Origin',(-5.5575,2.39,-0.411));
#12077=CARTESIAN_POINT('Origin',(-5.5575,2.39,-0.41));
#12078=CARTESIAN_POINT('Origin',(6.185,1.95,-0.41));
#12079=CARTESIAN_POINT('',(4.93,1.95,-0.41));
#12080=CARTESIAN_POINT('',(6.185,1.95,-0.41));
#12081=CARTESIAN_POINT('',(-6.305,1.95,-0.41));
#12082=CARTESIAN_POINT('',(4.93,1.95,-0.411));
#12083=CARTESIAN_POINT('',(4.93,1.95,-0.41));
#12084=CARTESIAN_POINT('',(6.185,1.95,-0.411));
#12085=CARTESIAN_POINT('',(-6.305,1.95,-0.411));
#12086=CARTESIAN_POINT('',(6.185,1.95,-0.41));
#12087=CARTESIAN_POINT('Origin',(6.185,2.83,-0.41));
#12088=CARTESIAN_POINT('',(6.185,2.83,-0.41));
#12089=CARTESIAN_POINT('',(6.185,2.95,-0.41));
#12090=CARTESIAN_POINT('',(6.185,2.83,-0.411));
#12091=CARTESIAN_POINT('',(6.185,2.95,-0.411));
#12092=CARTESIAN_POINT('',(6.185,2.83,-0.41));
#12093=CARTESIAN_POINT('Origin',(4.93,2.83,-0.41));
#12094=CARTESIAN_POINT('',(4.93,2.83,-0.41));
#12095=CARTESIAN_POINT('',(-6.305,2.83,-0.41));
#12096=CARTESIAN_POINT('',(4.93,2.83,-0.411));
#12097=CARTESIAN_POINT('',(-6.305,2.83,-0.411));
#12098=CARTESIAN_POINT('',(4.93,2.83,-0.41));
#12099=CARTESIAN_POINT('Origin',(4.93,1.95,-0.41));
#12100=CARTESIAN_POINT('',(4.93,2.95,-0.41));
#12101=CARTESIAN_POINT('',(4.93,2.95,-0.411));
#12102=CARTESIAN_POINT('Origin',(5.5575,2.39,-0.411));
#12103=CARTESIAN_POINT('Origin',(5.5575,2.39,-0.41));
#12104=CARTESIAN_POINT('Origin',(3.975,-1.95,-0.41));
#12105=CARTESIAN_POINT('',(4.575,-1.95,-0.41));
#12106=CARTESIAN_POINT('',(3.975,-1.95,-0.41));
#12107=CARTESIAN_POINT('',(11.055,-1.95,-0.41));
#12108=CARTESIAN_POINT('',(4.575,-1.95,-0.411));
#12109=CARTESIAN_POINT('',(4.575,-1.95,-0.41));
#12110=CARTESIAN_POINT('',(3.975,-1.95,-0.411));
#12111=CARTESIAN_POINT('',(11.055,-1.95,-0.411));
#12112=CARTESIAN_POINT('',(3.975,-1.95,-0.41));
#12113=CARTESIAN_POINT('Origin',(3.975,-2.83,-0.41));
#12114=CARTESIAN_POINT('',(3.975,-2.83,-0.41));
#12115=CARTESIAN_POINT('',(3.975,-3.36970192932274,-0.41));
#12116=CARTESIAN_POINT('',(3.975,-2.83,-0.411));
#12117=CARTESIAN_POINT('',(3.975,-3.36970192932274,-0.411));
#12118=CARTESIAN_POINT('',(3.975,-2.83,-0.41));
#12119=CARTESIAN_POINT('Origin',(4.575,-2.83,-0.41));
#12120=CARTESIAN_POINT('',(4.575,-2.83,-0.41));
#12121=CARTESIAN_POINT('',(11.055,-2.83,-0.41));
#12122=CARTESIAN_POINT('',(4.575,-2.83,-0.411));
#12123=CARTESIAN_POINT('',(11.055,-2.83,-0.411));
#12124=CARTESIAN_POINT('',(4.575,-2.83,-0.41));
#12125=CARTESIAN_POINT('Origin',(4.575,-1.95,-0.41));
#12126=CARTESIAN_POINT('',(4.575,-1.54824142698612,-0.41));
#12127=CARTESIAN_POINT('',(4.575,-1.54824142698612,-0.411));
#12128=CARTESIAN_POINT('Origin',(4.275,-2.39,-0.411));
#12129=CARTESIAN_POINT('Origin',(4.275,-2.39,-0.41));
#12130=CARTESIAN_POINT('Origin',(3.025,-1.95,-0.41));
#12131=CARTESIAN_POINT('',(3.625,-1.95,-0.41));
#12132=CARTESIAN_POINT('',(3.025,-1.95,-0.41));
#12133=CARTESIAN_POINT('',(10.105,-1.95,-0.41));
#12134=CARTESIAN_POINT('',(3.625,-1.95,-0.411));
#12135=CARTESIAN_POINT('',(3.625,-1.95,-0.41));
#12136=CARTESIAN_POINT('',(3.025,-1.95,-0.411));
#12137=CARTESIAN_POINT('',(10.105,-1.95,-0.411));
#12138=CARTESIAN_POINT('',(3.025,-1.95,-0.41));
#12139=CARTESIAN_POINT('Origin',(3.025,-2.83,-0.41));
#12140=CARTESIAN_POINT('',(3.025,-2.83,-0.41));
#12141=CARTESIAN_POINT('',(3.025,-3.36970192932274,-0.41));
#12142=CARTESIAN_POINT('',(3.025,-2.83,-0.411));
#12143=CARTESIAN_POINT('',(3.025,-3.36970192932274,-0.411));
#12144=CARTESIAN_POINT('',(3.025,-2.83,-0.41));
#12145=CARTESIAN_POINT('Origin',(3.625,-2.83,-0.41));
#12146=CARTESIAN_POINT('',(3.625,-2.83,-0.41));
#12147=CARTESIAN_POINT('',(10.105,-2.83,-0.41));
#12148=CARTESIAN_POINT('',(3.625,-2.83,-0.411));
#12149=CARTESIAN_POINT('',(10.105,-2.83,-0.411));
#12150=CARTESIAN_POINT('',(3.625,-2.83,-0.41));
#12151=CARTESIAN_POINT('Origin',(3.625,-1.95,-0.41));
#12152=CARTESIAN_POINT('',(3.625,-1.54824142698612,-0.41));
#12153=CARTESIAN_POINT('',(3.625,-1.54824142698612,-0.411));
#12154=CARTESIAN_POINT('Origin',(3.325,-2.39,-0.411));
#12155=CARTESIAN_POINT('Origin',(3.325,-2.39,-0.41));
#12156=CARTESIAN_POINT('Origin',(2.075,-1.95,-0.41));
#12157=CARTESIAN_POINT('',(2.675,-1.95,-0.41));
#12158=CARTESIAN_POINT('',(2.075,-1.95,-0.41));
#12159=CARTESIAN_POINT('',(9.155,-1.95,-0.41));
#12160=CARTESIAN_POINT('',(2.675,-1.95,-0.411));
#12161=CARTESIAN_POINT('',(2.675,-1.95,-0.41));
#12162=CARTESIAN_POINT('',(2.075,-1.95,-0.411));
#12163=CARTESIAN_POINT('',(9.155,-1.95,-0.411));
#12164=CARTESIAN_POINT('',(2.075,-1.95,-0.41));
#12165=CARTESIAN_POINT('Origin',(2.075,-2.83,-0.41));
#12166=CARTESIAN_POINT('',(2.075,-2.83,-0.41));
#12167=CARTESIAN_POINT('',(2.075,-3.36970192932274,-0.41));
#12168=CARTESIAN_POINT('',(2.075,-2.83,-0.411));
#12169=CARTESIAN_POINT('',(2.075,-3.36970192932274,-0.411));
#12170=CARTESIAN_POINT('',(2.075,-2.83,-0.41));
#12171=CARTESIAN_POINT('Origin',(2.675,-2.83,-0.41));
#12172=CARTESIAN_POINT('',(2.675,-2.83,-0.41));
#12173=CARTESIAN_POINT('',(9.155,-2.83,-0.41));
#12174=CARTESIAN_POINT('',(2.675,-2.83,-0.411));
#12175=CARTESIAN_POINT('',(9.155,-2.83,-0.411));
#12176=CARTESIAN_POINT('',(2.675,-2.83,-0.41));
#12177=CARTESIAN_POINT('Origin',(2.675,-1.95,-0.41));
#12178=CARTESIAN_POINT('',(2.675,-1.54824142698612,-0.41));
#12179=CARTESIAN_POINT('',(2.675,-1.54824142698612,-0.411));
#12180=CARTESIAN_POINT('Origin',(2.375,-2.39,-0.411));
#12181=CARTESIAN_POINT('Origin',(2.375,-2.39,-0.41));
#12182=CARTESIAN_POINT('Origin',(1.125,-1.95,-0.41));
#12183=CARTESIAN_POINT('',(1.725,-1.95,-0.41));
#12184=CARTESIAN_POINT('',(1.125,-1.95,-0.41));
#12185=CARTESIAN_POINT('',(8.205,-1.95,-0.41));
#12186=CARTESIAN_POINT('',(1.725,-1.95,-0.411));
#12187=CARTESIAN_POINT('',(1.725,-1.95,-0.41));
#12188=CARTESIAN_POINT('',(1.125,-1.95,-0.411));
#12189=CARTESIAN_POINT('',(8.205,-1.95,-0.411));
#12190=CARTESIAN_POINT('',(1.125,-1.95,-0.41));
#12191=CARTESIAN_POINT('Origin',(1.125,-2.83,-0.41));
#12192=CARTESIAN_POINT('',(1.125,-2.83,-0.41));
#12193=CARTESIAN_POINT('',(1.125,-3.36970192932274,-0.41));
#12194=CARTESIAN_POINT('',(1.125,-2.83,-0.411));
#12195=CARTESIAN_POINT('',(1.125,-3.36970192932274,-0.411));
#12196=CARTESIAN_POINT('',(1.125,-2.83,-0.41));
#12197=CARTESIAN_POINT('Origin',(1.725,-2.83,-0.41));
#12198=CARTESIAN_POINT('',(1.725,-2.83,-0.41));
#12199=CARTESIAN_POINT('',(8.205,-2.83,-0.41));
#12200=CARTESIAN_POINT('',(1.725,-2.83,-0.411));
#12201=CARTESIAN_POINT('',(8.205,-2.83,-0.411));
#12202=CARTESIAN_POINT('',(1.725,-2.83,-0.41));
#12203=CARTESIAN_POINT('Origin',(1.725,-1.95,-0.41));
#12204=CARTESIAN_POINT('',(1.725,-1.54824142698612,-0.41));
#12205=CARTESIAN_POINT('',(1.725,-1.54824142698612,-0.411));
#12206=CARTESIAN_POINT('Origin',(1.425,-2.39,-0.411));
#12207=CARTESIAN_POINT('Origin',(1.425,-2.39,-0.41));
#12208=CARTESIAN_POINT('Origin',(0.175000000000001,-1.95,-0.41));
#12209=CARTESIAN_POINT('',(0.775000000000001,-1.95,-0.41));
#12210=CARTESIAN_POINT('',(0.175000000000001,-1.95,-0.41));
#12211=CARTESIAN_POINT('',(7.255,-1.95,-0.41));
#12212=CARTESIAN_POINT('',(0.775000000000001,-1.95,-0.411));
#12213=CARTESIAN_POINT('',(0.775000000000001,-1.95,-0.41));
#12214=CARTESIAN_POINT('',(0.175000000000001,-1.95,-0.411));
#12215=CARTESIAN_POINT('',(7.255,-1.95,-0.411));
#12216=CARTESIAN_POINT('',(0.175000000000001,-1.95,-0.41));
#12217=CARTESIAN_POINT('Origin',(0.175000000000001,-2.83,-0.41));
#12218=CARTESIAN_POINT('',(0.175000000000001,-2.83,-0.41));
#12219=CARTESIAN_POINT('',(0.175000000000001,-3.36970192932274,-0.41));
#12220=CARTESIAN_POINT('',(0.175000000000001,-2.83,-0.411));
#12221=CARTESIAN_POINT('',(0.175000000000001,-3.36970192932274,-0.411));
#12222=CARTESIAN_POINT('',(0.175000000000001,-2.83,-0.41));
#12223=CARTESIAN_POINT('Origin',(0.775000000000001,-2.83,-0.41));
#12224=CARTESIAN_POINT('',(0.775000000000001,-2.83,-0.41));
#12225=CARTESIAN_POINT('',(7.255,-2.83,-0.41));
#12226=CARTESIAN_POINT('',(0.775000000000001,-2.83,-0.411));
#12227=CARTESIAN_POINT('',(7.255,-2.83,-0.411));
#12228=CARTESIAN_POINT('',(0.775000000000001,-2.83,-0.41));
#12229=CARTESIAN_POINT('Origin',(0.775000000000001,-1.95,-0.41));
#12230=CARTESIAN_POINT('',(0.775000000000001,-1.54824142698612,-0.41));
#12231=CARTESIAN_POINT('',(0.775000000000001,-1.54824142698612,-0.411));
#12232=CARTESIAN_POINT('Origin',(0.475000000000001,-2.39,-0.411));
#12233=CARTESIAN_POINT('Origin',(0.475000000000001,-2.39,-0.41));
#12234=CARTESIAN_POINT('Origin',(-1.725,-1.95,-0.41));
#12235=CARTESIAN_POINT('',(-1.125,-1.95,-0.41));
#12236=CARTESIAN_POINT('',(-1.725,-1.95,-0.41));
#12237=CARTESIAN_POINT('',(5.355,-1.95,-0.41));
#12238=CARTESIAN_POINT('',(-1.125,-1.95,-0.411));
#12239=CARTESIAN_POINT('',(-1.125,-1.95,-0.41));
#12240=CARTESIAN_POINT('',(-1.725,-1.95,-0.411));
#12241=CARTESIAN_POINT('',(5.355,-1.95,-0.411));
#12242=CARTESIAN_POINT('',(-1.725,-1.95,-0.41));
#12243=CARTESIAN_POINT('Origin',(-1.725,-2.83,-0.41));
#12244=CARTESIAN_POINT('',(-1.725,-2.83,-0.41));
#12245=CARTESIAN_POINT('',(-1.725,-3.36970192932274,-0.41));
#12246=CARTESIAN_POINT('',(-1.725,-2.83,-0.411));
#12247=CARTESIAN_POINT('',(-1.725,-3.36970192932274,-0.411));
#12248=CARTESIAN_POINT('',(-1.725,-2.83,-0.41));
#12249=CARTESIAN_POINT('Origin',(-1.125,-2.83,-0.41));
#12250=CARTESIAN_POINT('',(-1.125,-2.83,-0.41));
#12251=CARTESIAN_POINT('',(5.355,-2.83,-0.41));
#12252=CARTESIAN_POINT('',(-1.125,-2.83,-0.411));
#12253=CARTESIAN_POINT('',(5.355,-2.83,-0.411));
#12254=CARTESIAN_POINT('',(-1.125,-2.83,-0.41));
#12255=CARTESIAN_POINT('Origin',(-1.125,-1.95,-0.41));
#12256=CARTESIAN_POINT('',(-1.125,-1.54824142698612,-0.41));
#12257=CARTESIAN_POINT('',(-1.125,-1.54824142698612,-0.411));
#12258=CARTESIAN_POINT('Origin',(-1.425,-2.39,-0.411));
#12259=CARTESIAN_POINT('Origin',(-1.425,-2.39,-0.41));
#12260=CARTESIAN_POINT('Origin',(-2.675,-1.95,-0.41));
#12261=CARTESIAN_POINT('',(-2.075,-1.95,-0.41));
#12262=CARTESIAN_POINT('',(-2.675,-1.95,-0.41));
#12263=CARTESIAN_POINT('',(4.405,-1.95,-0.41));
#12264=CARTESIAN_POINT('',(-2.075,-1.95,-0.411));
#12265=CARTESIAN_POINT('',(-2.075,-1.95,-0.41));
#12266=CARTESIAN_POINT('',(-2.675,-1.95,-0.411));
#12267=CARTESIAN_POINT('',(4.405,-1.95,-0.411));
#12268=CARTESIAN_POINT('',(-2.675,-1.95,-0.41));
#12269=CARTESIAN_POINT('Origin',(-2.675,-2.83,-0.41));
#12270=CARTESIAN_POINT('',(-2.675,-2.83,-0.41));
#12271=CARTESIAN_POINT('',(-2.675,-3.36970192932274,-0.41));
#12272=CARTESIAN_POINT('',(-2.675,-2.83,-0.411));
#12273=CARTESIAN_POINT('',(-2.675,-3.36970192932274,-0.411));
#12274=CARTESIAN_POINT('',(-2.675,-2.83,-0.41));
#12275=CARTESIAN_POINT('Origin',(-2.075,-2.83,-0.41));
#12276=CARTESIAN_POINT('',(-2.075,-2.83,-0.41));
#12277=CARTESIAN_POINT('',(4.405,-2.83,-0.41));
#12278=CARTESIAN_POINT('',(-2.075,-2.83,-0.411));
#12279=CARTESIAN_POINT('',(4.405,-2.83,-0.411));
#12280=CARTESIAN_POINT('',(-2.075,-2.83,-0.41));
#12281=CARTESIAN_POINT('Origin',(-2.075,-1.95,-0.41));
#12282=CARTESIAN_POINT('',(-2.075,-1.54824142698612,-0.41));
#12283=CARTESIAN_POINT('',(-2.075,-1.54824142698612,-0.411));
#12284=CARTESIAN_POINT('Origin',(-2.375,-2.39,-0.411));
#12285=CARTESIAN_POINT('Origin',(-2.375,-2.39,-0.41));
#12286=CARTESIAN_POINT('Origin',(-3.625,-1.95,-0.41));
#12287=CARTESIAN_POINT('',(-3.025,-1.95,-0.41));
#12288=CARTESIAN_POINT('',(-3.625,-1.95,-0.41));
#12289=CARTESIAN_POINT('',(3.455,-1.95,-0.41));
#12290=CARTESIAN_POINT('',(-3.025,-1.95,-0.411));
#12291=CARTESIAN_POINT('',(-3.025,-1.95,-0.41));
#12292=CARTESIAN_POINT('',(-3.625,-1.95,-0.411));
#12293=CARTESIAN_POINT('',(3.455,-1.95,-0.411));
#12294=CARTESIAN_POINT('',(-3.625,-1.95,-0.41));
#12295=CARTESIAN_POINT('Origin',(-3.625,-2.83,-0.41));
#12296=CARTESIAN_POINT('',(-3.625,-2.83,-0.41));
#12297=CARTESIAN_POINT('',(-3.625,-3.36970192932274,-0.41));
#12298=CARTESIAN_POINT('',(-3.625,-2.83,-0.411));
#12299=CARTESIAN_POINT('',(-3.625,-3.36970192932274,-0.411));
#12300=CARTESIAN_POINT('',(-3.625,-2.83,-0.41));
#12301=CARTESIAN_POINT('Origin',(-3.025,-2.83,-0.41));
#12302=CARTESIAN_POINT('',(-3.025,-2.83,-0.41));
#12303=CARTESIAN_POINT('',(3.455,-2.83,-0.41));
#12304=CARTESIAN_POINT('',(-3.025,-2.83,-0.411));
#12305=CARTESIAN_POINT('',(3.455,-2.83,-0.411));
#12306=CARTESIAN_POINT('',(-3.025,-2.83,-0.41));
#12307=CARTESIAN_POINT('Origin',(-3.025,-1.95,-0.41));
#12308=CARTESIAN_POINT('',(-3.025,-1.54824142698612,-0.41));
#12309=CARTESIAN_POINT('',(-3.025,-1.54824142698612,-0.411));
#12310=CARTESIAN_POINT('Origin',(-3.325,-2.39,-0.411));
#12311=CARTESIAN_POINT('Origin',(-3.325,-2.39,-0.41));
#12312=CARTESIAN_POINT('Origin',(-4.575,-1.95,-0.41));
#12313=CARTESIAN_POINT('',(-3.975,-1.95,-0.41));
#12314=CARTESIAN_POINT('',(-4.575,-1.95,-0.41));
#12315=CARTESIAN_POINT('',(2.505,-1.95,-0.41));
#12316=CARTESIAN_POINT('',(-3.975,-1.95,-0.411));
#12317=CARTESIAN_POINT('',(-3.975,-1.95,-0.41));
#12318=CARTESIAN_POINT('',(-4.575,-1.95,-0.411));
#12319=CARTESIAN_POINT('',(2.505,-1.95,-0.411));
#12320=CARTESIAN_POINT('',(-4.575,-1.95,-0.41));
#12321=CARTESIAN_POINT('Origin',(-4.575,-2.83,-0.41));
#12322=CARTESIAN_POINT('',(-4.575,-2.83,-0.41));
#12323=CARTESIAN_POINT('',(-4.575,-3.36970192932274,-0.41));
#12324=CARTESIAN_POINT('',(-4.575,-2.83,-0.411));
#12325=CARTESIAN_POINT('',(-4.575,-3.36970192932274,-0.411));
#12326=CARTESIAN_POINT('',(-4.575,-2.83,-0.41));
#12327=CARTESIAN_POINT('Origin',(-3.975,-2.83,-0.41));
#12328=CARTESIAN_POINT('',(-3.975,-2.83,-0.41));
#12329=CARTESIAN_POINT('',(2.505,-2.83,-0.41));
#12330=CARTESIAN_POINT('',(-3.975,-2.83,-0.411));
#12331=CARTESIAN_POINT('',(2.505,-2.83,-0.411));
#12332=CARTESIAN_POINT('',(-3.975,-2.83,-0.41));
#12333=CARTESIAN_POINT('Origin',(-3.975,-1.95,-0.41));
#12334=CARTESIAN_POINT('',(-3.975,-1.54824142698612,-0.41));
#12335=CARTESIAN_POINT('',(-3.975,-1.54824142698612,-0.411));
#12336=CARTESIAN_POINT('Origin',(-4.275,-2.39,-0.411));
#12337=CARTESIAN_POINT('Origin',(-4.275,-2.39,-0.41));
#12338=CARTESIAN_POINT('Origin',(-0.774999999999999,1.95,-0.41));
#12339=CARTESIAN_POINT('',(-0.174999999999999,1.95,-0.41));
#12340=CARTESIAN_POINT('',(-0.774999999999999,1.95,-0.41));
#12341=CARTESIAN_POINT('',(6.305,1.95,-0.41));
#12342=CARTESIAN_POINT('',(-0.774999999999999,1.95,-0.411));
#12343=CARTESIAN_POINT('',(-0.774999999999999,1.95,-0.41));
#12344=CARTESIAN_POINT('',(-0.174999999999999,1.95,-0.411));
#12345=CARTESIAN_POINT('',(6.305,1.95,-0.411));
#12346=CARTESIAN_POINT('',(-0.174999999999999,1.95,-0.41));
#12347=CARTESIAN_POINT('Origin',(-0.774999999999999,2.83,-0.41));
#12348=CARTESIAN_POINT('',(-0.774999999999999,2.83,-0.41));
#12349=CARTESIAN_POINT('',(-0.774999999999999,3.36970192932274,-0.41));
#12350=CARTESIAN_POINT('',(-0.774999999999999,2.83,-0.411));
#12351=CARTESIAN_POINT('',(-0.774999999999999,2.83,-0.41));
#12352=CARTESIAN_POINT('',(-0.774999999999999,3.36970192932274,-0.411));
#12353=CARTESIAN_POINT('Origin',(-0.175,2.83,-0.41));
#12354=CARTESIAN_POINT('',(-0.174999999999999,2.83,-0.41));
#12355=CARTESIAN_POINT('',(6.305,2.83,-0.41));
#12356=CARTESIAN_POINT('',(-0.174999999999999,2.83,-0.411));
#12357=CARTESIAN_POINT('',(-0.174999999999999,2.83,-0.41));
#12358=CARTESIAN_POINT('',(6.305,2.83,-0.411));
#12359=CARTESIAN_POINT('Origin',(-0.174999999999999,1.95,-0.41));
#12360=CARTESIAN_POINT('',(-0.174999999999999,1.54824142698612,-0.41));
#12361=CARTESIAN_POINT('',(-0.174999999999999,1.54824142698612,-0.411));
#12362=CARTESIAN_POINT('Origin',(-0.474999999999999,2.39,-0.411));
#12363=CARTESIAN_POINT('Origin',(-0.474999999999999,2.39,-0.41));
#12364=CARTESIAN_POINT('Origin',(3.975,1.95,-0.41));
#12365=CARTESIAN_POINT('',(4.575,1.95,-0.41));
#12366=CARTESIAN_POINT('',(3.975,1.95,-0.41));
#12367=CARTESIAN_POINT('',(11.055,1.95,-0.41));
#12368=CARTESIAN_POINT('',(3.975,1.95,-0.411));
#12369=CARTESIAN_POINT('',(3.975,1.95,-0.41));
#12370=CARTESIAN_POINT('',(4.575,1.95,-0.411));
#12371=CARTESIAN_POINT('',(11.055,1.95,-0.411));
#12372=CARTESIAN_POINT('',(4.575,1.95,-0.41));
#12373=CARTESIAN_POINT('Origin',(3.975,2.83,-0.41));
#12374=CARTESIAN_POINT('',(3.975,2.83,-0.41));
#12375=CARTESIAN_POINT('',(3.975,3.36970192932274,-0.41));
#12376=CARTESIAN_POINT('',(3.975,2.83,-0.411));
#12377=CARTESIAN_POINT('',(3.975,2.83,-0.41));
#12378=CARTESIAN_POINT('',(3.975,3.36970192932274,-0.411));
#12379=CARTESIAN_POINT('Origin',(4.575,2.83,-0.41));
#12380=CARTESIAN_POINT('',(4.575,2.83,-0.41));
#12381=CARTESIAN_POINT('',(11.055,2.83,-0.41));
#12382=CARTESIAN_POINT('',(4.575,2.83,-0.411));
#12383=CARTESIAN_POINT('',(4.575,2.83,-0.41));
#12384=CARTESIAN_POINT('',(11.055,2.83,-0.411));
#12385=CARTESIAN_POINT('Origin',(4.575,1.95,-0.41));
#12386=CARTESIAN_POINT('',(4.575,1.54824142698612,-0.41));
#12387=CARTESIAN_POINT('',(4.575,1.54824142698612,-0.411));
#12388=CARTESIAN_POINT('Origin',(4.275,2.39,-0.411));
#12389=CARTESIAN_POINT('Origin',(4.275,2.39,-0.41));
#12390=CARTESIAN_POINT('Origin',(3.025,1.95,-0.41));
#12391=CARTESIAN_POINT('',(3.625,1.95,-0.41));
#12392=CARTESIAN_POINT('',(3.025,1.95,-0.41));
#12393=CARTESIAN_POINT('',(10.105,1.95,-0.41));
#12394=CARTESIAN_POINT('',(3.025,1.95,-0.411));
#12395=CARTESIAN_POINT('',(3.025,1.95,-0.41));
#12396=CARTESIAN_POINT('',(3.625,1.95,-0.411));
#12397=CARTESIAN_POINT('',(10.105,1.95,-0.411));
#12398=CARTESIAN_POINT('',(3.625,1.95,-0.41));
#12399=CARTESIAN_POINT('Origin',(3.025,2.83,-0.41));
#12400=CARTESIAN_POINT('',(3.025,2.83,-0.41));
#12401=CARTESIAN_POINT('',(3.025,3.36970192932274,-0.41));
#12402=CARTESIAN_POINT('',(3.025,2.83,-0.411));
#12403=CARTESIAN_POINT('',(3.025,2.83,-0.41));
#12404=CARTESIAN_POINT('',(3.025,3.36970192932274,-0.411));
#12405=CARTESIAN_POINT('Origin',(3.625,2.83,-0.41));
#12406=CARTESIAN_POINT('',(3.625,2.83,-0.41));
#12407=CARTESIAN_POINT('',(10.105,2.83,-0.41));
#12408=CARTESIAN_POINT('',(3.625,2.83,-0.411));
#12409=CARTESIAN_POINT('',(3.625,2.83,-0.41));
#12410=CARTESIAN_POINT('',(10.105,2.83,-0.411));
#12411=CARTESIAN_POINT('Origin',(3.625,1.95,-0.41));
#12412=CARTESIAN_POINT('',(3.625,1.54824142698612,-0.41));
#12413=CARTESIAN_POINT('',(3.625,1.54824142698612,-0.411));
#12414=CARTESIAN_POINT('Origin',(3.325,2.39,-0.411));
#12415=CARTESIAN_POINT('Origin',(3.325,2.39,-0.41));
#12416=CARTESIAN_POINT('Origin',(2.075,1.95,-0.41));
#12417=CARTESIAN_POINT('',(2.675,1.95,-0.41));
#12418=CARTESIAN_POINT('',(2.075,1.95,-0.41));
#12419=CARTESIAN_POINT('',(9.155,1.95,-0.41));
#12420=CARTESIAN_POINT('',(2.075,1.95,-0.411));
#12421=CARTESIAN_POINT('',(2.075,1.95,-0.41));
#12422=CARTESIAN_POINT('',(2.675,1.95,-0.411));
#12423=CARTESIAN_POINT('',(9.155,1.95,-0.411));
#12424=CARTESIAN_POINT('',(2.675,1.95,-0.41));
#12425=CARTESIAN_POINT('Origin',(2.075,2.83,-0.41));
#12426=CARTESIAN_POINT('',(2.075,2.83,-0.41));
#12427=CARTESIAN_POINT('',(2.075,3.36970192932274,-0.41));
#12428=CARTESIAN_POINT('',(2.075,2.83,-0.411));
#12429=CARTESIAN_POINT('',(2.075,2.83,-0.41));
#12430=CARTESIAN_POINT('',(2.075,3.36970192932274,-0.411));
#12431=CARTESIAN_POINT('Origin',(2.675,2.83,-0.41));
#12432=CARTESIAN_POINT('',(2.675,2.83,-0.41));
#12433=CARTESIAN_POINT('',(9.155,2.83,-0.41));
#12434=CARTESIAN_POINT('',(2.675,2.83,-0.411));
#12435=CARTESIAN_POINT('',(2.675,2.83,-0.41));
#12436=CARTESIAN_POINT('',(9.155,2.83,-0.411));
#12437=CARTESIAN_POINT('Origin',(2.675,1.95,-0.41));
#12438=CARTESIAN_POINT('',(2.675,1.54824142698612,-0.41));
#12439=CARTESIAN_POINT('',(2.675,1.54824142698612,-0.411));
#12440=CARTESIAN_POINT('Origin',(2.375,2.39,-0.411));
#12441=CARTESIAN_POINT('Origin',(2.375,2.39,-0.41));
#12442=CARTESIAN_POINT('Origin',(1.125,1.95,-0.41));
#12443=CARTESIAN_POINT('',(1.725,1.95,-0.41));
#12444=CARTESIAN_POINT('',(1.125,1.95,-0.41));
#12445=CARTESIAN_POINT('',(8.205,1.95,-0.41));
#12446=CARTESIAN_POINT('',(1.125,1.95,-0.411));
#12447=CARTESIAN_POINT('',(1.125,1.95,-0.41));
#12448=CARTESIAN_POINT('',(1.725,1.95,-0.411));
#12449=CARTESIAN_POINT('',(8.205,1.95,-0.411));
#12450=CARTESIAN_POINT('',(1.725,1.95,-0.41));
#12451=CARTESIAN_POINT('Origin',(1.125,2.83,-0.41));
#12452=CARTESIAN_POINT('',(1.125,2.83,-0.41));
#12453=CARTESIAN_POINT('',(1.125,3.36970192932274,-0.41));
#12454=CARTESIAN_POINT('',(1.125,2.83,-0.411));
#12455=CARTESIAN_POINT('',(1.125,2.83,-0.41));
#12456=CARTESIAN_POINT('',(1.125,3.36970192932274,-0.411));
#12457=CARTESIAN_POINT('Origin',(1.725,2.83,-0.41));
#12458=CARTESIAN_POINT('',(1.725,2.83,-0.41));
#12459=CARTESIAN_POINT('',(8.205,2.83,-0.41));
#12460=CARTESIAN_POINT('',(1.725,2.83,-0.411));
#12461=CARTESIAN_POINT('',(1.725,2.83,-0.41));
#12462=CARTESIAN_POINT('',(8.205,2.83,-0.411));
#12463=CARTESIAN_POINT('Origin',(1.725,1.95,-0.41));
#12464=CARTESIAN_POINT('',(1.725,1.54824142698612,-0.41));
#12465=CARTESIAN_POINT('',(1.725,1.54824142698612,-0.411));
#12466=CARTESIAN_POINT('Origin',(1.425,2.39,-0.411));
#12467=CARTESIAN_POINT('Origin',(1.425,2.39,-0.41));
#12468=CARTESIAN_POINT('Origin',(0.175000000000001,1.95,-0.41));
#12469=CARTESIAN_POINT('',(0.775000000000001,1.95,-0.41));
#12470=CARTESIAN_POINT('',(0.175000000000001,1.95,-0.41));
#12471=CARTESIAN_POINT('',(7.255,1.95,-0.41));
#12472=CARTESIAN_POINT('',(0.175000000000001,1.95,-0.411));
#12473=CARTESIAN_POINT('',(0.175000000000001,1.95,-0.41));
#12474=CARTESIAN_POINT('',(0.775000000000001,1.95,-0.411));
#12475=CARTESIAN_POINT('',(7.255,1.95,-0.411));
#12476=CARTESIAN_POINT('',(0.775000000000001,1.95,-0.41));
#12477=CARTESIAN_POINT('Origin',(0.175000000000001,2.83,-0.41));
#12478=CARTESIAN_POINT('',(0.175000000000001,2.83,-0.41));
#12479=CARTESIAN_POINT('',(0.175000000000001,3.36970192932274,-0.41));
#12480=CARTESIAN_POINT('',(0.175000000000001,2.83,-0.411));
#12481=CARTESIAN_POINT('',(0.175000000000001,2.83,-0.41));
#12482=CARTESIAN_POINT('',(0.175000000000001,3.36970192932274,-0.411));
#12483=CARTESIAN_POINT('Origin',(0.775000000000001,2.83,-0.41));
#12484=CARTESIAN_POINT('',(0.775000000000001,2.83,-0.41));
#12485=CARTESIAN_POINT('',(7.255,2.83,-0.41));
#12486=CARTESIAN_POINT('',(0.775000000000001,2.83,-0.411));
#12487=CARTESIAN_POINT('',(0.775000000000001,2.83,-0.41));
#12488=CARTESIAN_POINT('',(7.255,2.83,-0.411));
#12489=CARTESIAN_POINT('Origin',(0.775000000000001,1.95,-0.41));
#12490=CARTESIAN_POINT('',(0.775000000000001,1.54824142698612,-0.41));
#12491=CARTESIAN_POINT('',(0.775000000000001,1.54824142698612,-0.411));
#12492=CARTESIAN_POINT('Origin',(0.475000000000001,2.39,-0.411));
#12493=CARTESIAN_POINT('Origin',(0.475000000000001,2.39,-0.41));
#12494=CARTESIAN_POINT('Origin',(-1.725,1.95,-0.41));
#12495=CARTESIAN_POINT('',(-1.125,1.95,-0.41));
#12496=CARTESIAN_POINT('',(-1.725,1.95,-0.41));
#12497=CARTESIAN_POINT('',(5.355,1.95,-0.41));
#12498=CARTESIAN_POINT('',(-1.725,1.95,-0.411));
#12499=CARTESIAN_POINT('',(-1.725,1.95,-0.41));
#12500=CARTESIAN_POINT('',(-1.125,1.95,-0.411));
#12501=CARTESIAN_POINT('',(5.355,1.95,-0.411));
#12502=CARTESIAN_POINT('',(-1.125,1.95,-0.41));
#12503=CARTESIAN_POINT('Origin',(-1.725,2.83,-0.41));
#12504=CARTESIAN_POINT('',(-1.725,2.83,-0.41));
#12505=CARTESIAN_POINT('',(-1.725,3.36970192932274,-0.41));
#12506=CARTESIAN_POINT('',(-1.725,2.83,-0.411));
#12507=CARTESIAN_POINT('',(-1.725,2.83,-0.41));
#12508=CARTESIAN_POINT('',(-1.725,3.36970192932274,-0.411));
#12509=CARTESIAN_POINT('Origin',(-1.125,2.83,-0.41));
#12510=CARTESIAN_POINT('',(-1.125,2.83,-0.41));
#12511=CARTESIAN_POINT('',(5.355,2.83,-0.41));
#12512=CARTESIAN_POINT('',(-1.125,2.83,-0.411));
#12513=CARTESIAN_POINT('',(-1.125,2.83,-0.41));
#12514=CARTESIAN_POINT('',(5.355,2.83,-0.411));
#12515=CARTESIAN_POINT('Origin',(-1.125,1.95,-0.41));
#12516=CARTESIAN_POINT('',(-1.125,1.54824142698612,-0.41));
#12517=CARTESIAN_POINT('',(-1.125,1.54824142698612,-0.411));
#12518=CARTESIAN_POINT('Origin',(-1.425,2.39,-0.411));
#12519=CARTESIAN_POINT('Origin',(-1.425,2.39,-0.41));
#12520=CARTESIAN_POINT('Origin',(-2.675,1.95,-0.41));
#12521=CARTESIAN_POINT('',(-2.075,1.95,-0.41));
#12522=CARTESIAN_POINT('',(-2.675,1.95,-0.41));
#12523=CARTESIAN_POINT('',(4.405,1.95,-0.41));
#12524=CARTESIAN_POINT('',(-2.675,1.95,-0.411));
#12525=CARTESIAN_POINT('',(-2.675,1.95,-0.41));
#12526=CARTESIAN_POINT('',(-2.075,1.95,-0.411));
#12527=CARTESIAN_POINT('',(4.405,1.95,-0.411));
#12528=CARTESIAN_POINT('',(-2.075,1.95,-0.41));
#12529=CARTESIAN_POINT('Origin',(-2.675,2.83,-0.41));
#12530=CARTESIAN_POINT('',(-2.675,2.83,-0.41));
#12531=CARTESIAN_POINT('',(-2.675,3.36970192932274,-0.41));
#12532=CARTESIAN_POINT('',(-2.675,2.83,-0.411));
#12533=CARTESIAN_POINT('',(-2.675,2.83,-0.41));
#12534=CARTESIAN_POINT('',(-2.675,3.36970192932274,-0.411));
#12535=CARTESIAN_POINT('Origin',(-2.075,2.83,-0.41));
#12536=CARTESIAN_POINT('',(-2.075,2.83,-0.41));
#12537=CARTESIAN_POINT('',(4.405,2.83,-0.41));
#12538=CARTESIAN_POINT('',(-2.075,2.83,-0.411));
#12539=CARTESIAN_POINT('',(-2.075,2.83,-0.41));
#12540=CARTESIAN_POINT('',(4.405,2.83,-0.411));
#12541=CARTESIAN_POINT('Origin',(-2.075,1.95,-0.41));
#12542=CARTESIAN_POINT('',(-2.075,1.54824142698612,-0.41));
#12543=CARTESIAN_POINT('',(-2.075,1.54824142698612,-0.411));
#12544=CARTESIAN_POINT('Origin',(-2.375,2.39,-0.411));
#12545=CARTESIAN_POINT('Origin',(-2.375,2.39,-0.41));
#12546=CARTESIAN_POINT('Origin',(-3.625,1.95,-0.41));
#12547=CARTESIAN_POINT('',(-3.025,1.95,-0.41));
#12548=CARTESIAN_POINT('',(-3.625,1.95,-0.41));
#12549=CARTESIAN_POINT('',(3.455,1.95,-0.41));
#12550=CARTESIAN_POINT('',(-3.625,1.95,-0.411));
#12551=CARTESIAN_POINT('',(-3.625,1.95,-0.41));
#12552=CARTESIAN_POINT('',(-3.025,1.95,-0.411));
#12553=CARTESIAN_POINT('',(3.455,1.95,-0.411));
#12554=CARTESIAN_POINT('',(-3.025,1.95,-0.41));
#12555=CARTESIAN_POINT('Origin',(-3.625,2.83,-0.41));
#12556=CARTESIAN_POINT('',(-3.625,2.83,-0.41));
#12557=CARTESIAN_POINT('',(-3.625,3.36970192932274,-0.41));
#12558=CARTESIAN_POINT('',(-3.625,2.83,-0.411));
#12559=CARTESIAN_POINT('',(-3.625,2.83,-0.41));
#12560=CARTESIAN_POINT('',(-3.625,3.36970192932274,-0.411));
#12561=CARTESIAN_POINT('Origin',(-3.025,2.83,-0.41));
#12562=CARTESIAN_POINT('',(-3.025,2.83,-0.41));
#12563=CARTESIAN_POINT('',(3.455,2.83,-0.41));
#12564=CARTESIAN_POINT('',(-3.025,2.83,-0.411));
#12565=CARTESIAN_POINT('',(-3.025,2.83,-0.41));
#12566=CARTESIAN_POINT('',(3.455,2.83,-0.411));
#12567=CARTESIAN_POINT('Origin',(-3.025,1.95,-0.41));
#12568=CARTESIAN_POINT('',(-3.025,1.54824142698612,-0.41));
#12569=CARTESIAN_POINT('',(-3.025,1.54824142698612,-0.411));
#12570=CARTESIAN_POINT('Origin',(-3.325,2.39,-0.411));
#12571=CARTESIAN_POINT('Origin',(-3.325,2.39,-0.41));
#12572=CARTESIAN_POINT('Origin',(-4.575,1.95,-0.41));
#12573=CARTESIAN_POINT('',(-3.975,1.95,-0.41));
#12574=CARTESIAN_POINT('',(-4.575,1.95,-0.41));
#12575=CARTESIAN_POINT('',(2.505,1.95,-0.41));
#12576=CARTESIAN_POINT('',(-4.575,1.95,-0.411));
#12577=CARTESIAN_POINT('',(-4.575,1.95,-0.41));
#12578=CARTESIAN_POINT('',(-3.975,1.95,-0.411));
#12579=CARTESIAN_POINT('',(2.505,1.95,-0.411));
#12580=CARTESIAN_POINT('',(-3.975,1.95,-0.41));
#12581=CARTESIAN_POINT('Origin',(-4.575,2.83,-0.41));
#12582=CARTESIAN_POINT('',(-4.575,2.83,-0.41));
#12583=CARTESIAN_POINT('',(-4.575,3.36970192932274,-0.41));
#12584=CARTESIAN_POINT('',(-4.575,2.83,-0.411));
#12585=CARTESIAN_POINT('',(-4.575,2.83,-0.41));
#12586=CARTESIAN_POINT('',(-4.575,3.36970192932274,-0.411));
#12587=CARTESIAN_POINT('Origin',(-3.975,2.83,-0.41));
#12588=CARTESIAN_POINT('',(-3.975,2.83,-0.41));
#12589=CARTESIAN_POINT('',(2.505,2.83,-0.41));
#12590=CARTESIAN_POINT('',(-3.975,2.83,-0.411));
#12591=CARTESIAN_POINT('',(-3.975,2.83,-0.41));
#12592=CARTESIAN_POINT('',(2.505,2.83,-0.411));
#12593=CARTESIAN_POINT('Origin',(-3.975,1.95,-0.41));
#12594=CARTESIAN_POINT('',(-3.975,1.54824142698612,-0.41));
#12595=CARTESIAN_POINT('',(-3.975,1.54824142698612,-0.411));
#12596=CARTESIAN_POINT('Origin',(-4.275,2.39,-0.411));
#12597=CARTESIAN_POINT('Origin',(-4.275,2.39,-0.41));
#12598=CARTESIAN_POINT('Origin',(-4.93,-0.3,-0.41));
#12599=CARTESIAN_POINT('',(-6.185,-0.3,-0.41));
#12600=CARTESIAN_POINT('',(-4.93,-0.3,-0.41));
#12601=CARTESIAN_POINT('',(-10.0434007881769,-0.3,-0.41));
#12602=CARTESIAN_POINT('',(-6.185,-0.3,-0.411));
#12603=CARTESIAN_POINT('',(-6.185,-0.3,-0.41));
#12604=CARTESIAN_POINT('',(-4.93,-0.3,-0.411));
#12605=CARTESIAN_POINT('',(-10.0434007881769,-0.3,-0.411));
#12606=CARTESIAN_POINT('',(-4.93,-0.3,-0.41));
#12607=CARTESIAN_POINT('Origin',(-4.93,0.3,-0.41));
#12608=CARTESIAN_POINT('',(-4.93,0.3,-0.41));
#12609=CARTESIAN_POINT('',(-4.93,-0.3,-0.41));
#12610=CARTESIAN_POINT('',(-4.93,0.3,-0.411));
#12611=CARTESIAN_POINT('',(-4.93,-0.3,-0.411));
#12612=CARTESIAN_POINT('',(-4.93,0.3,-0.41));
#12613=CARTESIAN_POINT('Origin',(-6.185,0.3,-0.41));
#12614=CARTESIAN_POINT('',(-6.185,0.3,-0.41));
#12615=CARTESIAN_POINT('',(-4.93,0.3,-0.41));
#12616=CARTESIAN_POINT('',(-6.185,0.3,-0.411));
#12617=CARTESIAN_POINT('',(-4.93,0.3,-0.411));
#12618=CARTESIAN_POINT('',(-6.185,0.3,-0.41));
#12619=CARTESIAN_POINT('Origin',(-6.185,-0.3,-0.41));
#12620=CARTESIAN_POINT('',(-6.185,-2.95,-0.41));
#12621=CARTESIAN_POINT('',(-6.185,-2.95,-0.411));
#12622=CARTESIAN_POINT('Origin',(-5.5575,0.,-0.411));
#12623=CARTESIAN_POINT('Origin',(-5.5575,0.,-0.41));
#12624=CARTESIAN_POINT('Origin',(-4.93,-1.425,-0.41));
#12625=CARTESIAN_POINT('',(-6.185,-1.425,-0.41));
#12626=CARTESIAN_POINT('',(-4.93,-1.425,-0.41));
#12627=CARTESIAN_POINT('',(-10.0434007881769,-1.425,-0.41));
#12628=CARTESIAN_POINT('',(-6.185,-1.425,-0.411));
#12629=CARTESIAN_POINT('',(-6.185,-1.425,-0.41));
#12630=CARTESIAN_POINT('',(-4.93,-1.425,-0.411));
#12631=CARTESIAN_POINT('',(-10.0434007881769,-1.425,-0.411));
#12632=CARTESIAN_POINT('',(-4.93,-1.425,-0.41));
#12633=CARTESIAN_POINT('Origin',(-4.93,-0.825,-0.41));
#12634=CARTESIAN_POINT('',(-4.93,-0.825,-0.41));
#12635=CARTESIAN_POINT('',(-4.93,-1.425,-0.41));
#12636=CARTESIAN_POINT('',(-4.93,-0.825,-0.411));
#12637=CARTESIAN_POINT('',(-4.93,-1.425,-0.411));
#12638=CARTESIAN_POINT('',(-4.93,-0.825,-0.41));
#12639=CARTESIAN_POINT('Origin',(-6.185,-0.825,-0.41));
#12640=CARTESIAN_POINT('',(-6.185,-0.825,-0.41));
#12641=CARTESIAN_POINT('',(-4.93,-0.825,-0.41));
#12642=CARTESIAN_POINT('',(-6.185,-0.825,-0.411));
#12643=CARTESIAN_POINT('',(-4.93,-0.825,-0.411));
#12644=CARTESIAN_POINT('',(-6.185,-0.825,-0.41));
#12645=CARTESIAN_POINT('Origin',(-6.185,-1.425,-0.41));
#12646=CARTESIAN_POINT('',(-6.185,-4.075,-0.41));
#12647=CARTESIAN_POINT('',(-6.185,-4.075,-0.411));
#12648=CARTESIAN_POINT('Origin',(-5.5575,-1.125,-0.411));
#12649=CARTESIAN_POINT('Origin',(-5.5575,-1.125,-0.41));
#12650=CARTESIAN_POINT('Origin',(-4.93,1.425,-0.41));
#12651=CARTESIAN_POINT('',(-6.185,1.425,-0.41));
#12652=CARTESIAN_POINT('',(-4.93,1.425,-0.41));
#12653=CARTESIAN_POINT('',(-10.0434007881769,1.425,-0.41));
#12654=CARTESIAN_POINT('',(-4.93,1.425,-0.411));
#12655=CARTESIAN_POINT('',(-4.93,1.425,-0.41));
#12656=CARTESIAN_POINT('',(-6.185,1.425,-0.411));
#12657=CARTESIAN_POINT('',(-10.0434007881769,1.425,-0.411));
#12658=CARTESIAN_POINT('',(-6.185,1.425,-0.41));
#12659=CARTESIAN_POINT('Origin',(-4.93,0.825,-0.41));
#12660=CARTESIAN_POINT('',(-4.93,0.825,-0.41));
#12661=CARTESIAN_POINT('',(-4.93,1.425,-0.41));
#12662=CARTESIAN_POINT('',(-4.93,0.825,-0.411));
#12663=CARTESIAN_POINT('',(-4.93,0.825,-0.41));
#12664=CARTESIAN_POINT('',(-4.93,1.425,-0.411));
#12665=CARTESIAN_POINT('Origin',(-6.185,0.825,-0.41));
#12666=CARTESIAN_POINT('',(-6.185,0.825,-0.41));
#12667=CARTESIAN_POINT('',(-4.93,0.825,-0.41));
#12668=CARTESIAN_POINT('',(-6.185,0.825,-0.411));
#12669=CARTESIAN_POINT('',(-6.185,0.825,-0.41));
#12670=CARTESIAN_POINT('',(-4.93,0.825,-0.411));
#12671=CARTESIAN_POINT('Origin',(-6.185,1.425,-0.41));
#12672=CARTESIAN_POINT('',(-6.185,4.075,-0.41));
#12673=CARTESIAN_POINT('',(-6.185,4.075,-0.411));
#12674=CARTESIAN_POINT('Origin',(-5.5575,1.125,-0.411));
#12675=CARTESIAN_POINT('Origin',(-5.5575,1.125,-0.41));
#12676=CARTESIAN_POINT('Origin',(4.93,-0.3,-0.41));
#12677=CARTESIAN_POINT('',(6.185,-0.3,-0.41));
#12678=CARTESIAN_POINT('',(4.93,-0.3,-0.41));
#12679=CARTESIAN_POINT('',(10.0434007881769,-0.3,-0.41));
#12680=CARTESIAN_POINT('',(4.93,-0.3,-0.411));
#12681=CARTESIAN_POINT('',(4.93,-0.3,-0.41));
#12682=CARTESIAN_POINT('',(6.185,-0.3,-0.411));
#12683=CARTESIAN_POINT('',(10.0434007881769,-0.3,-0.411));
#12684=CARTESIAN_POINT('',(6.185,-0.3,-0.41));
#12685=CARTESIAN_POINT('Origin',(4.93,0.3,-0.41));
#12686=CARTESIAN_POINT('',(4.93,0.3,-0.41));
#12687=CARTESIAN_POINT('',(4.93,-0.3,-0.41));
#12688=CARTESIAN_POINT('',(4.93,0.3,-0.411));
#12689=CARTESIAN_POINT('',(4.93,0.3,-0.41));
#12690=CARTESIAN_POINT('',(4.93,-0.3,-0.411));
#12691=CARTESIAN_POINT('Origin',(6.185,0.3,-0.41));
#12692=CARTESIAN_POINT('',(6.185,0.3,-0.41));
#12693=CARTESIAN_POINT('',(4.93,0.3,-0.41));
#12694=CARTESIAN_POINT('',(6.185,0.3,-0.411));
#12695=CARTESIAN_POINT('',(6.185,0.3,-0.41));
#12696=CARTESIAN_POINT('',(4.93,0.3,-0.411));
#12697=CARTESIAN_POINT('Origin',(6.185,-0.3,-0.41));
#12698=CARTESIAN_POINT('',(6.185,-2.95,-0.41));
#12699=CARTESIAN_POINT('',(6.185,-2.95,-0.411));
#12700=CARTESIAN_POINT('Origin',(5.5575,0.,-0.411));
#12701=CARTESIAN_POINT('Origin',(5.5575,0.,-0.41));
#12702=CARTESIAN_POINT('Origin',(4.93,-1.425,-0.41));
#12703=CARTESIAN_POINT('',(6.185,-1.425,-0.41));
#12704=CARTESIAN_POINT('',(4.93,-1.425,-0.41));
#12705=CARTESIAN_POINT('',(10.0434007881769,-1.425,-0.41));
#12706=CARTESIAN_POINT('',(4.93,-1.425,-0.411));
#12707=CARTESIAN_POINT('',(4.93,-1.425,-0.41));
#12708=CARTESIAN_POINT('',(6.185,-1.425,-0.411));
#12709=CARTESIAN_POINT('',(10.0434007881769,-1.425,-0.411));
#12710=CARTESIAN_POINT('',(6.185,-1.425,-0.41));
#12711=CARTESIAN_POINT('Origin',(4.93,-0.825,-0.41));
#12712=CARTESIAN_POINT('',(4.93,-0.825,-0.41));
#12713=CARTESIAN_POINT('',(4.93,-1.425,-0.41));
#12714=CARTESIAN_POINT('',(4.93,-0.825,-0.411));
#12715=CARTESIAN_POINT('',(4.93,-0.825,-0.41));
#12716=CARTESIAN_POINT('',(4.93,-1.425,-0.411));
#12717=CARTESIAN_POINT('Origin',(6.185,-0.825,-0.41));
#12718=CARTESIAN_POINT('',(6.185,-0.825,-0.41));
#12719=CARTESIAN_POINT('',(4.93,-0.825,-0.41));
#12720=CARTESIAN_POINT('',(6.185,-0.825,-0.411));
#12721=CARTESIAN_POINT('',(6.185,-0.825,-0.41));
#12722=CARTESIAN_POINT('',(4.93,-0.825,-0.411));
#12723=CARTESIAN_POINT('Origin',(6.185,-1.425,-0.41));
#12724=CARTESIAN_POINT('',(6.185,-4.075,-0.41));
#12725=CARTESIAN_POINT('',(6.185,-4.075,-0.411));
#12726=CARTESIAN_POINT('Origin',(5.5575,-1.125,-0.411));
#12727=CARTESIAN_POINT('Origin',(5.5575,-1.125,-0.41));
#12728=CARTESIAN_POINT('Origin',(4.93,1.425,-0.41));
#12729=CARTESIAN_POINT('',(6.185,1.425,-0.41));
#12730=CARTESIAN_POINT('',(4.93,1.425,-0.41));
#12731=CARTESIAN_POINT('',(10.0434007881769,1.425,-0.41));
#12732=CARTESIAN_POINT('',(6.185,1.425,-0.411));
#12733=CARTESIAN_POINT('',(6.185,1.425,-0.41));
#12734=CARTESIAN_POINT('',(4.93,1.425,-0.411));
#12735=CARTESIAN_POINT('',(10.0434007881769,1.425,-0.411));
#12736=CARTESIAN_POINT('',(4.93,1.425,-0.41));
#12737=CARTESIAN_POINT('Origin',(4.93,0.825,-0.41));
#12738=CARTESIAN_POINT('',(4.93,0.825,-0.41));
#12739=CARTESIAN_POINT('',(4.93,1.425,-0.41));
#12740=CARTESIAN_POINT('',(4.93,0.825,-0.411));
#12741=CARTESIAN_POINT('',(4.93,1.425,-0.411));
#12742=CARTESIAN_POINT('',(4.93,0.825,-0.41));
#12743=CARTESIAN_POINT('Origin',(6.185,0.825,-0.41));
#12744=CARTESIAN_POINT('',(6.185,0.825,-0.41));
#12745=CARTESIAN_POINT('',(4.93,0.825,-0.41));
#12746=CARTESIAN_POINT('',(6.185,0.825,-0.411));
#12747=CARTESIAN_POINT('',(4.93,0.825,-0.411));
#12748=CARTESIAN_POINT('',(6.185,0.825,-0.41));
#12749=CARTESIAN_POINT('Origin',(6.185,1.425,-0.41));
#12750=CARTESIAN_POINT('',(6.185,4.075,-0.41));
#12751=CARTESIAN_POINT('',(6.185,4.075,-0.411));
#12752=CARTESIAN_POINT('Origin',(5.5575,1.125,-0.411));
#12753=CARTESIAN_POINT('Origin',(5.5575,1.125,-0.41));
#12754=CARTESIAN_POINT('Origin',(0.604,0.7125,-0.31));
#12755=CARTESIAN_POINT('',(1.108,1.325,-0.31));
#12756=CARTESIAN_POINT('',(0.1,1.325,-0.31));
#12757=CARTESIAN_POINT('',(-3.525,1.325,-0.31));
#12758=CARTESIAN_POINT('',(0.1,0.1,-0.31));
#12759=CARTESIAN_POINT('',(0.1,1.325,-0.31));
#12760=CARTESIAN_POINT('',(1.108,0.1,-0.31));
#12761=CARTESIAN_POINT('',(-3.525,0.1,-0.31));
#12762=CARTESIAN_POINT('',(1.108,1.325,-0.31));
#12763=CARTESIAN_POINT('Origin',(0.1,0.1,-0.41));
#12764=CARTESIAN_POINT('',(0.1,1.325,-0.411));
#12765=CARTESIAN_POINT('',(0.1,1.325,-0.41));
#12766=CARTESIAN_POINT('',(0.1,0.1,-0.411));
#12767=CARTESIAN_POINT('',(0.1,1.325,-0.411));
#12768=CARTESIAN_POINT('',(0.1,0.1,-0.41));
#12769=CARTESIAN_POINT('Origin',(1.108,0.1,-0.41));
#12770=CARTESIAN_POINT('',(1.108,0.1,-0.411));
#12771=CARTESIAN_POINT('',(-3.525,0.1,-0.411));
#12772=CARTESIAN_POINT('',(1.108,0.1,-0.41));
#12773=CARTESIAN_POINT('Origin',(1.108,1.325,-0.41));
#12774=CARTESIAN_POINT('',(1.108,1.325,-0.411));
#12775=CARTESIAN_POINT('',(1.108,1.325,-0.411));
#12776=CARTESIAN_POINT('',(1.108,1.325,-0.41));
#12777=CARTESIAN_POINT('Origin',(0.1,1.325,-0.41));
#12778=CARTESIAN_POINT('',(-3.525,1.325,-0.411));
#12779=CARTESIAN_POINT('Origin',(0.604,0.7125,-0.411));
#12780=CARTESIAN_POINT('Origin',(1.812,0.7125,-0.31));
#12781=CARTESIAN_POINT('',(2.316,1.325,-0.31));
#12782=CARTESIAN_POINT('',(1.308,1.325,-0.31));
#12783=CARTESIAN_POINT('',(-2.317,1.325,-0.31));
#12784=CARTESIAN_POINT('',(1.308,0.1,-0.31));
#12785=CARTESIAN_POINT('',(1.308,1.325,-0.31));
#12786=CARTESIAN_POINT('',(2.316,0.1,-0.31));
#12787=CARTESIAN_POINT('',(-2.317,0.1,-0.31));
#12788=CARTESIAN_POINT('',(2.316,1.325,-0.31));
#12789=CARTESIAN_POINT('Origin',(1.308,0.1,-0.41));
#12790=CARTESIAN_POINT('',(1.308,1.325,-0.411));
#12791=CARTESIAN_POINT('',(1.308,1.325,-0.41));
#12792=CARTESIAN_POINT('',(1.308,0.1,-0.411));
#12793=CARTESIAN_POINT('',(1.308,1.325,-0.411));
#12794=CARTESIAN_POINT('',(1.308,0.1,-0.41));
#12795=CARTESIAN_POINT('Origin',(2.316,0.1,-0.41));
#12796=CARTESIAN_POINT('',(2.316,0.1,-0.411));
#12797=CARTESIAN_POINT('',(-2.317,0.1,-0.411));
#12798=CARTESIAN_POINT('',(2.316,0.1,-0.41));
#12799=CARTESIAN_POINT('Origin',(2.316,1.325,-0.41));
#12800=CARTESIAN_POINT('',(2.316,1.325,-0.411));
#12801=CARTESIAN_POINT('',(2.316,1.325,-0.411));
#12802=CARTESIAN_POINT('',(2.316,1.325,-0.41));
#12803=CARTESIAN_POINT('Origin',(1.308,1.325,-0.41));
#12804=CARTESIAN_POINT('',(-2.317,1.325,-0.411));
#12805=CARTESIAN_POINT('Origin',(1.812,0.7125,-0.411));
#12806=CARTESIAN_POINT('Origin',(3.02,0.7125,-0.31));
#12807=CARTESIAN_POINT('',(3.524,1.325,-0.31));
#12808=CARTESIAN_POINT('',(2.516,1.325,-0.31));
#12809=CARTESIAN_POINT('',(-1.109,1.325,-0.31));
#12810=CARTESIAN_POINT('',(2.516,0.1,-0.31));
#12811=CARTESIAN_POINT('',(2.516,1.325,-0.31));
#12812=CARTESIAN_POINT('',(3.524,0.1,-0.31));
#12813=CARTESIAN_POINT('',(-1.109,0.1,-0.31));
#12814=CARTESIAN_POINT('',(3.524,1.325,-0.31));
#12815=CARTESIAN_POINT('Origin',(2.516,0.1,-0.41));
#12816=CARTESIAN_POINT('',(2.516,1.325,-0.411));
#12817=CARTESIAN_POINT('',(2.516,1.325,-0.41));
#12818=CARTESIAN_POINT('',(2.516,0.1,-0.411));
#12819=CARTESIAN_POINT('',(2.516,1.325,-0.411));
#12820=CARTESIAN_POINT('',(2.516,0.1,-0.41));
#12821=CARTESIAN_POINT('Origin',(3.524,0.1,-0.41));
#12822=CARTESIAN_POINT('',(3.524,0.1,-0.411));
#12823=CARTESIAN_POINT('',(-1.109,0.1,-0.411));
#12824=CARTESIAN_POINT('',(3.524,0.1,-0.41));
#12825=CARTESIAN_POINT('Origin',(3.524,1.325,-0.41));
#12826=CARTESIAN_POINT('',(3.524,1.325,-0.411));
#12827=CARTESIAN_POINT('',(3.524,1.325,-0.411));
#12828=CARTESIAN_POINT('',(3.524,1.325,-0.41));
#12829=CARTESIAN_POINT('Origin',(2.516,1.325,-0.41));
#12830=CARTESIAN_POINT('',(-1.109,1.325,-0.411));
#12831=CARTESIAN_POINT('Origin',(3.02,0.7125,-0.411));
#12832=CARTESIAN_POINT('Origin',(0.604,-0.7125,-0.31));
#12833=CARTESIAN_POINT('',(0.1,-1.325,-0.31));
#12834=CARTESIAN_POINT('',(1.108,-1.325,-0.31));
#12835=CARTESIAN_POINT('',(-3.525,-1.325,-0.31));
#12836=CARTESIAN_POINT('',(1.108,-0.1,-0.31));
#12837=CARTESIAN_POINT('',(1.108,-1.325,-0.31));
#12838=CARTESIAN_POINT('',(0.1,-0.1,-0.31));
#12839=CARTESIAN_POINT('',(-3.525,-0.1,-0.31));
#12840=CARTESIAN_POINT('',(0.1,-1.325,-0.31));
#12841=CARTESIAN_POINT('Origin',(0.1,-0.1,-0.41));
#12842=CARTESIAN_POINT('',(0.1,-0.1,-0.411));
#12843=CARTESIAN_POINT('',(0.1,-0.1,-0.41));
#12844=CARTESIAN_POINT('',(0.1,-1.325,-0.411));
#12845=CARTESIAN_POINT('',(0.1,-1.325,-0.411));
#12846=CARTESIAN_POINT('',(0.1,-1.325,-0.41));
#12847=CARTESIAN_POINT('Origin',(1.108,-0.1,-0.41));
#12848=CARTESIAN_POINT('',(1.108,-0.1,-0.411));
#12849=CARTESIAN_POINT('',(1.108,-0.1,-0.41));
#12850=CARTESIAN_POINT('',(-3.525,-0.1,-0.411));
#12851=CARTESIAN_POINT('Origin',(1.108,-1.325,-0.41));
#12852=CARTESIAN_POINT('',(1.108,-1.325,-0.411));
#12853=CARTESIAN_POINT('',(1.108,-1.325,-0.41));
#12854=CARTESIAN_POINT('',(1.108,-1.325,-0.411));
#12855=CARTESIAN_POINT('Origin',(0.1,-1.325,-0.41));
#12856=CARTESIAN_POINT('',(-3.525,-1.325,-0.411));
#12857=CARTESIAN_POINT('Origin',(0.604,-0.7125,-0.411));
#12858=CARTESIAN_POINT('Origin',(1.812,-0.7125,-0.31));
#12859=CARTESIAN_POINT('',(1.308,-1.325,-0.31));
#12860=CARTESIAN_POINT('',(2.316,-1.325,-0.31));
#12861=CARTESIAN_POINT('',(-2.317,-1.325,-0.31));
#12862=CARTESIAN_POINT('',(2.316,-0.1,-0.31));
#12863=CARTESIAN_POINT('',(2.316,-1.325,-0.31));
#12864=CARTESIAN_POINT('',(1.308,-0.1,-0.31));
#12865=CARTESIAN_POINT('',(-2.317,-0.1,-0.31));
#12866=CARTESIAN_POINT('',(1.308,-1.325,-0.31));
#12867=CARTESIAN_POINT('Origin',(1.308,-0.1,-0.41));
#12868=CARTESIAN_POINT('',(1.308,-0.1,-0.411));
#12869=CARTESIAN_POINT('',(1.308,-0.1,-0.41));
#12870=CARTESIAN_POINT('',(1.308,-1.325,-0.411));
#12871=CARTESIAN_POINT('',(1.308,-1.325,-0.411));
#12872=CARTESIAN_POINT('',(1.308,-1.325,-0.41));
#12873=CARTESIAN_POINT('Origin',(2.316,-0.1,-0.41));
#12874=CARTESIAN_POINT('',(2.316,-0.1,-0.411));
#12875=CARTESIAN_POINT('',(2.316,-0.1,-0.41));
#12876=CARTESIAN_POINT('',(-2.317,-0.1,-0.411));
#12877=CARTESIAN_POINT('Origin',(2.316,-1.325,-0.41));
#12878=CARTESIAN_POINT('',(2.316,-1.325,-0.411));
#12879=CARTESIAN_POINT('',(2.316,-1.325,-0.41));
#12880=CARTESIAN_POINT('',(2.316,-1.325,-0.411));
#12881=CARTESIAN_POINT('Origin',(1.308,-1.325,-0.41));
#12882=CARTESIAN_POINT('',(-2.317,-1.325,-0.411));
#12883=CARTESIAN_POINT('Origin',(1.812,-0.7125,-0.411));
#12884=CARTESIAN_POINT('Origin',(3.02,-0.7125,-0.31));
#12885=CARTESIAN_POINT('',(2.516,-1.325,-0.31));
#12886=CARTESIAN_POINT('',(3.524,-1.325,-0.31));
#12887=CARTESIAN_POINT('',(-1.109,-1.325,-0.31));
#12888=CARTESIAN_POINT('',(3.524,-0.1,-0.31));
#12889=CARTESIAN_POINT('',(3.524,-1.325,-0.31));
#12890=CARTESIAN_POINT('',(2.516,-0.1,-0.31));
#12891=CARTESIAN_POINT('',(-1.109,-0.1,-0.31));
#12892=CARTESIAN_POINT('',(2.516,-1.325,-0.31));
#12893=CARTESIAN_POINT('Origin',(2.516,-0.1,-0.41));
#12894=CARTESIAN_POINT('',(2.516,-0.1,-0.411));
#12895=CARTESIAN_POINT('',(2.516,-0.1,-0.41));
#12896=CARTESIAN_POINT('',(2.516,-1.325,-0.411));
#12897=CARTESIAN_POINT('',(2.516,-1.325,-0.411));
#12898=CARTESIAN_POINT('',(2.516,-1.325,-0.41));
#12899=CARTESIAN_POINT('Origin',(3.524,-0.1,-0.41));
#12900=CARTESIAN_POINT('',(3.524,-0.1,-0.411));
#12901=CARTESIAN_POINT('',(3.524,-0.1,-0.41));
#12902=CARTESIAN_POINT('',(-1.109,-0.1,-0.411));
#12903=CARTESIAN_POINT('Origin',(3.524,-1.325,-0.41));
#12904=CARTESIAN_POINT('',(3.524,-1.325,-0.411));
#12905=CARTESIAN_POINT('',(3.524,-1.325,-0.41));
#12906=CARTESIAN_POINT('',(3.524,-1.325,-0.411));
#12907=CARTESIAN_POINT('Origin',(2.516,-1.325,-0.41));
#12908=CARTESIAN_POINT('',(-1.109,-1.325,-0.411));
#12909=CARTESIAN_POINT('Origin',(3.02,-0.7125,-0.411));
#12910=CARTESIAN_POINT('Origin',(-0.604,0.7125,-0.31));
#12911=CARTESIAN_POINT('',(-0.1,1.325,-0.31));
#12912=CARTESIAN_POINT('',(-1.108,1.325,-0.31));
#12913=CARTESIAN_POINT('',(3.525,1.325,-0.31));
#12914=CARTESIAN_POINT('',(-1.108,0.1,-0.31));
#12915=CARTESIAN_POINT('',(-1.108,1.325,-0.31));
#12916=CARTESIAN_POINT('',(-0.1,0.1,-0.31));
#12917=CARTESIAN_POINT('',(3.525,0.1,-0.31));
#12918=CARTESIAN_POINT('',(-0.1,1.325,-0.31));
#12919=CARTESIAN_POINT('Origin',(-0.1,0.1,-0.41));
#12920=CARTESIAN_POINT('',(-0.1,0.1,-0.411));
#12921=CARTESIAN_POINT('',(-0.1,0.1,-0.41));
#12922=CARTESIAN_POINT('',(-0.1,1.325,-0.411));
#12923=CARTESIAN_POINT('',(-0.1,1.325,-0.411));
#12924=CARTESIAN_POINT('',(-0.1,1.325,-0.41));
#12925=CARTESIAN_POINT('Origin',(-1.108,0.1,-0.41));
#12926=CARTESIAN_POINT('',(-1.108,0.1,-0.411));
#12927=CARTESIAN_POINT('',(-1.108,0.1,-0.41));
#12928=CARTESIAN_POINT('',(3.525,0.1,-0.411));
#12929=CARTESIAN_POINT('Origin',(-1.108,1.325,-0.41));
#12930=CARTESIAN_POINT('',(-1.108,1.325,-0.411));
#12931=CARTESIAN_POINT('',(-1.108,1.325,-0.41));
#12932=CARTESIAN_POINT('',(-1.108,1.325,-0.411));
#12933=CARTESIAN_POINT('Origin',(-0.1,1.325,-0.41));
#12934=CARTESIAN_POINT('',(3.525,1.325,-0.411));
#12935=CARTESIAN_POINT('Origin',(-0.604,0.7125,-0.411));
#12936=CARTESIAN_POINT('Origin',(-1.812,0.7125,-0.31));
#12937=CARTESIAN_POINT('',(-1.308,1.325,-0.31));
#12938=CARTESIAN_POINT('',(-2.316,1.325,-0.31));
#12939=CARTESIAN_POINT('',(2.317,1.325,-0.31));
#12940=CARTESIAN_POINT('',(-2.316,0.1,-0.31));
#12941=CARTESIAN_POINT('',(-2.316,1.325,-0.31));
#12942=CARTESIAN_POINT('',(-1.308,0.1,-0.31));
#12943=CARTESIAN_POINT('',(2.317,0.1,-0.31));
#12944=CARTESIAN_POINT('',(-1.308,1.325,-0.31));
#12945=CARTESIAN_POINT('Origin',(-1.308,0.1,-0.41));
#12946=CARTESIAN_POINT('',(-1.308,0.1,-0.411));
#12947=CARTESIAN_POINT('',(-1.308,0.1,-0.41));
#12948=CARTESIAN_POINT('',(-1.308,1.325,-0.411));
#12949=CARTESIAN_POINT('',(-1.308,1.325,-0.411));
#12950=CARTESIAN_POINT('',(-1.308,1.325,-0.41));
#12951=CARTESIAN_POINT('Origin',(-2.316,0.1,-0.41));
#12952=CARTESIAN_POINT('',(-2.316,0.1,-0.411));
#12953=CARTESIAN_POINT('',(-2.316,0.1,-0.41));
#12954=CARTESIAN_POINT('',(2.317,0.1,-0.411));
#12955=CARTESIAN_POINT('Origin',(-2.316,1.325,-0.41));
#12956=CARTESIAN_POINT('',(-2.316,1.325,-0.411));
#12957=CARTESIAN_POINT('',(-2.316,1.325,-0.41));
#12958=CARTESIAN_POINT('',(-2.316,1.325,-0.411));
#12959=CARTESIAN_POINT('Origin',(-1.308,1.325,-0.41));
#12960=CARTESIAN_POINT('',(2.317,1.325,-0.411));
#12961=CARTESIAN_POINT('Origin',(-1.812,0.7125,-0.411));
#12962=CARTESIAN_POINT('Origin',(-3.02,0.7125,-0.31));
#12963=CARTESIAN_POINT('',(-2.516,1.325,-0.31));
#12964=CARTESIAN_POINT('',(-3.524,1.325,-0.31));
#12965=CARTESIAN_POINT('',(1.109,1.325,-0.31));
#12966=CARTESIAN_POINT('',(-3.524,0.1,-0.31));
#12967=CARTESIAN_POINT('',(-3.524,1.325,-0.31));
#12968=CARTESIAN_POINT('',(-2.516,0.1,-0.31));
#12969=CARTESIAN_POINT('',(1.109,0.1,-0.31));
#12970=CARTESIAN_POINT('',(-2.516,1.325,-0.31));
#12971=CARTESIAN_POINT('Origin',(-2.516,0.1,-0.41));
#12972=CARTESIAN_POINT('',(-2.516,0.1,-0.411));
#12973=CARTESIAN_POINT('',(-2.516,0.1,-0.41));
#12974=CARTESIAN_POINT('',(-2.516,1.325,-0.411));
#12975=CARTESIAN_POINT('',(-2.516,1.325,-0.411));
#12976=CARTESIAN_POINT('',(-2.516,1.325,-0.41));
#12977=CARTESIAN_POINT('Origin',(-3.524,0.1,-0.41));
#12978=CARTESIAN_POINT('',(-3.524,0.1,-0.411));
#12979=CARTESIAN_POINT('',(-3.524,0.1,-0.41));
#12980=CARTESIAN_POINT('',(1.109,0.1,-0.411));
#12981=CARTESIAN_POINT('Origin',(-3.524,1.325,-0.41));
#12982=CARTESIAN_POINT('',(-3.524,1.325,-0.411));
#12983=CARTESIAN_POINT('',(-3.524,1.325,-0.41));
#12984=CARTESIAN_POINT('',(-3.524,1.325,-0.411));
#12985=CARTESIAN_POINT('Origin',(-2.516,1.325,-0.41));
#12986=CARTESIAN_POINT('',(1.109,1.325,-0.411));
#12987=CARTESIAN_POINT('Origin',(-3.02,0.7125,-0.411));
#12988=CARTESIAN_POINT('Origin',(-0.604,-0.7125,-0.31));
#12989=CARTESIAN_POINT('',(-1.108,-1.325,-0.31));
#12990=CARTESIAN_POINT('',(-0.1,-1.325,-0.31));
#12991=CARTESIAN_POINT('',(3.525,-1.325,-0.31));
#12992=CARTESIAN_POINT('',(-0.1,-0.1,-0.31));
#12993=CARTESIAN_POINT('',(-0.1,-1.325,-0.31));
#12994=CARTESIAN_POINT('',(-1.108,-0.1,-0.31));
#12995=CARTESIAN_POINT('',(3.525,-0.1,-0.31));
#12996=CARTESIAN_POINT('',(-1.108,-1.325,-0.31));
#12997=CARTESIAN_POINT('Origin',(-0.1,-0.1,-0.41));
#12998=CARTESIAN_POINT('',(-0.1,-1.325,-0.411));
#12999=CARTESIAN_POINT('',(-0.1,-1.325,-0.41));
#13000=CARTESIAN_POINT('',(-0.1,-0.1,-0.411));
#13001=CARTESIAN_POINT('',(-0.1,-1.325,-0.411));
#13002=CARTESIAN_POINT('',(-0.1,-0.1,-0.41));
#13003=CARTESIAN_POINT('Origin',(-1.108,-0.1,-0.41));
#13004=CARTESIAN_POINT('',(-1.108,-0.1,-0.411));
#13005=CARTESIAN_POINT('',(3.525,-0.1,-0.411));
#13006=CARTESIAN_POINT('',(-1.108,-0.1,-0.41));
#13007=CARTESIAN_POINT('Origin',(-1.108,-1.325,-0.41));
#13008=CARTESIAN_POINT('',(-1.108,-1.325,-0.411));
#13009=CARTESIAN_POINT('',(-1.108,-1.325,-0.411));
#13010=CARTESIAN_POINT('',(-1.108,-1.325,-0.41));
#13011=CARTESIAN_POINT('Origin',(-0.1,-1.325,-0.41));
#13012=CARTESIAN_POINT('',(3.525,-1.325,-0.411));
#13013=CARTESIAN_POINT('Origin',(-0.604,-0.7125,-0.411));
#13014=CARTESIAN_POINT('Origin',(-1.812,-0.7125,-0.31));
#13015=CARTESIAN_POINT('',(-2.316,-1.325,-0.31));
#13016=CARTESIAN_POINT('',(-1.308,-1.325,-0.31));
#13017=CARTESIAN_POINT('',(2.317,-1.325,-0.31));
#13018=CARTESIAN_POINT('',(-1.308,-0.1,-0.31));
#13019=CARTESIAN_POINT('',(-1.308,-1.325,-0.31));
#13020=CARTESIAN_POINT('',(-2.316,-0.1,-0.31));
#13021=CARTESIAN_POINT('',(2.317,-0.1,-0.31));
#13022=CARTESIAN_POINT('',(-2.316,-1.325,-0.31));
#13023=CARTESIAN_POINT('Origin',(-1.308,-0.1,-0.41));
#13024=CARTESIAN_POINT('',(-1.308,-1.325,-0.411));
#13025=CARTESIAN_POINT('',(-1.308,-1.325,-0.41));
#13026=CARTESIAN_POINT('',(-1.308,-0.1,-0.411));
#13027=CARTESIAN_POINT('',(-1.308,-1.325,-0.411));
#13028=CARTESIAN_POINT('',(-1.308,-0.1,-0.41));
#13029=CARTESIAN_POINT('Origin',(-2.316,-0.1,-0.41));
#13030=CARTESIAN_POINT('',(-2.316,-0.1,-0.411));
#13031=CARTESIAN_POINT('',(2.317,-0.1,-0.411));
#13032=CARTESIAN_POINT('',(-2.316,-0.1,-0.41));
#13033=CARTESIAN_POINT('Origin',(-2.316,-1.325,-0.41));
#13034=CARTESIAN_POINT('',(-2.316,-1.325,-0.411));
#13035=CARTESIAN_POINT('',(-2.316,-1.325,-0.411));
#13036=CARTESIAN_POINT('',(-2.316,-1.325,-0.41));
#13037=CARTESIAN_POINT('Origin',(-1.308,-1.325,-0.41));
#13038=CARTESIAN_POINT('',(2.317,-1.325,-0.411));
#13039=CARTESIAN_POINT('Origin',(-1.812,-0.7125,-0.411));
#13040=CARTESIAN_POINT('Origin',(-3.02,-0.7125,-0.31));
#13041=CARTESIAN_POINT('',(-3.524,-1.325,-0.31));
#13042=CARTESIAN_POINT('',(-2.516,-1.325,-0.31));
#13043=CARTESIAN_POINT('',(1.109,-1.325,-0.31));
#13044=CARTESIAN_POINT('',(-2.516,-0.1,-0.31));
#13045=CARTESIAN_POINT('',(-2.516,-1.325,-0.31));
#13046=CARTESIAN_POINT('',(-3.524,-0.1,-0.31));
#13047=CARTESIAN_POINT('',(1.109,-0.1,-0.31));
#13048=CARTESIAN_POINT('',(-3.524,-1.325,-0.31));
#13049=CARTESIAN_POINT('Origin',(-2.516,-0.1,-0.41));
#13050=CARTESIAN_POINT('',(-2.516,-1.325,-0.411));
#13051=CARTESIAN_POINT('',(-2.516,-1.325,-0.41));
#13052=CARTESIAN_POINT('',(-2.516,-0.1,-0.411));
#13053=CARTESIAN_POINT('',(-2.516,-1.325,-0.411));
#13054=CARTESIAN_POINT('',(-2.516,-0.1,-0.41));
#13055=CARTESIAN_POINT('Origin',(-3.524,-0.1,-0.41));
#13056=CARTESIAN_POINT('',(-3.524,-0.1,-0.411));
#13057=CARTESIAN_POINT('',(1.109,-0.1,-0.411));
#13058=CARTESIAN_POINT('',(-3.524,-0.1,-0.41));
#13059=CARTESIAN_POINT('Origin',(-3.524,-1.325,-0.41));
#13060=CARTESIAN_POINT('',(-3.524,-1.325,-0.411));
#13061=CARTESIAN_POINT('',(-3.524,-1.325,-0.411));
#13062=CARTESIAN_POINT('',(-3.524,-1.325,-0.41));
#13063=CARTESIAN_POINT('Origin',(-2.516,-1.325,-0.41));
#13064=CARTESIAN_POINT('',(1.109,-1.325,-0.411));
#13065=CARTESIAN_POINT('Origin',(-3.02,-0.7125,-0.411));
#13066=UNCERTAINTY_MEASURE_WITH_UNIT(LENGTH_MEASURE(0.01),#13070,
'DISTANCE_ACCURACY_VALUE',
'Maximum model space distance between geometric entities at asserted c
onnectivities');
#13067=UNCERTAINTY_MEASURE_WITH_UNIT(LENGTH_MEASURE(0.01),#13070,
'DISTANCE_ACCURACY_VALUE',
'Maximum model space distance between geometric entities at asserted c
onnectivities');
#13068=(
GEOMETRIC_REPRESENTATION_CONTEXT(3)
GLOBAL_UNCERTAINTY_ASSIGNED_CONTEXT((#13066))
GLOBAL_UNIT_ASSIGNED_CONTEXT((#13070,#13072,#13073))
REPRESENTATION_CONTEXT('','3D')
);
#13069=(
GEOMETRIC_REPRESENTATION_CONTEXT(3)
GLOBAL_UNCERTAINTY_ASSIGNED_CONTEXT((#13067))
GLOBAL_UNIT_ASSIGNED_CONTEXT((#13070,#13072,#13073))
REPRESENTATION_CONTEXT('','3D')
);
#13070=(
LENGTH_UNIT()
NAMED_UNIT(*)
SI_UNIT(.MILLI.,.METRE.)
);
#13071=(
LENGTH_UNIT()
NAMED_UNIT(*)
SI_UNIT($,.METRE.)
);
#13072=(
NAMED_UNIT(*)
PLANE_ANGLE_UNIT()
SI_UNIT($,.RADIAN.)
);
#13073=(
NAMED_UNIT(*)
SI_UNIT($,.STERADIAN.)
SOLID_ANGLE_UNIT()
);
#13074=SHAPE_DEFINITION_REPRESENTATION(#13075,#13076);
#13075=PRODUCT_DEFINITION_SHAPE('',$,#13078);
#13076=SHAPE_REPRESENTATION('',(#7884),#13068);
#13077=PRODUCT_DEFINITION_CONTEXT('part definition',#13082,'design');
#13078=PRODUCT_DEFINITION('VL53L9CX','VL53L9CX v11',#13079,#13077);
#13079=PRODUCT_DEFINITION_FORMATION('',$,#13084);
#13080=PRODUCT_RELATED_PRODUCT_CATEGORY('VL53L9CX v11','VL53L9CX v11',(#13084));
#13081=APPLICATION_PROTOCOL_DEFINITION('international standard',
'automotive_design',2009,#13082);
#13082=APPLICATION_CONTEXT(
'Core Data for Automotive Mechanical Design Process');
#13083=PRODUCT_CONTEXT('part definition',#13082,'mechanical');
#13084=PRODUCT('VL53L9CX','VL53L9CX v11',$,(#13083));
#13085=PRESENTATION_STYLE_ASSIGNMENT((#13092));
#13086=PRESENTATION_STYLE_ASSIGNMENT((#13093));
#13087=PRESENTATION_STYLE_ASSIGNMENT((#13094));
#13088=PRESENTATION_STYLE_ASSIGNMENT((#13095));
#13089=PRESENTATION_STYLE_ASSIGNMENT((#13096));
#13090=PRESENTATION_STYLE_ASSIGNMENT((#13097));
#13091=PRESENTATION_STYLE_ASSIGNMENT((#13098));
#13092=SURFACE_STYLE_USAGE(.BOTH.,#13099);
#13093=SURFACE_STYLE_USAGE(.BOTH.,#13100);
#13094=SURFACE_STYLE_USAGE(.BOTH.,#13101);
#13095=SURFACE_STYLE_USAGE(.BOTH.,#13102);
#13096=SURFACE_STYLE_USAGE(.BOTH.,#13103);
#13097=SURFACE_STYLE_USAGE(.BOTH.,#13104);
#13098=SURFACE_STYLE_USAGE(.BOTH.,#13105);
#13099=SURFACE_SIDE_STYLE('',(#13106));
#13100=SURFACE_SIDE_STYLE('',(#13107));
#13101=SURFACE_SIDE_STYLE('',(#13108));
#13102=SURFACE_SIDE_STYLE('',(#13109));
#13103=SURFACE_SIDE_STYLE('',(#13110));
#13104=SURFACE_SIDE_STYLE('',(#13111));
#13105=SURFACE_SIDE_STYLE('',(#13112));
#13106=SURFACE_STYLE_FILL_AREA(#13113);
#13107=SURFACE_STYLE_FILL_AREA(#13114);
#13108=SURFACE_STYLE_FILL_AREA(#13115);
#13109=SURFACE_STYLE_FILL_AREA(#13116);
#13110=SURFACE_STYLE_FILL_AREA(#13117);
#13111=SURFACE_STYLE_FILL_AREA(#13118);
#13112=SURFACE_STYLE_FILL_AREA(#13119);
#13113=FILL_AREA_STYLE('Steel - Satin',(#13120));
#13114=FILL_AREA_STYLE('Opaque(255,255,255) (1)',(#13121));
#13115=FILL_AREA_STYLE('Opaque(255,255,255) (2)',(#13122));
#13116=FILL_AREA_STYLE('Opaque(255,255,255)',(#13123));
#13117=FILL_AREA_STYLE('Opaque(255,255,255) (2)',(#13124));
#13118=FILL_AREA_STYLE('Opaque(255,255,255)',(#13125));
#13119=FILL_AREA_STYLE('Gold - Polished',(#13126));
#13120=FILL_AREA_STYLE_COLOUR('Steel - Satin',#13127);
#13121=FILL_AREA_STYLE_COLOUR('Opaque(255,255,255) (1)',#13128);
#13122=FILL_AREA_STYLE_COLOUR('Opaque(255,255,255) (2)',#13129);
#13123=FILL_AREA_STYLE_COLOUR('Opaque(255,255,255)',#13130);
#13124=FILL_AREA_STYLE_COLOUR('Opaque(255,255,255) (2)',#13131);
#13125=FILL_AREA_STYLE_COLOUR('Opaque(255,255,255)',#13132);
#13126=FILL_AREA_STYLE_COLOUR('Gold - Polished',#13133);
#13127=COLOUR_RGB('Steel - Satin',0.627450980392157,0.627450980392157,0.627450980392157);
#13128=COLOUR_RGB('Opaque(255,255,255) (1)',0.372549019607843,0.368627450980392,
0.368627450980392);
#13129=COLOUR_RGB('Opaque(255,255,255) (2)',0.941176470588235,0.729411764705882,
0.235294117647059);
#13130=COLOUR_RGB('Opaque(255,255,255)',0.952941176470588,0.564705882352941,
0.564705882352941);
#13131=COLOUR_RGB('Opaque(255,255,255) (2)',0.568627450980392,0.337254901960784,
0.101960784313725);
#13132=COLOUR_RGB('Opaque(255,255,255)',0.0352941176470588,0.482352941176471,
0.125490196078431);
#13133=COLOUR_RGB('Gold - Polished',0.956862745098039,0.898039215686275,
0.654901960784314);
ENDSEC;
END-ISO-10303-21;
